model,accuracy,weighted_f1,mae_bins
minnow,0.9775634517766497,0.9730015352666925,0.06395939086294417
fukui,0.7716751269035533,0.7505455187444704,0.3440609137055838
