model,accuracy,weighted_f1,mae_bins
minnow,0.9852525252525253,0.9808985649052436,0.015454545454545455
fukui,0.9266666666666666,0.9237915521083451,0.08959595959595959
