{"act0": [[-1.0, -0.858], [-0.858, -0.08199999999999996], [-0.08199999999999996, 0.10600000000000004], [0.10600000000000004, 0.32000000000000006], [0.32000000000000006, 0.896], [0.896, 1.0]], "act1": [[-1.0, -0.999], [-0.999, -0.618], [-0.618, -0.286], [-0.286, 0.605], [0.605, 0.917], [0.917, 0.999]], "CPUE": [[-1.0, -0.961], [-0.961, -0.96], [-0.96, -0.9359999999999999], [-0.9359999999999999, -0.9309999999999999], [-0.9309999999999999, -0.9289999999999999], [-0.9289999999999999, -0.8789999999999999]], "biomass": [[-1.0, -0.524], [-0.524, -0.46900000000000003], [-0.46900000000000003, -0.202], [-0.202, -0.201]]}