{"('act0', 'act1')_3": [[-1.0, -0.947], [-0.947, -0.8949999999999999], [-0.8949999999999999, -0.8429999999999999], [-0.8429999999999999, -0.040999999999999814], [-0.040999999999999814, 1.0]], "('act0', 'act1')_4": [[-1.0, -0.999], [-0.999, -0.998], [-0.998, -0.997], [-0.997, -0.404], [-0.404, 0.9999999999999999]], "('act0', 'act1')_5": [[-1.0, -0.996], [-0.996, -0.992], [-0.992, -0.988], [-0.988, -0.5640000000000001], [-0.5640000000000001, 1.001]], "('act0', 'act1')_6": [[-1.0, -0.999], [-0.999, -0.998], [-0.998, -0.997], [-0.997, -0.483], [-0.483, 1.0]], "('act0', 'act1')_7": [[-1.0, -0.976], [-0.976, -0.952], [-0.952, -0.9279999999999999], [-0.9279999999999999, -0.22699999999999998], [-0.22699999999999998, 0.999]], "('act0', 'act1')_8": [[-1.0, -0.997], [-0.997, -0.994], [-0.994, -0.991], [-0.991, -0.5289999999999999], [-0.5289999999999999, 1.0010000000000001]], "('act0', 'act1')_9": [[-1.0, -0.974], [-0.974, -0.956], [-0.956, -0.939], [-0.939, -0.30699999999999994], [-0.30699999999999994, 1.0]], "('act0', 'act1')_10": [[-1.0, -0.999], [-0.999, -0.998], [-0.998, -0.997], [-0.997, -0.8049999999999999], [-0.8049999999999999, 1.0]], "('act0', 'act1')_11": [[-1.0, -0.999], [-0.999, -0.998], [-0.998, -0.997], [-0.997, -0.669], [-0.669, 1.0]], "CPUE_3": [[-1.0, -0.966], [-0.966, -0.944], [-0.944, -0.9159999999999999], [-0.9159999999999999, -0.8879999999999999], [-0.8879999999999999, -0.8779999999999999]], "CPUE_4": [[-1.0, -0.973], [-0.973, -0.953], [-0.953, -0.9279999999999999], [-0.9279999999999999, -0.9019999999999999], [-0.9019999999999999, -0.8789999999999999]], "CPUE_5": [[-1.0, -0.983], [-0.983, -0.956], [-0.956, -0.9279999999999999], [-0.9279999999999999, -0.8999999999999999], [-0.8999999999999999, -0.8799999999999999]], "CPUE_6": [[-1.0, -0.99], [-0.99, -0.964], [-0.964, -0.9329999999999999], [-0.9329999999999999, -0.9019999999999999], [-0.9019999999999999, -0.8779999999999999]], "CPUE_7": [[-1.0, -0.976], [-0.976, -0.95], [-0.95, -0.9219999999999999], [-0.9219999999999999, -0.8939999999999999], [-0.8939999999999999, -0.8789999999999999]], "CPUE_8": [[-1.0, -0.961], [-0.961, -0.9359999999999999], [-0.9359999999999999, -0.9109999999999999], [-0.9109999999999999, -0.8829999999999999], [-0.8829999999999999, -0.8789999999999999]], "CPUE_9": [[-1.0, -0.995], [-0.995, -0.985], [-0.985, -0.958], [-0.958, -0.9149999999999999], [-0.9149999999999999, -0.8779999999999999]], "CPUE_10": [[-1.0, -0.982], [-0.982, -0.956], [-0.956, -0.9209999999999999], [-0.9209999999999999, -0.8849999999999999], [-0.8849999999999999, -0.8779999999999999]], "CPUE_11": [[-1.0, -0.983], [-0.983, -0.961], [-0.961, -0.9259999999999999], [-0.9259999999999999, -0.8889999999999999], [-0.8889999999999999, -0.8779999999999999]], "biomass_3": [[-1.0, -0.869], [-0.869, -0.616], [-0.616, -0.443], [-0.443, -0.232], [-0.232, -0.006000000000000005]], "biomass_4": [[-1.0, -0.83], [-0.83, -0.58], [-0.58, -0.4149999999999999], [-0.4149999999999999, -0.19399999999999992], [-0.19399999999999992, -0.006999999999999923]], "biomass_5": [[-1.0, -0.796], [-0.796, -0.561], [-0.561, -0.29300000000000004], [-0.29300000000000004, -0.025000000000000022], [-0.025000000000000022, -0.004000000000000021]], "biomass_6": [[-1.0, -0.759], [-0.759, -0.598], [-0.598, -0.32699999999999996], [-0.32699999999999996, -0.043999999999999984], [-0.043999999999999984, -0.0059999999999999845]], "biomass_7": [[-1.0, -0.62], [-0.62, -0.473], [-0.473, -0.251], [-0.251, -0.026999999999999996], [-0.026999999999999996, -0.006999999999999996]], "biomass_8": [[-1.0, -0.633], [-0.633, -0.459], [-0.459, -0.24800000000000003], [-0.24800000000000003, -0.02400000000000002], [-0.02400000000000002, -0.006000000000000023]], "biomass_9": [[-1.0, -0.609], [-0.609, -0.474], [-0.474, -0.266], [-0.266, -0.02400000000000002], [-0.02400000000000002, -0.005000000000000022]], "biomass_10": [[-1.0, -0.5549999999999999], [-0.5549999999999999, -0.48299999999999993], [-0.48299999999999993, -0.32899999999999996], [-0.32899999999999996, -0.07699999999999996], [-0.07699999999999996, -0.005999999999999964]], "biomass_11": [[-1.0, -0.914], [-0.914, -0.587], [-0.587, -0.413], [-0.413, -0.271], [-0.271, -0.0040000000000000036]]}