{"act0_3": [[-1.0, -0.928], [-0.928, -0.895], [-0.895, -0.17700000000000005], [-0.17700000000000005, 0.9989999999999999]], "act0_4": [[-1.0, -0.928], [-0.928, 0.396], [0.396, 0.48100000000000004], [0.48100000000000004, 0.9990000000000001]], "act0_5": [[-1.0, -0.928], [-0.928, -0.767], [-0.767, -0.361], [-0.361, 1.0]], "act0_6": [[-1.0, -0.842], [-0.842, 0.3690000000000001], [0.3690000000000001, 0.7370000000000001], [0.7370000000000001, 0.9990000000000001]], "act0_7": [[-1.0, -0.999], [-0.999, -0.828], [-0.828, 0.533], [0.533, 1.0010000000000001]], "act0_8": [[-1.0, -0.94], [-0.94, -0.748], [-0.748, -0.0030000000000000027], [-0.0030000000000000027, 0.9999999999999999]], "act0_9": [[-1.0, -0.9299999999999999], [-0.9299999999999999, -0.3679999999999999], [-0.3679999999999999, -0.14299999999999988], [-0.14299999999999988, 1.0000000000000002]], "act0_10": [[-1.0, -0.838], [-0.838, -0.128], [-0.128, 0.851], [0.851, 0.999]], "act0_11": [[-1.0, -0.94], [-0.94, -0.8929999999999999], [-0.8929999999999999, 0.6570000000000001], [0.6570000000000001, 1.0000000000000002]], "act1_3": [[-1.0, -0.999], [-0.999, -0.998], [-0.998, 0.07699999999999996], [0.07699999999999996, 1.0]], "act1_4": [[-1.0, 0.839], [0.839, 0.975], [0.975, 1.0], [1.0, 1.001]], "act1_5": [[-1.0, -0.46699999999999997], [-0.46699999999999997, -0.18999999999999995], [-0.18999999999999995, 0.45500000000000007], [0.45500000000000007, 1.0]], "act1_6": [[-1.0, -0.858], [-0.858, 0.731], [0.731, 0.9279999999999999], [0.9279999999999999, 0.9999999999999999]], "act1_7": [[-1.0, -0.629], [-0.629, 0.23399999999999999], [0.23399999999999999, 0.711], [0.711, 1.0]], "act1_8": [[-1.0, -0.999], [-0.999, -0.493], [-0.493, 0.399], [0.399, 1.001]], "act1_9": [[-1.0, -0.8029999999999999], [-0.8029999999999999, -0.506], [-0.506, -0.324], [-0.324, 1.0]], "act1_10": [[-1.0, 0.040000000000000036], [0.040000000000000036, 0.34400000000000003], [0.34400000000000003, 0.49], [0.49, 1.0]], "act1_11": [[-1.0, -0.04200000000000004], [-0.04200000000000004, -0.021000000000000036], [-0.021000000000000036, 0.822], [0.822, 1.0]], "CPUE_3": [[-1.0, -0.999], [-0.999, -0.998], [-0.998, -0.954], [-0.954, -0.879]], "CPUE_4": [[-1.0, -0.978], [-0.978, -0.939], [-0.939, -0.9249999999999999], [-0.9249999999999999, -0.8799999999999999]], "CPUE_5": [[-1.0, -0.998], [-0.998, -0.988], [-0.988, -0.94], [-0.94, -0.879]], "CPUE_6": [[-1.0, -0.983], [-0.983, -0.954], [-0.954, -0.9259999999999999], [-0.9259999999999999, -0.8789999999999999]], "CPUE_7": [[-1.0, -0.977], [-0.977, -0.907], [-0.907, -0.902], [-0.902, -0.879]], "CPUE_8": [[-1.0, -0.96], [-0.96, -0.9129999999999999], [-0.9129999999999999, -0.8949999999999999], [-0.8949999999999999, -0.8779999999999999]], "CPUE_9": [[-1.0, -0.95], [-0.95, -0.9209999999999999], [-0.9209999999999999, -0.9049999999999999], [-0.9049999999999999, -0.8779999999999999]], "CPUE_10": [[-1.0, -0.942], [-0.942, -0.9239999999999999], [-0.9239999999999999, -0.9089999999999999], [-0.9089999999999999, -0.8799999999999999]], "CPUE_11": [[-1.0, -0.946], [-0.946, -0.945], [-0.945, -0.9359999999999999], [-0.9359999999999999, -0.8789999999999999]], "biomass_3": [[-1.0, -0.773], [-0.773, -0.659], [-0.659, -0.11099999999999999], [-0.11099999999999999, -0.0059999999999999915]], "biomass_4": [[-1.0, -0.926], [-0.926, -0.786], [-0.786, -0.635], [-0.635, -0.007000000000000006]], "biomass_5": [[-1.0, -0.385], [-0.385, -0.384], [-0.384, -0.152], [-0.152, -0.006000000000000005]], "biomass_6": [[-1.0, -0.955], [-0.955, -0.473], [-0.473, -0.014999999999999958], [-0.014999999999999958, -0.006999999999999958]], "biomass_7": [[-1.0, -0.642], [-0.642, -0.526], [-0.526, -0.30400000000000005], [-0.30400000000000005, -0.00500000000000006]], "biomass_8": [[-1.0, -0.634], [-0.634, -0.459], [-0.459, -0.24400000000000002], [-0.24400000000000002, -0.007000000000000034]], "biomass_9": [[-1.0, -0.61], [-0.61, -0.32], [-0.32, -0.04199999999999998], [-0.04199999999999998, -0.0059999999999999845]], "biomass_10": [[-1.0, -0.5609999999999999], [-0.5609999999999999, -0.5049999999999999], [-0.5049999999999999, -0.3059999999999999], [-0.3059999999999999, -0.006999999999999895]], "biomass_11": [[-1.0, -0.507], [-0.507, -0.506], [-0.506, -0.191], [-0.191, -0.006000000000000005]]}