t,crabs,months,act0,act1,rew,rep,crab_pop,nonlocal_crab
99,[-0.9849386  -0.62671536],5,-0.9640276,-0.11569941,-10.433205188915942,0,"[9.64340015e-29 4.74839720e-21 1.45871840e-14 2.83113485e-09
 3.55438569e-05 3.05910395e-02 2.23053670e+00 2.81087501e+01
 1.52407357e+02 4.81758192e+02 9.08631440e+02 1.02518986e+03
 7.21794950e+02 4.00626349e+02 2.60382829e+02 1.87536494e+02
 1.01696728e+02 3.55115293e+01 7.79833275e+00 1.02351179e+00
 5.30097730e-02 4.11815433e-04]","[83547.96886933 39938.44376778 65923.18095353  6163.83542811
  5889.23172277  7597.16121379  5458.97519996  6260.41852912
  5889.43903787 60124.54262232 58707.18786805  5851.43124533
  6672.55804452  5899.10351205]"
99,[-0.9824813  -0.60076964],5,-0.9640276,-0.11569941,-15.234611361417384,1,"[2.42993351e-29 1.16515323e-20 1.51444887e-13 5.44987094e-08
 5.68323918e-04 2.01672696e-01 5.68903453e+00 5.49755763e+01
 2.70686925e+02 7.13850065e+02 1.11436635e+03 1.02980896e+03
 6.08496984e+02 3.79546299e+02 3.75145906e+02 3.20774665e+02
 1.89382973e+02 7.20968908e+01 1.65921891e+01 2.19324415e+00
 9.75254005e-02 3.26570717e-04]","[83547.96886933 39938.44376778 65923.18095353  6163.83542811
  5889.23172277  7597.16121379  5458.97519996  6260.41852912
  5889.43903787 60124.54262232 58707.18786805  5851.43124533
  6672.55804452  5899.10351205 54901.18107663  3644.02490659
 46254.96031654 19807.2909378   2326.02524704  5792.77152185
  5536.91404979  4654.00774886 67877.14051554  4136.45819079
 50771.22458257 14525.05551296  4539.41232926  5611.64923112]"
99,[-0.98688823 -0.68060994],5,-0.9640276,0.074012265,-6.623364814095687,2,"[1.38657755e-27 8.22545462e-20 2.38157295e-13 3.42165805e-08
 2.52396651e-04 1.05802903e-01 3.84306879e+00 3.42141696e+01
 1.58611563e+02 4.50437534e+02 7.65679376e+02 7.67532110e+02
 4.87313105e+02 2.36383692e+02 1.31726163e+02 8.74844876e+01
 4.66711504e+01 1.73308599e+01 5.00815013e+00 7.60924931e-01
 3.16932536e-02 1.38230025e-04]","[83547.96886933 39938.44376778 65923.18095353  6163.83542811
  5889.23172277  7597.16121379  5458.97519996  6260.41852912
  5889.43903787 60124.54262232 58707.18786805  5851.43124533
  6672.55804452  5899.10351205 54901.18107663  3644.02490659
 46254.96031654 19807.2909378   2326.02524704  5792.77152185
  5536.91404979  4654.00774886 67877.14051554  4136.45819079
 50771.22458257 14525.05551296  4539.41232926  5611.64923112
 61710.14521746  5713.59164764  6604.00346429  5830.8603772
  6564.76914371  6377.22090496  5261.8198347   6415.79012758
  6826.53181201 71882.37922307  5220.40878053  4181.49942301
  6950.7292965   4209.29943777]"
99,[-0.9859918 -0.6660732],5,-0.9640276,-0.11569941,-5.838046009715654,3,"[1.62869707e-32 5.03345260e-23 3.13372778e-15 4.01150110e-09
 1.10252899e-04 7.55214901e-02 3.12996793e+00 3.82979531e+01
 2.18491587e+02 6.58041037e+02 1.07470830e+03 9.57791085e+02
 5.00146045e+02 2.49071920e+02 2.14859935e+02 1.75690508e+02
 8.99085348e+01 2.78433363e+01 5.59481799e+00 3.14641776e-01
 8.81850809e-04 6.19035625e-08]","[83547.96886933 39938.44376778 65923.18095353  6163.83542811
  5889.23172277  7597.16121379  5458.97519996  6260.41852912
  5889.43903787 60124.54262232 58707.18786805  5851.43124533
  6672.55804452  5899.10351205 54901.18107663  3644.02490659
 46254.96031654 19807.2909378   2326.02524704  5792.77152185
  5536.91404979  4654.00774886 67877.14051554  4136.45819079
 50771.22458257 14525.05551296  4539.41232926  5611.64923112
 61710.14521746  5713.59164764  6604.00346429  5830.8603772
  6564.76914371  6377.22090496  5261.8198347   6415.79012758
  6826.53181201 71882.37922307  5220.40878053  4181.49942301
  6950.7292965   4209.29943777  6043.26148879  6363.75416409
  6528.94947514  5421.49321377  6261.70483867  5271.17125533
  6332.14933623 58087.13920582  6123.14023328  6213.84116313
  5735.30728358  6108.2260058   6104.30179036  5702.85663063]"
99,[-0.9862759 -0.6760475],5,-0.9640276,0.074012265,-7.9258355942595795,4,"[8.77782033e-18 3.64329011e-12 1.02768132e-07 2.10011084e-04
 4.16947180e-02 1.71354453e+00 2.01462899e+01 1.02067100e+02
 3.33294406e+02 6.95026167e+02 9.48306891e+02 8.30098719e+02
 4.86486364e+02 2.56825556e+02 1.67062188e+02 1.19855131e+02
 7.01305587e+01 2.72198954e+01 6.75489198e+00 1.02242855e+00
 6.05267754e-02 5.52198132e-04]","[83547.96886933 39938.44376778 65923.18095353  6163.83542811
  5889.23172277  7597.16121379  5458.97519996  6260.41852912
  5889.43903787 60124.54262232 58707.18786805  5851.43124533
  6672.55804452  5899.10351205 54901.18107663  3644.02490659
 46254.96031654 19807.2909378   2326.02524704  5792.77152185
  5536.91404979  4654.00774886 67877.14051554  4136.45819079
 50771.22458257 14525.05551296  4539.41232926  5611.64923112
 61710.14521746  5713.59164764  6604.00346429  5830.8603772
  6564.76914371  6377.22090496  5261.8198347   6415.79012758
  6826.53181201 71882.37922307  5220.40878053  4181.49942301
  6950.7292965   4209.29943777  6043.26148879  6363.75416409
  6528.94947514  5421.49321377  6261.70483867  5271.17125533
  6332.14933623 58087.13920582  6123.14023328  6213.84116313
  5735.30728358  6108.2260058   6104.30179036  5702.85663063
  5188.08767313  7075.37523684 50842.68861214  4397.65102915
  6367.9726269   5206.98232144  5174.84663118  6228.96789701
  5050.79170005 60536.4950898  52610.9322741   5909.39309048
  6136.13349432 54368.42959847]"
99,[-0.98774695 -0.63370395],5,-0.9640276,-0.11569941,-9.277891373029288,5,"[9.72243302e-24 1.21865617e-16 7.57992989e-11 2.39310126e-06
 4.04319587e-03 4.44078280e-01 6.78919555e+00 4.14939022e+01
 1.59844782e+02 4.05174732e+02 6.20897001e+02 5.86943795e+02
 3.81335063e+02 2.26083139e+02 1.74478310e+02 1.39306771e+02
 8.10002957e+01 3.09110810e+01 8.16750142e+00 1.19312621e+00
 6.02816632e-02 4.03136994e-04]","[83547.96886933 39938.44376778 65923.18095353  6163.83542811
  5889.23172277  7597.16121379  5458.97519996  6260.41852912
  5889.43903787 60124.54262232 58707.18786805  5851.43124533
  6672.55804452  5899.10351205 54901.18107663  3644.02490659
 46254.96031654 19807.2909378   2326.02524704  5792.77152185
  5536.91404979  4654.00774886 67877.14051554  4136.45819079
 50771.22458257 14525.05551296  4539.41232926  5611.64923112
 61710.14521746  5713.59164764  6604.00346429  5830.8603772
  6564.76914371  6377.22090496  5261.8198347   6415.79012758
  6826.53181201 71882.37922307  5220.40878053  4181.49942301
  6950.7292965   4209.29943777  6043.26148879  6363.75416409
  6528.94947514  5421.49321377  6261.70483867  5271.17125533
  6332.14933623 58087.13920582  6123.14023328  6213.84116313
  5735.30728358  6108.2260058   6104.30179036  5702.85663063
  5188.08767313  7075.37523684 50842.68861214  4397.65102915
  6367.9726269   5206.98232144  5174.84663118  6228.96789701
  5050.79170005 60536.4950898  52610.9322741   5909.39309048
  6136.13349432 54368.42959847  5570.92941356  5611.58667665
  5665.99588761  5848.2613159  70508.76877362 56190.22131395
  6291.89627344  6033.13682373  6954.98415103  4960.59314019
 75418.2315406  51359.38950928  4930.31862205  6211.53141983]"
99,[-0.9860774  -0.65763384],5,-0.9640276,-0.11569941,-6.79586359988358,6,"[4.56688138e-23 4.70931916e-16 2.34726929e-10 5.79526790e-06
 7.52172968e-03 6.48302309e-01 8.80311740e+00 4.78597463e+01
 1.63838756e+02 3.91638748e+02 6.30874930e+02 7.14940508e+02
 5.65140767e+02 3.07336486e+02 1.34768549e+02 6.67579500e+01
 2.90497219e+01 9.34983961e+00 2.63955604e+00 2.75154490e-01
 2.87704732e-03 1.79371764e-06]","[83547.96886933 39938.44376778 65923.18095353  6163.83542811
  5889.23172277  7597.16121379  5458.97519996  6260.41852912
  5889.43903787 60124.54262232 58707.18786805  5851.43124533
  6672.55804452  5899.10351205 54901.18107663  3644.02490659
 46254.96031654 19807.2909378   2326.02524704  5792.77152185
  5536.91404979  4654.00774886 67877.14051554  4136.45819079
 50771.22458257 14525.05551296  4539.41232926  5611.64923112
 61710.14521746  5713.59164764  6604.00346429  5830.8603772
  6564.76914371  6377.22090496  5261.8198347   6415.79012758
  6826.53181201 71882.37922307  5220.40878053  4181.49942301
  6950.7292965   4209.29943777  6043.26148879  6363.75416409
  6528.94947514  5421.49321377  6261.70483867  5271.17125533
  6332.14933623 58087.13920582  6123.14023328  6213.84116313
  5735.30728358  6108.2260058   6104.30179036  5702.85663063
  5188.08767313  7075.37523684 50842.68861214  4397.65102915
  6367.9726269   5206.98232144  5174.84663118  6228.96789701
  5050.79170005 60536.4950898  52610.9322741   5909.39309048
  6136.13349432 54368.42959847  5570.92941356  5611.58667665
  5665.99588761  5848.2613159  70508.76877362 56190.22131395
  6291.89627344  6033.13682373  6954.98415103  4960.59314019
 75418.2315406  51359.38950928  4930.31862205  6211.53141983
  7569.66145263  5905.22793962  5941.97319294  5713.54773683
  8099.39716895  4559.26102379  6003.30309475  5399.67422301
  6425.04099574 59913.569667   55774.90426462  7056.23150718
 69129.28546558  6221.22003208]"
99,[-0.9865871 -0.6756472],5,-0.9640276,0.074012265,-6.947343392431469,7,"[2.24293981e-15 4.38103892e-10 5.32082617e-06 4.35345914e-03
 3.34769367e-01 5.69782241e+00 4.16063393e+01 1.66192534e+02
 4.03767219e+02 6.94184717e+02 9.05546563e+02 8.76737159e+02
 6.27416787e+02 3.63836269e+02 2.12215224e+02 1.27370582e+02
 5.92256759e+01 1.94154089e+01 4.18795787e+00 6.04559731e-01
 2.84831725e-02 1.49793044e-04]","[83547.96886933 39938.44376778 65923.18095353  6163.83542811
  5889.23172277  7597.16121379  5458.97519996  6260.41852912
  5889.43903787 60124.54262232 58707.18786805  5851.43124533
  6672.55804452  5899.10351205 54901.18107663  3644.02490659
 46254.96031654 19807.2909378   2326.02524704  5792.77152185
  5536.91404979  4654.00774886 67877.14051554  4136.45819079
 50771.22458257 14525.05551296  4539.41232926  5611.64923112
 61710.14521746  5713.59164764  6604.00346429  5830.8603772
  6564.76914371  6377.22090496  5261.8198347   6415.79012758
  6826.53181201 71882.37922307  5220.40878053  4181.49942301
  6950.7292965   4209.29943777  6043.26148879  6363.75416409
  6528.94947514  5421.49321377  6261.70483867  5271.17125533
  6332.14933623 58087.13920582  6123.14023328  6213.84116313
  5735.30728358  6108.2260058   6104.30179036  5702.85663063
  5188.08767313  7075.37523684 50842.68861214  4397.65102915
  6367.9726269   5206.98232144  5174.84663118  6228.96789701
  5050.79170005 60536.4950898  52610.9322741   5909.39309048
  6136.13349432 54368.42959847  5570.92941356  5611.58667665
  5665.99588761  5848.2613159  70508.76877362 56190.22131395
  6291.89627344  6033.13682373  6954.98415103  4960.59314019
 75418.2315406  51359.38950928  4930.31862205  6211.53141983
  7569.66145263  5905.22793962  5941.97319294  5713.54773683
  8099.39716895  4559.26102379  6003.30309475  5399.67422301
  6425.04099574 59913.569667   55774.90426462  7056.23150718
 69129.28546558  6221.22003208  4698.64588263  8203.30996647
  6211.69854694  6275.47743517  5369.89904972  5140.17847673
  7392.423234    5648.44767615  6293.70391854  5888.87003538
  6792.11308756 67376.6673631  48727.71696867  5016.65873399]"
99,[-0.9847715 -0.6730703],5,-0.9640276,0.074012265,-7.230299602582513,8,"[1.20629824e-27 4.05536123e-19 3.27018168e-12 6.48860715e-07
 3.35544977e-03 5.60753943e-01 8.95296096e+00 6.39476672e+01
 2.80702429e+02 7.10198337e+02 1.02868271e+03 8.97489108e+02
 5.08737929e+02 2.53431201e+02 1.77981428e+02 1.29906308e+02
 6.67056488e+01 2.28108415e+01 5.02501256e+00 3.39407991e-01
 1.39854247e-03 1.72566306e-07]","[83547.96886933 39938.44376778 65923.18095353  6163.83542811
  5889.23172277  7597.16121379  5458.97519996  6260.41852912
  5889.43903787 60124.54262232 58707.18786805  5851.43124533
  6672.55804452  5899.10351205 54901.18107663  3644.02490659
 46254.96031654 19807.2909378   2326.02524704  5792.77152185
  5536.91404979  4654.00774886 67877.14051554  4136.45819079
 50771.22458257 14525.05551296  4539.41232926  5611.64923112
 61710.14521746  5713.59164764  6604.00346429  5830.8603772
  6564.76914371  6377.22090496  5261.8198347   6415.79012758
  6826.53181201 71882.37922307  5220.40878053  4181.49942301
  6950.7292965   4209.29943777  6043.26148879  6363.75416409
  6528.94947514  5421.49321377  6261.70483867  5271.17125533
  6332.14933623 58087.13920582  6123.14023328  6213.84116313
  5735.30728358  6108.2260058   6104.30179036  5702.85663063
  5188.08767313  7075.37523684 50842.68861214  4397.65102915
  6367.9726269   5206.98232144  5174.84663118  6228.96789701
  5050.79170005 60536.4950898  52610.9322741   5909.39309048
  6136.13349432 54368.42959847  5570.92941356  5611.58667665
  5665.99588761  5848.2613159  70508.76877362 56190.22131395
  6291.89627344  6033.13682373  6954.98415103  4960.59314019
 75418.2315406  51359.38950928  4930.31862205  6211.53141983
  7569.66145263  5905.22793962  5941.97319294  5713.54773683
  8099.39716895  4559.26102379  6003.30309475  5399.67422301
  6425.04099574 59913.569667   55774.90426462  7056.23150718
 69129.28546558  6221.22003208  4698.64588263  8203.30996647
  6211.69854694  6275.47743517  5369.89904972  5140.17847673
  7392.423234    5648.44767615  6293.70391854  5888.87003538
  6792.11308756 67376.6673631  48727.71696867  5016.65873399
 62720.26088186  5245.71987567  6258.26304316  7140.7560424
  4612.92161541 65192.05811908  4422.95187789  7069.42072705
  4704.67299248  6847.4246812   6450.85079006  5760.61518304
  6818.26680066  5729.98689979]"
99,[-0.98764664 -0.64299107],5,-0.9640276,-0.11569941,-6.061519967551303,9,"[4.18320473e-13 6.97838152e-09 1.38759725e-05 3.51482088e-03
 1.39918711e-01 1.62249239e+00 1.24763523e+01 6.33556909e+01
 1.91655723e+02 4.03577648e+02 5.96291953e+02 6.07231289e+02
 4.45296706e+02 2.92199459e+02 2.12287439e+02 1.49266678e+02
 8.39796823e+01 3.46010990e+01 1.14937206e+01 2.24336834e+00
 1.44253294e-01 1.76752954e-03]","[83547.96886933 39938.44376778 65923.18095353  6163.83542811
  5889.23172277  7597.16121379  5458.97519996  6260.41852912
  5889.43903787 60124.54262232 58707.18786805  5851.43124533
  6672.55804452  5899.10351205 54901.18107663  3644.02490659
 46254.96031654 19807.2909378   2326.02524704  5792.77152185
  5536.91404979  4654.00774886 67877.14051554  4136.45819079
 50771.22458257 14525.05551296  4539.41232926  5611.64923112
 61710.14521746  5713.59164764  6604.00346429  5830.8603772
  6564.76914371  6377.22090496  5261.8198347   6415.79012758
  6826.53181201 71882.37922307  5220.40878053  4181.49942301
  6950.7292965   4209.29943777  6043.26148879  6363.75416409
  6528.94947514  5421.49321377  6261.70483867  5271.17125533
  6332.14933623 58087.13920582  6123.14023328  6213.84116313
  5735.30728358  6108.2260058   6104.30179036  5702.85663063
  5188.08767313  7075.37523684 50842.68861214  4397.65102915
  6367.9726269   5206.98232144  5174.84663118  6228.96789701
  5050.79170005 60536.4950898  52610.9322741   5909.39309048
  6136.13349432 54368.42959847  5570.92941356  5611.58667665
  5665.99588761  5848.2613159  70508.76877362 56190.22131395
  6291.89627344  6033.13682373  6954.98415103  4960.59314019
 75418.2315406  51359.38950928  4930.31862205  6211.53141983
  7569.66145263  5905.22793962  5941.97319294  5713.54773683
  8099.39716895  4559.26102379  6003.30309475  5399.67422301
  6425.04099574 59913.569667   55774.90426462  7056.23150718
 69129.28546558  6221.22003208  4698.64588263  8203.30996647
  6211.69854694  6275.47743517  5369.89904972  5140.17847673
  7392.423234    5648.44767615  6293.70391854  5888.87003538
  6792.11308756 67376.6673631  48727.71696867  5016.65873399
 62720.26088186  5245.71987567  6258.26304316  7140.7560424
  4612.92161541 65192.05811908  4422.95187789  7069.42072705
  4704.67299248  6847.4246812   6450.85079006  5760.61518304
  6818.26680066  5729.98689979  6476.25324001 57731.21185883
  6640.38345825  5587.29762193  6027.45174364  5477.98105654
  6865.52673133  5409.16181687  6211.35354673  6130.37793436
  6489.47941852  6473.91097966  4317.99948832  5637.64072182]"
99,[-0.9860586 -0.6448479],5,-0.9640276,-0.11569941,-7.331744502122248,10,"[1.13648964e-33 5.26932171e-24 4.84589166e-16 9.01299446e-10
 3.53379606e-05 3.42218005e-02 2.20330602e+00 3.44797298e+01
 1.93469041e+02 5.94778500e+02 9.93744819e+02 9.31922987e+02
 5.14147225e+02 2.68242821e+02 2.49179210e+02 2.01861648e+02
 1.02213730e+02 3.05982938e+01 5.18204389e+00 7.21787876e-01
 2.83945725e-02 4.75538497e-05]","[83547.96886933 39938.44376778 65923.18095353  6163.83542811
  5889.23172277  7597.16121379  5458.97519996  6260.41852912
  5889.43903787 60124.54262232 58707.18786805  5851.43124533
  6672.55804452  5899.10351205 54901.18107663  3644.02490659
 46254.96031654 19807.2909378   2326.02524704  5792.77152185
  5536.91404979  4654.00774886 67877.14051554  4136.45819079
 50771.22458257 14525.05551296  4539.41232926  5611.64923112
 61710.14521746  5713.59164764  6604.00346429  5830.8603772
  6564.76914371  6377.22090496  5261.8198347   6415.79012758
  6826.53181201 71882.37922307  5220.40878053  4181.49942301
  6950.7292965   4209.29943777  6043.26148879  6363.75416409
  6528.94947514  5421.49321377  6261.70483867  5271.17125533
  6332.14933623 58087.13920582  6123.14023328  6213.84116313
  5735.30728358  6108.2260058   6104.30179036  5702.85663063
  5188.08767313  7075.37523684 50842.68861214  4397.65102915
  6367.9726269   5206.98232144  5174.84663118  6228.96789701
  5050.79170005 60536.4950898  52610.9322741   5909.39309048
  6136.13349432 54368.42959847  5570.92941356  5611.58667665
  5665.99588761  5848.2613159  70508.76877362 56190.22131395
  6291.89627344  6033.13682373  6954.98415103  4960.59314019
 75418.2315406  51359.38950928  4930.31862205  6211.53141983
  7569.66145263  5905.22793962  5941.97319294  5713.54773683
  8099.39716895  4559.26102379  6003.30309475  5399.67422301
  6425.04099574 59913.569667   55774.90426462  7056.23150718
 69129.28546558  6221.22003208  4698.64588263  8203.30996647
  6211.69854694  6275.47743517  5369.89904972  5140.17847673
  7392.423234    5648.44767615  6293.70391854  5888.87003538
  6792.11308756 67376.6673631  48727.71696867  5016.65873399
 62720.26088186  5245.71987567  6258.26304316  7140.7560424
  4612.92161541 65192.05811908  4422.95187789  7069.42072705
  4704.67299248  6847.4246812   6450.85079006  5760.61518304
  6818.26680066  5729.98689979  6476.25324001 57731.21185883
  6640.38345825  5587.29762193  6027.45174364  5477.98105654
  6865.52673133  5409.16181687  6211.35354673  6130.37793436
  6489.47941852  6473.91097966  4317.99948832  5637.64072182
  6252.74631755  5234.86054389  6364.46752703  6356.36031718
  5522.40553595 63915.8736663   4501.46337156  4963.51901014
  7176.82900779  5813.71682122  5514.03969812 71389.43093784
  4716.69258408  5871.87158236]"
99,[-0.984671 -0.651434],5,-0.9640276,-0.11569941,-6.984638312323169,11,"[3.60394804e-22 7.18236484e-16 1.09719964e-10 1.31369156e-06
 1.31375649e-03 1.41865018e-01 3.37831223e+00 3.26291299e+01
 1.55650127e+02 4.26084722e+02 7.55472474e+02 8.60350812e+02
 6.10070005e+02 2.94760544e+02 1.50371889e+02 9.95697861e+01
 5.38738897e+01 1.99530195e+01 5.56014038e+00 9.14952226e-01
 5.35134478e-02 5.14078832e-04]","[83547.96886933 39938.44376778 65923.18095353  6163.83542811
  5889.23172277  7597.16121379  5458.97519996  6260.41852912
  5889.43903787 60124.54262232 58707.18786805  5851.43124533
  6672.55804452  5899.10351205 54901.18107663  3644.02490659
 46254.96031654 19807.2909378   2326.02524704  5792.77152185
  5536.91404979  4654.00774886 67877.14051554  4136.45819079
 50771.22458257 14525.05551296  4539.41232926  5611.64923112
 61710.14521746  5713.59164764  6604.00346429  5830.8603772
  6564.76914371  6377.22090496  5261.8198347   6415.79012758
  6826.53181201 71882.37922307  5220.40878053  4181.49942301
  6950.7292965   4209.29943777  6043.26148879  6363.75416409
  6528.94947514  5421.49321377  6261.70483867  5271.17125533
  6332.14933623 58087.13920582  6123.14023328  6213.84116313
  5735.30728358  6108.2260058   6104.30179036  5702.85663063
  5188.08767313  7075.37523684 50842.68861214  4397.65102915
  6367.9726269   5206.98232144  5174.84663118  6228.96789701
  5050.79170005 60536.4950898  52610.9322741   5909.39309048
  6136.13349432 54368.42959847  5570.92941356  5611.58667665
  5665.99588761  5848.2613159  70508.76877362 56190.22131395
  6291.89627344  6033.13682373  6954.98415103  4960.59314019
 75418.2315406  51359.38950928  4930.31862205  6211.53141983
  7569.66145263  5905.22793962  5941.97319294  5713.54773683
  8099.39716895  4559.26102379  6003.30309475  5399.67422301
  6425.04099574 59913.569667   55774.90426462  7056.23150718
 69129.28546558  6221.22003208  4698.64588263  8203.30996647
  6211.69854694  6275.47743517  5369.89904972  5140.17847673
  7392.423234    5648.44767615  6293.70391854  5888.87003538
  6792.11308756 67376.6673631  48727.71696867  5016.65873399
 62720.26088186  5245.71987567  6258.26304316  7140.7560424
  4612.92161541 65192.05811908  4422.95187789  7069.42072705
  4704.67299248  6847.4246812   6450.85079006  5760.61518304
  6818.26680066  5729.98689979  6476.25324001 57731.21185883
  6640.38345825  5587.29762193  6027.45174364  5477.98105654
  6865.52673133  5409.16181687  6211.35354673  6130.37793436
  6489.47941852  6473.91097966  4317.99948832  5637.64072182
  6252.74631755  5234.86054389  6364.46752703  6356.36031718
  5522.40553595 63915.8736663   4501.46337156  4963.51901014
  7176.82900779  5813.71682122  5514.03969812 71389.43093784
  4716.69258408  5871.87158236  6981.21257107 53748.51063596
 57588.82048271  7078.20722396  6625.42956303  6258.6202583
  4663.56583843  6021.53803356  5734.99553182  4908.26365053
  6761.34003151 57005.77886706  6771.51782397  5247.26891981]"
99,[-0.9852395 -0.6713413],5,-0.9640276,0.074012265,-7.266708413488399,12,"[4.14426594e-16 8.45114267e-11 1.23329659e-06 1.35017308e-03
 1.29760701e-01 1.96575115e+00 1.44006348e+01 7.75161034e+01
 2.70019405e+02 6.01877033e+02 8.51657745e+02 7.87220437e+02
 5.26323226e+02 3.10470435e+02 2.11895621e+02 1.44882237e+02
 7.50245126e+01 2.78548861e+01 6.72481565e+00 9.79647123e-01
 5.83198940e-02 5.49972737e-04]","[83547.96886933 39938.44376778 65923.18095353  6163.83542811
  5889.23172277  7597.16121379  5458.97519996  6260.41852912
  5889.43903787 60124.54262232 58707.18786805  5851.43124533
  6672.55804452  5899.10351205 54901.18107663  3644.02490659
 46254.96031654 19807.2909378   2326.02524704  5792.77152185
  5536.91404979  4654.00774886 67877.14051554  4136.45819079
 50771.22458257 14525.05551296  4539.41232926  5611.64923112
 61710.14521746  5713.59164764  6604.00346429  5830.8603772
  6564.76914371  6377.22090496  5261.8198347   6415.79012758
  6826.53181201 71882.37922307  5220.40878053  4181.49942301
  6950.7292965   4209.29943777  6043.26148879  6363.75416409
  6528.94947514  5421.49321377  6261.70483867  5271.17125533
  6332.14933623 58087.13920582  6123.14023328  6213.84116313
  5735.30728358  6108.2260058   6104.30179036  5702.85663063
  5188.08767313  7075.37523684 50842.68861214  4397.65102915
  6367.9726269   5206.98232144  5174.84663118  6228.96789701
  5050.79170005 60536.4950898  52610.9322741   5909.39309048
  6136.13349432 54368.42959847  5570.92941356  5611.58667665
  5665.99588761  5848.2613159  70508.76877362 56190.22131395
  6291.89627344  6033.13682373  6954.98415103  4960.59314019
 75418.2315406  51359.38950928  4930.31862205  6211.53141983
  7569.66145263  5905.22793962  5941.97319294  5713.54773683
  8099.39716895  4559.26102379  6003.30309475  5399.67422301
  6425.04099574 59913.569667   55774.90426462  7056.23150718
 69129.28546558  6221.22003208  4698.64588263  8203.30996647
  6211.69854694  6275.47743517  5369.89904972  5140.17847673
  7392.423234    5648.44767615  6293.70391854  5888.87003538
  6792.11308756 67376.6673631  48727.71696867  5016.65873399
 62720.26088186  5245.71987567  6258.26304316  7140.7560424
  4612.92161541 65192.05811908  4422.95187789  7069.42072705
  4704.67299248  6847.4246812   6450.85079006  5760.61518304
  6818.26680066  5729.98689979  6476.25324001 57731.21185883
  6640.38345825  5587.29762193  6027.45174364  5477.98105654
  6865.52673133  5409.16181687  6211.35354673  6130.37793436
  6489.47941852  6473.91097966  4317.99948832  5637.64072182
  6252.74631755  5234.86054389  6364.46752703  6356.36031718
  5522.40553595 63915.8736663   4501.46337156  4963.51901014
  7176.82900779  5813.71682122  5514.03969812 71389.43093784
  4716.69258408  5871.87158236  6981.21257107 53748.51063596
 57588.82048271  7078.20722396  6625.42956303  6258.6202583
  4663.56583843  6021.53803356  5734.99553182  4908.26365053
  6761.34003151 57005.77886706  6771.51782397  5247.26891981
 60182.40803969  6348.50503989  5875.60946929  5647.27316049
  6730.35732859  5748.18463211  5219.48593765  5348.82750714
 70654.3149017   6504.68148373 62696.96359123  6090.08909732
  6444.50673395  5863.48670414]"
99,[-0.9880646  -0.71166533],5,-0.9640276,0.074012265,-6.264978578775747,13,"[6.28984932e-17 1.34763139e-11 2.46353090e-07 4.03676174e-04
 7.14996717e-02 2.38370992e+00 2.54561111e+01 1.14095941e+02
 2.93391721e+02 5.26569860e+02 6.59903034e+02 5.45236159e+02
 3.24165586e+02 1.69259581e+02 1.00087667e+02 6.76122394e+01
 3.86723968e+01 1.53599780e+01 3.31332595e+00 2.56966159e-01
 3.67246419e-03 5.71091522e-06]","[83547.96886933 39938.44376778 65923.18095353  6163.83542811
  5889.23172277  7597.16121379  5458.97519996  6260.41852912
  5889.43903787 60124.54262232 58707.18786805  5851.43124533
  6672.55804452  5899.10351205 54901.18107663  3644.02490659
 46254.96031654 19807.2909378   2326.02524704  5792.77152185
  5536.91404979  4654.00774886 67877.14051554  4136.45819079
 50771.22458257 14525.05551296  4539.41232926  5611.64923112
 61710.14521746  5713.59164764  6604.00346429  5830.8603772
  6564.76914371  6377.22090496  5261.8198347   6415.79012758
  6826.53181201 71882.37922307  5220.40878053  4181.49942301
  6950.7292965   4209.29943777  6043.26148879  6363.75416409
  6528.94947514  5421.49321377  6261.70483867  5271.17125533
  6332.14933623 58087.13920582  6123.14023328  6213.84116313
  5735.30728358  6108.2260058   6104.30179036  5702.85663063
  5188.08767313  7075.37523684 50842.68861214  4397.65102915
  6367.9726269   5206.98232144  5174.84663118  6228.96789701
  5050.79170005 60536.4950898  52610.9322741   5909.39309048
  6136.13349432 54368.42959847  5570.92941356  5611.58667665
  5665.99588761  5848.2613159  70508.76877362 56190.22131395
  6291.89627344  6033.13682373  6954.98415103  4960.59314019
 75418.2315406  51359.38950928  4930.31862205  6211.53141983
  7569.66145263  5905.22793962  5941.97319294  5713.54773683
  8099.39716895  4559.26102379  6003.30309475  5399.67422301
  6425.04099574 59913.569667   55774.90426462  7056.23150718
 69129.28546558  6221.22003208  4698.64588263  8203.30996647
  6211.69854694  6275.47743517  5369.89904972  5140.17847673
  7392.423234    5648.44767615  6293.70391854  5888.87003538
  6792.11308756 67376.6673631  48727.71696867  5016.65873399
 62720.26088186  5245.71987567  6258.26304316  7140.7560424
  4612.92161541 65192.05811908  4422.95187789  7069.42072705
  4704.67299248  6847.4246812   6450.85079006  5760.61518304
  6818.26680066  5729.98689979  6476.25324001 57731.21185883
  6640.38345825  5587.29762193  6027.45174364  5477.98105654
  6865.52673133  5409.16181687  6211.35354673  6130.37793436
  6489.47941852  6473.91097966  4317.99948832  5637.64072182
  6252.74631755  5234.86054389  6364.46752703  6356.36031718
  5522.40553595 63915.8736663   4501.46337156  4963.51901014
  7176.82900779  5813.71682122  5514.03969812 71389.43093784
  4716.69258408  5871.87158236  6981.21257107 53748.51063596
 57588.82048271  7078.20722396  6625.42956303  6258.6202583
  4663.56583843  6021.53803356  5734.99553182  4908.26365053
  6761.34003151 57005.77886706  6771.51782397  5247.26891981
 60182.40803969  6348.50503989  5875.60946929  5647.27316049
  6730.35732859  5748.18463211  5219.48593765  5348.82750714
 70654.3149017   6504.68148373 62696.96359123  6090.08909732
  6444.50673395  5863.48670414  5486.68396148  5829.09621624
 64093.1808756   6464.45715216  6207.81420797 67406.68787733
  4598.57838202  5670.47190251  5583.05614289  5398.66358548
  6522.94135318  5504.92887819  5360.6492747   7363.13584657]"
99,[-0.9798874  -0.70201594],5,-0.9640276,0.074012265,-6.878243225755281,14,"[1.04337601e-17 7.62360731e-12 3.14120783e-07 7.66903472e-04
 1.35933362e-01 3.77579584e+00 3.77894439e+01 1.83170726e+02
 5.08475896e+02 9.21493894e+02 1.19829288e+03 1.13068787e+03
 7.28961527e+02 3.28591859e+02 1.41040063e+02 7.83237996e+01
 3.87169343e+01 1.63685332e+01 4.77770206e+00 8.80778925e-01
 6.14870783e-02 5.08351676e-04]","[83547.96886933 39938.44376778 65923.18095353  6163.83542811
  5889.23172277  7597.16121379  5458.97519996  6260.41852912
  5889.43903787 60124.54262232 58707.18786805  5851.43124533
  6672.55804452  5899.10351205 54901.18107663  3644.02490659
 46254.96031654 19807.2909378   2326.02524704  5792.77152185
  5536.91404979  4654.00774886 67877.14051554  4136.45819079
 50771.22458257 14525.05551296  4539.41232926  5611.64923112
 61710.14521746  5713.59164764  6604.00346429  5830.8603772
  6564.76914371  6377.22090496  5261.8198347   6415.79012758
  6826.53181201 71882.37922307  5220.40878053  4181.49942301
  6950.7292965   4209.29943777  6043.26148879  6363.75416409
  6528.94947514  5421.49321377  6261.70483867  5271.17125533
  6332.14933623 58087.13920582  6123.14023328  6213.84116313
  5735.30728358  6108.2260058   6104.30179036  5702.85663063
  5188.08767313  7075.37523684 50842.68861214  4397.65102915
  6367.9726269   5206.98232144  5174.84663118  6228.96789701
  5050.79170005 60536.4950898  52610.9322741   5909.39309048
  6136.13349432 54368.42959847  5570.92941356  5611.58667665
  5665.99588761  5848.2613159  70508.76877362 56190.22131395
  6291.89627344  6033.13682373  6954.98415103  4960.59314019
 75418.2315406  51359.38950928  4930.31862205  6211.53141983
  7569.66145263  5905.22793962  5941.97319294  5713.54773683
  8099.39716895  4559.26102379  6003.30309475  5399.67422301
  6425.04099574 59913.569667   55774.90426462  7056.23150718
 69129.28546558  6221.22003208  4698.64588263  8203.30996647
  6211.69854694  6275.47743517  5369.89904972  5140.17847673
  7392.423234    5648.44767615  6293.70391854  5888.87003538
  6792.11308756 67376.6673631  48727.71696867  5016.65873399
 62720.26088186  5245.71987567  6258.26304316  7140.7560424
  4612.92161541 65192.05811908  4422.95187789  7069.42072705
  4704.67299248  6847.4246812   6450.85079006  5760.61518304
  6818.26680066  5729.98689979  6476.25324001 57731.21185883
  6640.38345825  5587.29762193  6027.45174364  5477.98105654
  6865.52673133  5409.16181687  6211.35354673  6130.37793436
  6489.47941852  6473.91097966  4317.99948832  5637.64072182
  6252.74631755  5234.86054389  6364.46752703  6356.36031718
  5522.40553595 63915.8736663   4501.46337156  4963.51901014
  7176.82900779  5813.71682122  5514.03969812 71389.43093784
  4716.69258408  5871.87158236  6981.21257107 53748.51063596
 57588.82048271  7078.20722396  6625.42956303  6258.6202583
  4663.56583843  6021.53803356  5734.99553182  4908.26365053
  6761.34003151 57005.77886706  6771.51782397  5247.26891981
 60182.40803969  6348.50503989  5875.60946929  5647.27316049
  6730.35732859  5748.18463211  5219.48593765  5348.82750714
 70654.3149017   6504.68148373 62696.96359123  6090.08909732
  6444.50673395  5863.48670414  5486.68396148  5829.09621624
 64093.1808756   6464.45715216  6207.81420797 67406.68787733
  4598.57838202  5670.47190251  5583.05614289  5398.66358548
  6522.94135318  5504.92887819  5360.6492747   7363.13584657
  7486.03649758  5958.12078035 55930.22813373  4552.269688
  6407.40858582  5422.34372557  7166.41758731  6303.86644582
  7138.17506464  6236.23677     6622.83828489  7270.65057263
 57791.86268703  5158.31292716]"
99,[-0.98621756 -0.69179815],5,-0.9640276,0.074012265,-7.77924877815813,15,"[8.31808371e-19 1.30422432e-12 9.71859574e-08 3.61186746e-04
 8.20124000e-02 2.58237993e+00 2.44827998e+01 1.00551657e+02
 2.79392196e+02 5.94747546e+02 8.87132587e+02 8.84630895e+02
 6.15047922e+02 3.05567950e+02 1.53311975e+02 9.21519243e+01
 4.52749080e+01 1.65967093e+01 3.96857456e+00 3.14807897e-01
 2.67601276e-03 1.33191073e-06]","[83547.96886933 39938.44376778 65923.18095353  6163.83542811
  5889.23172277  7597.16121379  5458.97519996  6260.41852912
  5889.43903787 60124.54262232 58707.18786805  5851.43124533
  6672.55804452  5899.10351205 54901.18107663  3644.02490659
 46254.96031654 19807.2909378   2326.02524704  5792.77152185
  5536.91404979  4654.00774886 67877.14051554  4136.45819079
 50771.22458257 14525.05551296  4539.41232926  5611.64923112
 61710.14521746  5713.59164764  6604.00346429  5830.8603772
  6564.76914371  6377.22090496  5261.8198347   6415.79012758
  6826.53181201 71882.37922307  5220.40878053  4181.49942301
  6950.7292965   4209.29943777  6043.26148879  6363.75416409
  6528.94947514  5421.49321377  6261.70483867  5271.17125533
  6332.14933623 58087.13920582  6123.14023328  6213.84116313
  5735.30728358  6108.2260058   6104.30179036  5702.85663063
  5188.08767313  7075.37523684 50842.68861214  4397.65102915
  6367.9726269   5206.98232144  5174.84663118  6228.96789701
  5050.79170005 60536.4950898  52610.9322741   5909.39309048
  6136.13349432 54368.42959847  5570.92941356  5611.58667665
  5665.99588761  5848.2613159  70508.76877362 56190.22131395
  6291.89627344  6033.13682373  6954.98415103  4960.59314019
 75418.2315406  51359.38950928  4930.31862205  6211.53141983
  7569.66145263  5905.22793962  5941.97319294  5713.54773683
  8099.39716895  4559.26102379  6003.30309475  5399.67422301
  6425.04099574 59913.569667   55774.90426462  7056.23150718
 69129.28546558  6221.22003208  4698.64588263  8203.30996647
  6211.69854694  6275.47743517  5369.89904972  5140.17847673
  7392.423234    5648.44767615  6293.70391854  5888.87003538
  6792.11308756 67376.6673631  48727.71696867  5016.65873399
 62720.26088186  5245.71987567  6258.26304316  7140.7560424
  4612.92161541 65192.05811908  4422.95187789  7069.42072705
  4704.67299248  6847.4246812   6450.85079006  5760.61518304
  6818.26680066  5729.98689979  6476.25324001 57731.21185883
  6640.38345825  5587.29762193  6027.45174364  5477.98105654
  6865.52673133  5409.16181687  6211.35354673  6130.37793436
  6489.47941852  6473.91097966  4317.99948832  5637.64072182
  6252.74631755  5234.86054389  6364.46752703  6356.36031718
  5522.40553595 63915.8736663   4501.46337156  4963.51901014
  7176.82900779  5813.71682122  5514.03969812 71389.43093784
  4716.69258408  5871.87158236  6981.21257107 53748.51063596
 57588.82048271  7078.20722396  6625.42956303  6258.6202583
  4663.56583843  6021.53803356  5734.99553182  4908.26365053
  6761.34003151 57005.77886706  6771.51782397  5247.26891981
 60182.40803969  6348.50503989  5875.60946929  5647.27316049
  6730.35732859  5748.18463211  5219.48593765  5348.82750714
 70654.3149017   6504.68148373 62696.96359123  6090.08909732
  6444.50673395  5863.48670414  5486.68396148  5829.09621624
 64093.1808756   6464.45715216  6207.81420797 67406.68787733
  4598.57838202  5670.47190251  5583.05614289  5398.66358548
  6522.94135318  5504.92887819  5360.6492747   7363.13584657
  7486.03649758  5958.12078035 55930.22813373  4552.269688
  6407.40858582  5422.34372557  7166.41758731  6303.86644582
  7138.17506464  6236.23677     6622.83828489  7270.65057263
 57791.86268703  5158.31292716  5629.00433602  6144.70596306
  5861.28657388  5178.55122581  7882.6784926   6687.34023623
  5925.42035626 55963.74682053  6176.47619004  6261.40392756
  5156.7404187  58866.74929397 60646.73587959 57077.03816853]"
99,[-0.9885828  -0.65854347],5,-0.9640276,-0.11569941,-6.29003205519141,16,"[3.46936026e-16 4.04265800e-11 4.44007878e-07 4.76758260e-04
 5.55443959e-02 1.00363541e+00 7.16757341e+00 4.01763846e+01
 1.53711726e+02 3.87931880e+02 6.24852802e+02 6.57708621e+02
 4.64191012e+02 2.63386509e+02 1.66223814e+02 1.22487825e+02
 7.46315491e+01 3.23857363e+01 8.83960577e+00 1.21343189e+00
 6.28236058e-02 7.08308920e-04]","[83547.96886933 39938.44376778 65923.18095353  6163.83542811
  5889.23172277  7597.16121379  5458.97519996  6260.41852912
  5889.43903787 60124.54262232 58707.18786805  5851.43124533
  6672.55804452  5899.10351205 54901.18107663  3644.02490659
 46254.96031654 19807.2909378   2326.02524704  5792.77152185
  5536.91404979  4654.00774886 67877.14051554  4136.45819079
 50771.22458257 14525.05551296  4539.41232926  5611.64923112
 61710.14521746  5713.59164764  6604.00346429  5830.8603772
  6564.76914371  6377.22090496  5261.8198347   6415.79012758
  6826.53181201 71882.37922307  5220.40878053  4181.49942301
  6950.7292965   4209.29943777  6043.26148879  6363.75416409
  6528.94947514  5421.49321377  6261.70483867  5271.17125533
  6332.14933623 58087.13920582  6123.14023328  6213.84116313
  5735.30728358  6108.2260058   6104.30179036  5702.85663063
  5188.08767313  7075.37523684 50842.68861214  4397.65102915
  6367.9726269   5206.98232144  5174.84663118  6228.96789701
  5050.79170005 60536.4950898  52610.9322741   5909.39309048
  6136.13349432 54368.42959847  5570.92941356  5611.58667665
  5665.99588761  5848.2613159  70508.76877362 56190.22131395
  6291.89627344  6033.13682373  6954.98415103  4960.59314019
 75418.2315406  51359.38950928  4930.31862205  6211.53141983
  7569.66145263  5905.22793962  5941.97319294  5713.54773683
  8099.39716895  4559.26102379  6003.30309475  5399.67422301
  6425.04099574 59913.569667   55774.90426462  7056.23150718
 69129.28546558  6221.22003208  4698.64588263  8203.30996647
  6211.69854694  6275.47743517  5369.89904972  5140.17847673
  7392.423234    5648.44767615  6293.70391854  5888.87003538
  6792.11308756 67376.6673631  48727.71696867  5016.65873399
 62720.26088186  5245.71987567  6258.26304316  7140.7560424
  4612.92161541 65192.05811908  4422.95187789  7069.42072705
  4704.67299248  6847.4246812   6450.85079006  5760.61518304
  6818.26680066  5729.98689979  6476.25324001 57731.21185883
  6640.38345825  5587.29762193  6027.45174364  5477.98105654
  6865.52673133  5409.16181687  6211.35354673  6130.37793436
  6489.47941852  6473.91097966  4317.99948832  5637.64072182
  6252.74631755  5234.86054389  6364.46752703  6356.36031718
  5522.40553595 63915.8736663   4501.46337156  4963.51901014
  7176.82900779  5813.71682122  5514.03969812 71389.43093784
  4716.69258408  5871.87158236  6981.21257107 53748.51063596
 57588.82048271  7078.20722396  6625.42956303  6258.6202583
  4663.56583843  6021.53803356  5734.99553182  4908.26365053
  6761.34003151 57005.77886706  6771.51782397  5247.26891981
 60182.40803969  6348.50503989  5875.60946929  5647.27316049
  6730.35732859  5748.18463211  5219.48593765  5348.82750714
 70654.3149017   6504.68148373 62696.96359123  6090.08909732
  6444.50673395  5863.48670414  5486.68396148  5829.09621624
 64093.1808756   6464.45715216  6207.81420797 67406.68787733
  4598.57838202  5670.47190251  5583.05614289  5398.66358548
  6522.94135318  5504.92887819  5360.6492747   7363.13584657
  7486.03649758  5958.12078035 55930.22813373  4552.269688
  6407.40858582  5422.34372557  7166.41758731  6303.86644582
  7138.17506464  6236.23677     6622.83828489  7270.65057263
 57791.86268703  5158.31292716  5629.00433602  6144.70596306
  5861.28657388  5178.55122581  7882.6784926   6687.34023623
  5925.42035626 55963.74682053  6176.47619004  6261.40392756
  5156.7404187  58866.74929397 60646.73587959 57077.03816853
  5443.14041841  6767.77820101  7017.58486787 59985.65639965
  6091.44717408  4362.50533969  5194.98865662  5450.93936457
  7196.31826366  6904.10634677  5393.28193145  5933.79226411
  6333.64738447  7063.73899639]"
99,[-0.9761305 -0.6635638],5,-0.9640276,-0.11569941,-6.063048672825849,17,"[4.86302651e-34 3.17777469e-24 4.13958708e-16 1.09480579e-09
 6.09873256e-05 7.94949184e-02 4.25694424e+00 4.38127968e+01
 1.85476974e+02 5.81177281e+02 1.19955559e+03 1.61089853e+03
 1.30655520e+03 6.23680763e+02 2.25105084e+02 1.02729046e+02
 5.18872450e+01 2.07056299e+01 5.14210308e+00 7.46068295e-01
 2.61499237e-02 4.09060891e-05]","[83547.96886933 39938.44376778 65923.18095353  6163.83542811
  5889.23172277  7597.16121379  5458.97519996  6260.41852912
  5889.43903787 60124.54262232 58707.18786805  5851.43124533
  6672.55804452  5899.10351205 54901.18107663  3644.02490659
 46254.96031654 19807.2909378   2326.02524704  5792.77152185
  5536.91404979  4654.00774886 67877.14051554  4136.45819079
 50771.22458257 14525.05551296  4539.41232926  5611.64923112
 61710.14521746  5713.59164764  6604.00346429  5830.8603772
  6564.76914371  6377.22090496  5261.8198347   6415.79012758
  6826.53181201 71882.37922307  5220.40878053  4181.49942301
  6950.7292965   4209.29943777  6043.26148879  6363.75416409
  6528.94947514  5421.49321377  6261.70483867  5271.17125533
  6332.14933623 58087.13920582  6123.14023328  6213.84116313
  5735.30728358  6108.2260058   6104.30179036  5702.85663063
  5188.08767313  7075.37523684 50842.68861214  4397.65102915
  6367.9726269   5206.98232144  5174.84663118  6228.96789701
  5050.79170005 60536.4950898  52610.9322741   5909.39309048
  6136.13349432 54368.42959847  5570.92941356  5611.58667665
  5665.99588761  5848.2613159  70508.76877362 56190.22131395
  6291.89627344  6033.13682373  6954.98415103  4960.59314019
 75418.2315406  51359.38950928  4930.31862205  6211.53141983
  7569.66145263  5905.22793962  5941.97319294  5713.54773683
  8099.39716895  4559.26102379  6003.30309475  5399.67422301
  6425.04099574 59913.569667   55774.90426462  7056.23150718
 69129.28546558  6221.22003208  4698.64588263  8203.30996647
  6211.69854694  6275.47743517  5369.89904972  5140.17847673
  7392.423234    5648.44767615  6293.70391854  5888.87003538
  6792.11308756 67376.6673631  48727.71696867  5016.65873399
 62720.26088186  5245.71987567  6258.26304316  7140.7560424
  4612.92161541 65192.05811908  4422.95187789  7069.42072705
  4704.67299248  6847.4246812   6450.85079006  5760.61518304
  6818.26680066  5729.98689979  6476.25324001 57731.21185883
  6640.38345825  5587.29762193  6027.45174364  5477.98105654
  6865.52673133  5409.16181687  6211.35354673  6130.37793436
  6489.47941852  6473.91097966  4317.99948832  5637.64072182
  6252.74631755  5234.86054389  6364.46752703  6356.36031718
  5522.40553595 63915.8736663   4501.46337156  4963.51901014
  7176.82900779  5813.71682122  5514.03969812 71389.43093784
  4716.69258408  5871.87158236  6981.21257107 53748.51063596
 57588.82048271  7078.20722396  6625.42956303  6258.6202583
  4663.56583843  6021.53803356  5734.99553182  4908.26365053
  6761.34003151 57005.77886706  6771.51782397  5247.26891981
 60182.40803969  6348.50503989  5875.60946929  5647.27316049
  6730.35732859  5748.18463211  5219.48593765  5348.82750714
 70654.3149017   6504.68148373 62696.96359123  6090.08909732
  6444.50673395  5863.48670414  5486.68396148  5829.09621624
 64093.1808756   6464.45715216  6207.81420797 67406.68787733
  4598.57838202  5670.47190251  5583.05614289  5398.66358548
  6522.94135318  5504.92887819  5360.6492747   7363.13584657
  7486.03649758  5958.12078035 55930.22813373  4552.269688
  6407.40858582  5422.34372557  7166.41758731  6303.86644582
  7138.17506464  6236.23677     6622.83828489  7270.65057263
 57791.86268703  5158.31292716  5629.00433602  6144.70596306
  5861.28657388  5178.55122581  7882.6784926   6687.34023623
  5925.42035626 55963.74682053  6176.47619004  6261.40392756
  5156.7404187  58866.74929397 60646.73587959 57077.03816853
  5443.14041841  6767.77820101  7017.58486787 59985.65639965
  6091.44717408  4362.50533969  5194.98865662  5450.93936457
  7196.31826366  6904.10634677  5393.28193145  5933.79226411
  6333.64738447  7063.73899639  6211.31741309  5811.95288363
  7066.04519845  6550.96122256  6262.52662243  5610.10465331
  5719.12141442  5678.18144065  6792.4414838   6101.042651
  7424.24397621  6300.91955917 73975.628666    3686.86648619]"
99,[-0.98762995 -0.69544345],5,-0.9640276,0.074012265,-6.9589772060223,18,"[1.22689887e-34 1.41438637e-24 2.67887982e-16 8.50415864e-10
 4.71907005e-05 5.32867369e-02 3.35336095e+00 4.83419418e+01
 2.22771548e+02 5.45825810e+02 7.89146388e+02 6.72428035e+02
 3.53002364e+02 1.69050354e+02 1.16547381e+02 7.91346384e+01
 3.80248406e+01 1.02390471e+01 1.89493613e+00 1.08541398e-01
 2.60231168e-04 1.28173223e-08]","[83547.96886933 39938.44376778 65923.18095353  6163.83542811
  5889.23172277  7597.16121379  5458.97519996  6260.41852912
  5889.43903787 60124.54262232 58707.18786805  5851.43124533
  6672.55804452  5899.10351205 54901.18107663  3644.02490659
 46254.96031654 19807.2909378   2326.02524704  5792.77152185
  5536.91404979  4654.00774886 67877.14051554  4136.45819079
 50771.22458257 14525.05551296  4539.41232926  5611.64923112
 61710.14521746  5713.59164764  6604.00346429  5830.8603772
  6564.76914371  6377.22090496  5261.8198347   6415.79012758
  6826.53181201 71882.37922307  5220.40878053  4181.49942301
  6950.7292965   4209.29943777  6043.26148879  6363.75416409
  6528.94947514  5421.49321377  6261.70483867  5271.17125533
  6332.14933623 58087.13920582  6123.14023328  6213.84116313
  5735.30728358  6108.2260058   6104.30179036  5702.85663063
  5188.08767313  7075.37523684 50842.68861214  4397.65102915
  6367.9726269   5206.98232144  5174.84663118  6228.96789701
  5050.79170005 60536.4950898  52610.9322741   5909.39309048
  6136.13349432 54368.42959847  5570.92941356  5611.58667665
  5665.99588761  5848.2613159  70508.76877362 56190.22131395
  6291.89627344  6033.13682373  6954.98415103  4960.59314019
 75418.2315406  51359.38950928  4930.31862205  6211.53141983
  7569.66145263  5905.22793962  5941.97319294  5713.54773683
  8099.39716895  4559.26102379  6003.30309475  5399.67422301
  6425.04099574 59913.569667   55774.90426462  7056.23150718
 69129.28546558  6221.22003208  4698.64588263  8203.30996647
  6211.69854694  6275.47743517  5369.89904972  5140.17847673
  7392.423234    5648.44767615  6293.70391854  5888.87003538
  6792.11308756 67376.6673631  48727.71696867  5016.65873399
 62720.26088186  5245.71987567  6258.26304316  7140.7560424
  4612.92161541 65192.05811908  4422.95187789  7069.42072705
  4704.67299248  6847.4246812   6450.85079006  5760.61518304
  6818.26680066  5729.98689979  6476.25324001 57731.21185883
  6640.38345825  5587.29762193  6027.45174364  5477.98105654
  6865.52673133  5409.16181687  6211.35354673  6130.37793436
  6489.47941852  6473.91097966  4317.99948832  5637.64072182
  6252.74631755  5234.86054389  6364.46752703  6356.36031718
  5522.40553595 63915.8736663   4501.46337156  4963.51901014
  7176.82900779  5813.71682122  5514.03969812 71389.43093784
  4716.69258408  5871.87158236  6981.21257107 53748.51063596
 57588.82048271  7078.20722396  6625.42956303  6258.6202583
  4663.56583843  6021.53803356  5734.99553182  4908.26365053
  6761.34003151 57005.77886706  6771.51782397  5247.26891981
 60182.40803969  6348.50503989  5875.60946929  5647.27316049
  6730.35732859  5748.18463211  5219.48593765  5348.82750714
 70654.3149017   6504.68148373 62696.96359123  6090.08909732
  6444.50673395  5863.48670414  5486.68396148  5829.09621624
 64093.1808756   6464.45715216  6207.81420797 67406.68787733
  4598.57838202  5670.47190251  5583.05614289  5398.66358548
  6522.94135318  5504.92887819  5360.6492747   7363.13584657
  7486.03649758  5958.12078035 55930.22813373  4552.269688
  6407.40858582  5422.34372557  7166.41758731  6303.86644582
  7138.17506464  6236.23677     6622.83828489  7270.65057263
 57791.86268703  5158.31292716  5629.00433602  6144.70596306
  5861.28657388  5178.55122581  7882.6784926   6687.34023623
  5925.42035626 55963.74682053  6176.47619004  6261.40392756
  5156.7404187  58866.74929397 60646.73587959 57077.03816853
  5443.14041841  6767.77820101  7017.58486787 59985.65639965
  6091.44717408  4362.50533969  5194.98865662  5450.93936457
  7196.31826366  6904.10634677  5393.28193145  5933.79226411
  6333.64738447  7063.73899639  6211.31741309  5811.95288363
  7066.04519845  6550.96122256  6262.52662243  5610.10465331
  5719.12141442  5678.18144065  6792.4414838   6101.042651
  7424.24397621  6300.91955917 73975.628666    3686.86648619
  7169.87490334 67480.70249743  5451.64774448  7025.6389534
  6002.3192246  52744.33527031  6333.1906492   4775.65901186
  5516.97924559  5223.44722179  7041.5597052   6173.90340329
  5582.41482621  6387.109165  ]"
99,[-0.986984 -0.664764],5,-0.9640276,-0.11569941,-7.610306326558168,19,"[8.44190534e-19 6.48536989e-13 3.39037599e-08 1.24845850e-04
 3.61289617e-02 1.25763051e+00 1.32070300e+01 7.03352018e+01
 1.89780550e+02 3.53057865e+02 5.71550803e+02 7.10186532e+02
 5.96159046e+02 3.31023987e+02 1.44855213e+02 6.67927244e+01
 2.95437597e+01 1.08744111e+01 2.60851780e+00 2.09423021e-01
 2.28238079e-03 2.07378607e-06]","[83547.96886933 39938.44376778 65923.18095353  6163.83542811
  5889.23172277  7597.16121379  5458.97519996  6260.41852912
  5889.43903787 60124.54262232 58707.18786805  5851.43124533
  6672.55804452  5899.10351205 54901.18107663  3644.02490659
 46254.96031654 19807.2909378   2326.02524704  5792.77152185
  5536.91404979  4654.00774886 67877.14051554  4136.45819079
 50771.22458257 14525.05551296  4539.41232926  5611.64923112
 61710.14521746  5713.59164764  6604.00346429  5830.8603772
  6564.76914371  6377.22090496  5261.8198347   6415.79012758
  6826.53181201 71882.37922307  5220.40878053  4181.49942301
  6950.7292965   4209.29943777  6043.26148879  6363.75416409
  6528.94947514  5421.49321377  6261.70483867  5271.17125533
  6332.14933623 58087.13920582  6123.14023328  6213.84116313
  5735.30728358  6108.2260058   6104.30179036  5702.85663063
  5188.08767313  7075.37523684 50842.68861214  4397.65102915
  6367.9726269   5206.98232144  5174.84663118  6228.96789701
  5050.79170005 60536.4950898  52610.9322741   5909.39309048
  6136.13349432 54368.42959847  5570.92941356  5611.58667665
  5665.99588761  5848.2613159  70508.76877362 56190.22131395
  6291.89627344  6033.13682373  6954.98415103  4960.59314019
 75418.2315406  51359.38950928  4930.31862205  6211.53141983
  7569.66145263  5905.22793962  5941.97319294  5713.54773683
  8099.39716895  4559.26102379  6003.30309475  5399.67422301
  6425.04099574 59913.569667   55774.90426462  7056.23150718
 69129.28546558  6221.22003208  4698.64588263  8203.30996647
  6211.69854694  6275.47743517  5369.89904972  5140.17847673
  7392.423234    5648.44767615  6293.70391854  5888.87003538
  6792.11308756 67376.6673631  48727.71696867  5016.65873399
 62720.26088186  5245.71987567  6258.26304316  7140.7560424
  4612.92161541 65192.05811908  4422.95187789  7069.42072705
  4704.67299248  6847.4246812   6450.85079006  5760.61518304
  6818.26680066  5729.98689979  6476.25324001 57731.21185883
  6640.38345825  5587.29762193  6027.45174364  5477.98105654
  6865.52673133  5409.16181687  6211.35354673  6130.37793436
  6489.47941852  6473.91097966  4317.99948832  5637.64072182
  6252.74631755  5234.86054389  6364.46752703  6356.36031718
  5522.40553595 63915.8736663   4501.46337156  4963.51901014
  7176.82900779  5813.71682122  5514.03969812 71389.43093784
  4716.69258408  5871.87158236  6981.21257107 53748.51063596
 57588.82048271  7078.20722396  6625.42956303  6258.6202583
  4663.56583843  6021.53803356  5734.99553182  4908.26365053
  6761.34003151 57005.77886706  6771.51782397  5247.26891981
 60182.40803969  6348.50503989  5875.60946929  5647.27316049
  6730.35732859  5748.18463211  5219.48593765  5348.82750714
 70654.3149017   6504.68148373 62696.96359123  6090.08909732
  6444.50673395  5863.48670414  5486.68396148  5829.09621624
 64093.1808756   6464.45715216  6207.81420797 67406.68787733
  4598.57838202  5670.47190251  5583.05614289  5398.66358548
  6522.94135318  5504.92887819  5360.6492747   7363.13584657
  7486.03649758  5958.12078035 55930.22813373  4552.269688
  6407.40858582  5422.34372557  7166.41758731  6303.86644582
  7138.17506464  6236.23677     6622.83828489  7270.65057263
 57791.86268703  5158.31292716  5629.00433602  6144.70596306
  5861.28657388  5178.55122581  7882.6784926   6687.34023623
  5925.42035626 55963.74682053  6176.47619004  6261.40392756
  5156.7404187  58866.74929397 60646.73587959 57077.03816853
  5443.14041841  6767.77820101  7017.58486787 59985.65639965
  6091.44717408  4362.50533969  5194.98865662  5450.93936457
  7196.31826366  6904.10634677  5393.28193145  5933.79226411
  6333.64738447  7063.73899639  6211.31741309  5811.95288363
  7066.04519845  6550.96122256  6262.52662243  5610.10465331
  5719.12141442  5678.18144065  6792.4414838   6101.042651
  7424.24397621  6300.91955917 73975.628666    3686.86648619
  7169.87490334 67480.70249743  5451.64774448  7025.6389534
  6002.3192246  52744.33527031  6333.1906492   4775.65901186
  5516.97924559  5223.44722179  7041.5597052   6173.90340329
  5582.41482621  6387.109165    7712.73477784  5933.11629263
 56983.35513181  6764.4900246   5723.89800799  6705.15567536
 61453.75422338  4877.85199801  7279.68461941 56966.71125848
  6602.11514966  5491.21552072 74831.02757364 57757.57944133]"
99,[-0.98406875 -0.66820306],5,-0.9640276,-0.11569941,-5.564061926330701,20,"[5.24594197e-31 8.04887917e-23 6.71955201e-16 3.08907034e-10
 7.99270462e-06 1.22407396e-02 1.32044200e+00 1.92879780e+01
 1.08268695e+02 3.63176231e+02 7.19493815e+02 8.09398166e+02
 5.52367080e+02 2.65823691e+02 1.35193538e+02 8.73668014e+01
 4.48903798e+01 1.49307127e+01 3.09991127e+00 2.42444521e-01
 2.40343123e-03 1.65554050e-06]","[83547.96886933 39938.44376778 65923.18095353  6163.83542811
  5889.23172277  7597.16121379  5458.97519996  6260.41852912
  5889.43903787 60124.54262232 58707.18786805  5851.43124533
  6672.55804452  5899.10351205 54901.18107663  3644.02490659
 46254.96031654 19807.2909378   2326.02524704  5792.77152185
  5536.91404979  4654.00774886 67877.14051554  4136.45819079
 50771.22458257 14525.05551296  4539.41232926  5611.64923112
 61710.14521746  5713.59164764  6604.00346429  5830.8603772
  6564.76914371  6377.22090496  5261.8198347   6415.79012758
  6826.53181201 71882.37922307  5220.40878053  4181.49942301
  6950.7292965   4209.29943777  6043.26148879  6363.75416409
  6528.94947514  5421.49321377  6261.70483867  5271.17125533
  6332.14933623 58087.13920582  6123.14023328  6213.84116313
  5735.30728358  6108.2260058   6104.30179036  5702.85663063
  5188.08767313  7075.37523684 50842.68861214  4397.65102915
  6367.9726269   5206.98232144  5174.84663118  6228.96789701
  5050.79170005 60536.4950898  52610.9322741   5909.39309048
  6136.13349432 54368.42959847  5570.92941356  5611.58667665
  5665.99588761  5848.2613159  70508.76877362 56190.22131395
  6291.89627344  6033.13682373  6954.98415103  4960.59314019
 75418.2315406  51359.38950928  4930.31862205  6211.53141983
  7569.66145263  5905.22793962  5941.97319294  5713.54773683
  8099.39716895  4559.26102379  6003.30309475  5399.67422301
  6425.04099574 59913.569667   55774.90426462  7056.23150718
 69129.28546558  6221.22003208  4698.64588263  8203.30996647
  6211.69854694  6275.47743517  5369.89904972  5140.17847673
  7392.423234    5648.44767615  6293.70391854  5888.87003538
  6792.11308756 67376.6673631  48727.71696867  5016.65873399
 62720.26088186  5245.71987567  6258.26304316  7140.7560424
  4612.92161541 65192.05811908  4422.95187789  7069.42072705
  4704.67299248  6847.4246812   6450.85079006  5760.61518304
  6818.26680066  5729.98689979  6476.25324001 57731.21185883
  6640.38345825  5587.29762193  6027.45174364  5477.98105654
  6865.52673133  5409.16181687  6211.35354673  6130.37793436
  6489.47941852  6473.91097966  4317.99948832  5637.64072182
  6252.74631755  5234.86054389  6364.46752703  6356.36031718
  5522.40553595 63915.8736663   4501.46337156  4963.51901014
  7176.82900779  5813.71682122  5514.03969812 71389.43093784
  4716.69258408  5871.87158236  6981.21257107 53748.51063596
 57588.82048271  7078.20722396  6625.42956303  6258.6202583
  4663.56583843  6021.53803356  5734.99553182  4908.26365053
  6761.34003151 57005.77886706  6771.51782397  5247.26891981
 60182.40803969  6348.50503989  5875.60946929  5647.27316049
  6730.35732859  5748.18463211  5219.48593765  5348.82750714
 70654.3149017   6504.68148373 62696.96359123  6090.08909732
  6444.50673395  5863.48670414  5486.68396148  5829.09621624
 64093.1808756   6464.45715216  6207.81420797 67406.68787733
  4598.57838202  5670.47190251  5583.05614289  5398.66358548
  6522.94135318  5504.92887819  5360.6492747   7363.13584657
  7486.03649758  5958.12078035 55930.22813373  4552.269688
  6407.40858582  5422.34372557  7166.41758731  6303.86644582
  7138.17506464  6236.23677     6622.83828489  7270.65057263
 57791.86268703  5158.31292716  5629.00433602  6144.70596306
  5861.28657388  5178.55122581  7882.6784926   6687.34023623
  5925.42035626 55963.74682053  6176.47619004  6261.40392756
  5156.7404187  58866.74929397 60646.73587959 57077.03816853
  5443.14041841  6767.77820101  7017.58486787 59985.65639965
  6091.44717408  4362.50533969  5194.98865662  5450.93936457
  7196.31826366  6904.10634677  5393.28193145  5933.79226411
  6333.64738447  7063.73899639  6211.31741309  5811.95288363
  7066.04519845  6550.96122256  6262.52662243  5610.10465331
  5719.12141442  5678.18144065  6792.4414838   6101.042651
  7424.24397621  6300.91955917 73975.628666    3686.86648619
  7169.87490334 67480.70249743  5451.64774448  7025.6389534
  6002.3192246  52744.33527031  6333.1906492   4775.65901186
  5516.97924559  5223.44722179  7041.5597052   6173.90340329
  5582.41482621  6387.109165    7712.73477784  5933.11629263
 56983.35513181  6764.4900246   5723.89800799  6705.15567536
 61453.75422338  4877.85199801  7279.68461941 56966.71125848
  6602.11514966  5491.21552072 74831.02757364 57757.57944133
  7048.42996149  6908.35530798  6360.63101064  6084.23403118
  5348.75971036  6605.49107407  5911.08244405  6168.94732096
  6329.1849428  56231.63163524  5797.34774815  5661.05304665
  6622.18209256  4800.45150931]"
99,[-0.9882986 -0.6420449],5,-0.9640276,-0.11569941,-7.585123572301997,21,"[3.17336004e-32 1.78708977e-23 4.01225571e-16 3.64023312e-10
 1.36864595e-05 2.25934586e-02 2.01035644e+00 2.22766359e+01
 1.12311458e+02 3.62395662e+02 6.86678944e+02 7.38339270e+02
 4.67123885e+02 2.46099550e+02 1.82934264e+02 1.41993529e+02
 7.67394369e+01 2.81785674e+01 7.35930378e+00 1.10494142e+00
 5.67257060e-02 3.08594878e-04]","[83547.96886933 39938.44376778 65923.18095353  6163.83542811
  5889.23172277  7597.16121379  5458.97519996  6260.41852912
  5889.43903787 60124.54262232 58707.18786805  5851.43124533
  6672.55804452  5899.10351205 54901.18107663  3644.02490659
 46254.96031654 19807.2909378   2326.02524704  5792.77152185
  5536.91404979  4654.00774886 67877.14051554  4136.45819079
 50771.22458257 14525.05551296  4539.41232926  5611.64923112
 61710.14521746  5713.59164764  6604.00346429  5830.8603772
  6564.76914371  6377.22090496  5261.8198347   6415.79012758
  6826.53181201 71882.37922307  5220.40878053  4181.49942301
  6950.7292965   4209.29943777  6043.26148879  6363.75416409
  6528.94947514  5421.49321377  6261.70483867  5271.17125533
  6332.14933623 58087.13920582  6123.14023328  6213.84116313
  5735.30728358  6108.2260058   6104.30179036  5702.85663063
  5188.08767313  7075.37523684 50842.68861214  4397.65102915
  6367.9726269   5206.98232144  5174.84663118  6228.96789701
  5050.79170005 60536.4950898  52610.9322741   5909.39309048
  6136.13349432 54368.42959847  5570.92941356  5611.58667665
  5665.99588761  5848.2613159  70508.76877362 56190.22131395
  6291.89627344  6033.13682373  6954.98415103  4960.59314019
 75418.2315406  51359.38950928  4930.31862205  6211.53141983
  7569.66145263  5905.22793962  5941.97319294  5713.54773683
  8099.39716895  4559.26102379  6003.30309475  5399.67422301
  6425.04099574 59913.569667   55774.90426462  7056.23150718
 69129.28546558  6221.22003208  4698.64588263  8203.30996647
  6211.69854694  6275.47743517  5369.89904972  5140.17847673
  7392.423234    5648.44767615  6293.70391854  5888.87003538
  6792.11308756 67376.6673631  48727.71696867  5016.65873399
 62720.26088186  5245.71987567  6258.26304316  7140.7560424
  4612.92161541 65192.05811908  4422.95187789  7069.42072705
  4704.67299248  6847.4246812   6450.85079006  5760.61518304
  6818.26680066  5729.98689979  6476.25324001 57731.21185883
  6640.38345825  5587.29762193  6027.45174364  5477.98105654
  6865.52673133  5409.16181687  6211.35354673  6130.37793436
  6489.47941852  6473.91097966  4317.99948832  5637.64072182
  6252.74631755  5234.86054389  6364.46752703  6356.36031718
  5522.40553595 63915.8736663   4501.46337156  4963.51901014
  7176.82900779  5813.71682122  5514.03969812 71389.43093784
  4716.69258408  5871.87158236  6981.21257107 53748.51063596
 57588.82048271  7078.20722396  6625.42956303  6258.6202583
  4663.56583843  6021.53803356  5734.99553182  4908.26365053
  6761.34003151 57005.77886706  6771.51782397  5247.26891981
 60182.40803969  6348.50503989  5875.60946929  5647.27316049
  6730.35732859  5748.18463211  5219.48593765  5348.82750714
 70654.3149017   6504.68148373 62696.96359123  6090.08909732
  6444.50673395  5863.48670414  5486.68396148  5829.09621624
 64093.1808756   6464.45715216  6207.81420797 67406.68787733
  4598.57838202  5670.47190251  5583.05614289  5398.66358548
  6522.94135318  5504.92887819  5360.6492747   7363.13584657
  7486.03649758  5958.12078035 55930.22813373  4552.269688
  6407.40858582  5422.34372557  7166.41758731  6303.86644582
  7138.17506464  6236.23677     6622.83828489  7270.65057263
 57791.86268703  5158.31292716  5629.00433602  6144.70596306
  5861.28657388  5178.55122581  7882.6784926   6687.34023623
  5925.42035626 55963.74682053  6176.47619004  6261.40392756
  5156.7404187  58866.74929397 60646.73587959 57077.03816853
  5443.14041841  6767.77820101  7017.58486787 59985.65639965
  6091.44717408  4362.50533969  5194.98865662  5450.93936457
  7196.31826366  6904.10634677  5393.28193145  5933.79226411
  6333.64738447  7063.73899639  6211.31741309  5811.95288363
  7066.04519845  6550.96122256  6262.52662243  5610.10465331
  5719.12141442  5678.18144065  6792.4414838   6101.042651
  7424.24397621  6300.91955917 73975.628666    3686.86648619
  7169.87490334 67480.70249743  5451.64774448  7025.6389534
  6002.3192246  52744.33527031  6333.1906492   4775.65901186
  5516.97924559  5223.44722179  7041.5597052   6173.90340329
  5582.41482621  6387.109165    7712.73477784  5933.11629263
 56983.35513181  6764.4900246   5723.89800799  6705.15567536
 61453.75422338  4877.85199801  7279.68461941 56966.71125848
  6602.11514966  5491.21552072 74831.02757364 57757.57944133
  7048.42996149  6908.35530798  6360.63101064  6084.23403118
  5348.75971036  6605.49107407  5911.08244405  6168.94732096
  6329.1849428  56231.63163524  5797.34774815  5661.05304665
  6622.18209256  4800.45150931  6275.52016923  6147.52886364
  4781.23440666 69584.07864239  4648.71181149  9011.55092059
  5619.31613277  5202.6777602  64818.16949027 62138.12342085
  5322.52103615  5645.02190022  4479.72742341  8430.0037072 ]"
99,[-0.9849052  -0.68518054],5,-0.9640276,0.074012265,-7.513369979692229,22,"[3.31063437e-19 4.56598838e-13 3.24564835e-08 1.24711579e-04
 3.17884841e-02 1.20462808e+00 1.58313992e+01 9.73870818e+01
 3.39031812e+02 7.28596776e+02 9.52503694e+02 8.05061030e+02
 5.03132169e+02 2.99770537e+02 2.21022252e+02 1.58931335e+02
 8.30719878e+01 3.07905134e+01 6.78911045e+00 8.69543683e-01
 4.16919756e-02 2.29216976e-04]","[83547.96886933 39938.44376778 65923.18095353  6163.83542811
  5889.23172277  7597.16121379  5458.97519996  6260.41852912
  5889.43903787 60124.54262232 58707.18786805  5851.43124533
  6672.55804452  5899.10351205 54901.18107663  3644.02490659
 46254.96031654 19807.2909378   2326.02524704  5792.77152185
  5536.91404979  4654.00774886 67877.14051554  4136.45819079
 50771.22458257 14525.05551296  4539.41232926  5611.64923112
 61710.14521746  5713.59164764  6604.00346429  5830.8603772
  6564.76914371  6377.22090496  5261.8198347   6415.79012758
  6826.53181201 71882.37922307  5220.40878053  4181.49942301
  6950.7292965   4209.29943777  6043.26148879  6363.75416409
  6528.94947514  5421.49321377  6261.70483867  5271.17125533
  6332.14933623 58087.13920582  6123.14023328  6213.84116313
  5735.30728358  6108.2260058   6104.30179036  5702.85663063
  5188.08767313  7075.37523684 50842.68861214  4397.65102915
  6367.9726269   5206.98232144  5174.84663118  6228.96789701
  5050.79170005 60536.4950898  52610.9322741   5909.39309048
  6136.13349432 54368.42959847  5570.92941356  5611.58667665
  5665.99588761  5848.2613159  70508.76877362 56190.22131395
  6291.89627344  6033.13682373  6954.98415103  4960.59314019
 75418.2315406  51359.38950928  4930.31862205  6211.53141983
  7569.66145263  5905.22793962  5941.97319294  5713.54773683
  8099.39716895  4559.26102379  6003.30309475  5399.67422301
  6425.04099574 59913.569667   55774.90426462  7056.23150718
 69129.28546558  6221.22003208  4698.64588263  8203.30996647
  6211.69854694  6275.47743517  5369.89904972  5140.17847673
  7392.423234    5648.44767615  6293.70391854  5888.87003538
  6792.11308756 67376.6673631  48727.71696867  5016.65873399
 62720.26088186  5245.71987567  6258.26304316  7140.7560424
  4612.92161541 65192.05811908  4422.95187789  7069.42072705
  4704.67299248  6847.4246812   6450.85079006  5760.61518304
  6818.26680066  5729.98689979  6476.25324001 57731.21185883
  6640.38345825  5587.29762193  6027.45174364  5477.98105654
  6865.52673133  5409.16181687  6211.35354673  6130.37793436
  6489.47941852  6473.91097966  4317.99948832  5637.64072182
  6252.74631755  5234.86054389  6364.46752703  6356.36031718
  5522.40553595 63915.8736663   4501.46337156  4963.51901014
  7176.82900779  5813.71682122  5514.03969812 71389.43093784
  4716.69258408  5871.87158236  6981.21257107 53748.51063596
 57588.82048271  7078.20722396  6625.42956303  6258.6202583
  4663.56583843  6021.53803356  5734.99553182  4908.26365053
  6761.34003151 57005.77886706  6771.51782397  5247.26891981
 60182.40803969  6348.50503989  5875.60946929  5647.27316049
  6730.35732859  5748.18463211  5219.48593765  5348.82750714
 70654.3149017   6504.68148373 62696.96359123  6090.08909732
  6444.50673395  5863.48670414  5486.68396148  5829.09621624
 64093.1808756   6464.45715216  6207.81420797 67406.68787733
  4598.57838202  5670.47190251  5583.05614289  5398.66358548
  6522.94135318  5504.92887819  5360.6492747   7363.13584657
  7486.03649758  5958.12078035 55930.22813373  4552.269688
  6407.40858582  5422.34372557  7166.41758731  6303.86644582
  7138.17506464  6236.23677     6622.83828489  7270.65057263
 57791.86268703  5158.31292716  5629.00433602  6144.70596306
  5861.28657388  5178.55122581  7882.6784926   6687.34023623
  5925.42035626 55963.74682053  6176.47619004  6261.40392756
  5156.7404187  58866.74929397 60646.73587959 57077.03816853
  5443.14041841  6767.77820101  7017.58486787 59985.65639965
  6091.44717408  4362.50533969  5194.98865662  5450.93936457
  7196.31826366  6904.10634677  5393.28193145  5933.79226411
  6333.64738447  7063.73899639  6211.31741309  5811.95288363
  7066.04519845  6550.96122256  6262.52662243  5610.10465331
  5719.12141442  5678.18144065  6792.4414838   6101.042651
  7424.24397621  6300.91955917 73975.628666    3686.86648619
  7169.87490334 67480.70249743  5451.64774448  7025.6389534
  6002.3192246  52744.33527031  6333.1906492   4775.65901186
  5516.97924559  5223.44722179  7041.5597052   6173.90340329
  5582.41482621  6387.109165    7712.73477784  5933.11629263
 56983.35513181  6764.4900246   5723.89800799  6705.15567536
 61453.75422338  4877.85199801  7279.68461941 56966.71125848
  6602.11514966  5491.21552072 74831.02757364 57757.57944133
  7048.42996149  6908.35530798  6360.63101064  6084.23403118
  5348.75971036  6605.49107407  5911.08244405  6168.94732096
  6329.1849428  56231.63163524  5797.34774815  5661.05304665
  6622.18209256  4800.45150931  6275.52016923  6147.52886364
  4781.23440666 69584.07864239  4648.71181149  9011.55092059
  5619.31613277  5202.6777602  64818.16949027 62138.12342085
  5322.52103615  5645.02190022  4479.72742341  8430.0037072
  6097.95595197  7656.59082421  4971.98172678  6416.83545961
  4631.65008946 64646.30097279 55992.58528439  5530.84388882
  6578.55769066  6199.45162779  5347.21006781  4931.98268457
  6825.17191881  6692.10233796]"
99,[-0.9870251 -0.7013915],5,-0.9640276,0.074012265,-7.5807343753832654,23,"[2.80932282e-26 5.05958097e-18 1.99235716e-11 1.77056270e-06
 3.84166794e-03 2.85373798e-01 3.54964267e+00 3.86755289e+01
 1.96338508e+02 5.22147313e+02 8.21978815e+02 7.45797070e+02
 4.05109191e+02 1.83666679e+02 1.19053583e+02 7.93216423e+01
 3.57175236e+01 1.05983866e+01 1.93279913e+00 9.65782635e-02
 2.65211760e-04 1.95986737e-08]","[83547.96886933 39938.44376778 65923.18095353  6163.83542811
  5889.23172277  7597.16121379  5458.97519996  6260.41852912
  5889.43903787 60124.54262232 58707.18786805  5851.43124533
  6672.55804452  5899.10351205 54901.18107663  3644.02490659
 46254.96031654 19807.2909378   2326.02524704  5792.77152185
  5536.91404979  4654.00774886 67877.14051554  4136.45819079
 50771.22458257 14525.05551296  4539.41232926  5611.64923112
 61710.14521746  5713.59164764  6604.00346429  5830.8603772
  6564.76914371  6377.22090496  5261.8198347   6415.79012758
  6826.53181201 71882.37922307  5220.40878053  4181.49942301
  6950.7292965   4209.29943777  6043.26148879  6363.75416409
  6528.94947514  5421.49321377  6261.70483867  5271.17125533
  6332.14933623 58087.13920582  6123.14023328  6213.84116313
  5735.30728358  6108.2260058   6104.30179036  5702.85663063
  5188.08767313  7075.37523684 50842.68861214  4397.65102915
  6367.9726269   5206.98232144  5174.84663118  6228.96789701
  5050.79170005 60536.4950898  52610.9322741   5909.39309048
  6136.13349432 54368.42959847  5570.92941356  5611.58667665
  5665.99588761  5848.2613159  70508.76877362 56190.22131395
  6291.89627344  6033.13682373  6954.98415103  4960.59314019
 75418.2315406  51359.38950928  4930.31862205  6211.53141983
  7569.66145263  5905.22793962  5941.97319294  5713.54773683
  8099.39716895  4559.26102379  6003.30309475  5399.67422301
  6425.04099574 59913.569667   55774.90426462  7056.23150718
 69129.28546558  6221.22003208  4698.64588263  8203.30996647
  6211.69854694  6275.47743517  5369.89904972  5140.17847673
  7392.423234    5648.44767615  6293.70391854  5888.87003538
  6792.11308756 67376.6673631  48727.71696867  5016.65873399
 62720.26088186  5245.71987567  6258.26304316  7140.7560424
  4612.92161541 65192.05811908  4422.95187789  7069.42072705
  4704.67299248  6847.4246812   6450.85079006  5760.61518304
  6818.26680066  5729.98689979  6476.25324001 57731.21185883
  6640.38345825  5587.29762193  6027.45174364  5477.98105654
  6865.52673133  5409.16181687  6211.35354673  6130.37793436
  6489.47941852  6473.91097966  4317.99948832  5637.64072182
  6252.74631755  5234.86054389  6364.46752703  6356.36031718
  5522.40553595 63915.8736663   4501.46337156  4963.51901014
  7176.82900779  5813.71682122  5514.03969812 71389.43093784
  4716.69258408  5871.87158236  6981.21257107 53748.51063596
 57588.82048271  7078.20722396  6625.42956303  6258.6202583
  4663.56583843  6021.53803356  5734.99553182  4908.26365053
  6761.34003151 57005.77886706  6771.51782397  5247.26891981
 60182.40803969  6348.50503989  5875.60946929  5647.27316049
  6730.35732859  5748.18463211  5219.48593765  5348.82750714
 70654.3149017   6504.68148373 62696.96359123  6090.08909732
  6444.50673395  5863.48670414  5486.68396148  5829.09621624
 64093.1808756   6464.45715216  6207.81420797 67406.68787733
  4598.57838202  5670.47190251  5583.05614289  5398.66358548
  6522.94135318  5504.92887819  5360.6492747   7363.13584657
  7486.03649758  5958.12078035 55930.22813373  4552.269688
  6407.40858582  5422.34372557  7166.41758731  6303.86644582
  7138.17506464  6236.23677     6622.83828489  7270.65057263
 57791.86268703  5158.31292716  5629.00433602  6144.70596306
  5861.28657388  5178.55122581  7882.6784926   6687.34023623
  5925.42035626 55963.74682053  6176.47619004  6261.40392756
  5156.7404187  58866.74929397 60646.73587959 57077.03816853
  5443.14041841  6767.77820101  7017.58486787 59985.65639965
  6091.44717408  4362.50533969  5194.98865662  5450.93936457
  7196.31826366  6904.10634677  5393.28193145  5933.79226411
  6333.64738447  7063.73899639  6211.31741309  5811.95288363
  7066.04519845  6550.96122256  6262.52662243  5610.10465331
  5719.12141442  5678.18144065  6792.4414838   6101.042651
  7424.24397621  6300.91955917 73975.628666    3686.86648619
  7169.87490334 67480.70249743  5451.64774448  7025.6389534
  6002.3192246  52744.33527031  6333.1906492   4775.65901186
  5516.97924559  5223.44722179  7041.5597052   6173.90340329
  5582.41482621  6387.109165    7712.73477784  5933.11629263
 56983.35513181  6764.4900246   5723.89800799  6705.15567536
 61453.75422338  4877.85199801  7279.68461941 56966.71125848
  6602.11514966  5491.21552072 74831.02757364 57757.57944133
  7048.42996149  6908.35530798  6360.63101064  6084.23403118
  5348.75971036  6605.49107407  5911.08244405  6168.94732096
  6329.1849428  56231.63163524  5797.34774815  5661.05304665
  6622.18209256  4800.45150931  6275.52016923  6147.52886364
  4781.23440666 69584.07864239  4648.71181149  9011.55092059
  5619.31613277  5202.6777602  64818.16949027 62138.12342085
  5322.52103615  5645.02190022  4479.72742341  8430.0037072
  6097.95595197  7656.59082421  4971.98172678  6416.83545961
  4631.65008946 64646.30097279 55992.58528439  5530.84388882
  6578.55769066  6199.45162779  5347.21006781  4931.98268457
  6825.17191881  6692.10233796  5811.84934051  4927.47181568
  6378.95619624  5149.93277458 66604.45564027  6415.14207662
 68876.87077962 61136.27407464  5710.26553476  7421.02500402
  4563.60237237  6471.17338595  6105.02119257  6038.13156023]"
99,[-0.9811535 -0.6499473],5,-0.9640276,-0.11569941,-6.252667616799954,24,"[2.46692674e-42 8.57665312e-31 3.99717246e-21 2.53373521e-13
 2.24485623e-07 2.95772577e-03 7.41733428e-01 1.50556614e+01
 1.22261052e+02 4.97835997e+02 1.03769853e+03 1.12074888e+03
 6.56526477e+02 2.82168226e+02 1.84334941e+02 1.40599297e+02
 6.72643370e+01 1.90170064e+01 2.86448136e+00 1.38892453e-01
 3.37498818e-04 1.43634970e-08]","[83547.96886933 39938.44376778 65923.18095353  6163.83542811
  5889.23172277  7597.16121379  5458.97519996  6260.41852912
  5889.43903787 60124.54262232 58707.18786805  5851.43124533
  6672.55804452  5899.10351205 54901.18107663  3644.02490659
 46254.96031654 19807.2909378   2326.02524704  5792.77152185
  5536.91404979  4654.00774886 67877.14051554  4136.45819079
 50771.22458257 14525.05551296  4539.41232926  5611.64923112
 61710.14521746  5713.59164764  6604.00346429  5830.8603772
  6564.76914371  6377.22090496  5261.8198347   6415.79012758
  6826.53181201 71882.37922307  5220.40878053  4181.49942301
  6950.7292965   4209.29943777  6043.26148879  6363.75416409
  6528.94947514  5421.49321377  6261.70483867  5271.17125533
  6332.14933623 58087.13920582  6123.14023328  6213.84116313
  5735.30728358  6108.2260058   6104.30179036  5702.85663063
  5188.08767313  7075.37523684 50842.68861214  4397.65102915
  6367.9726269   5206.98232144  5174.84663118  6228.96789701
  5050.79170005 60536.4950898  52610.9322741   5909.39309048
  6136.13349432 54368.42959847  5570.92941356  5611.58667665
  5665.99588761  5848.2613159  70508.76877362 56190.22131395
  6291.89627344  6033.13682373  6954.98415103  4960.59314019
 75418.2315406  51359.38950928  4930.31862205  6211.53141983
  7569.66145263  5905.22793962  5941.97319294  5713.54773683
  8099.39716895  4559.26102379  6003.30309475  5399.67422301
  6425.04099574 59913.569667   55774.90426462  7056.23150718
 69129.28546558  6221.22003208  4698.64588263  8203.30996647
  6211.69854694  6275.47743517  5369.89904972  5140.17847673
  7392.423234    5648.44767615  6293.70391854  5888.87003538
  6792.11308756 67376.6673631  48727.71696867  5016.65873399
 62720.26088186  5245.71987567  6258.26304316  7140.7560424
  4612.92161541 65192.05811908  4422.95187789  7069.42072705
  4704.67299248  6847.4246812   6450.85079006  5760.61518304
  6818.26680066  5729.98689979  6476.25324001 57731.21185883
  6640.38345825  5587.29762193  6027.45174364  5477.98105654
  6865.52673133  5409.16181687  6211.35354673  6130.37793436
  6489.47941852  6473.91097966  4317.99948832  5637.64072182
  6252.74631755  5234.86054389  6364.46752703  6356.36031718
  5522.40553595 63915.8736663   4501.46337156  4963.51901014
  7176.82900779  5813.71682122  5514.03969812 71389.43093784
  4716.69258408  5871.87158236  6981.21257107 53748.51063596
 57588.82048271  7078.20722396  6625.42956303  6258.6202583
  4663.56583843  6021.53803356  5734.99553182  4908.26365053
  6761.34003151 57005.77886706  6771.51782397  5247.26891981
 60182.40803969  6348.50503989  5875.60946929  5647.27316049
  6730.35732859  5748.18463211  5219.48593765  5348.82750714
 70654.3149017   6504.68148373 62696.96359123  6090.08909732
  6444.50673395  5863.48670414  5486.68396148  5829.09621624
 64093.1808756   6464.45715216  6207.81420797 67406.68787733
  4598.57838202  5670.47190251  5583.05614289  5398.66358548
  6522.94135318  5504.92887819  5360.6492747   7363.13584657
  7486.03649758  5958.12078035 55930.22813373  4552.269688
  6407.40858582  5422.34372557  7166.41758731  6303.86644582
  7138.17506464  6236.23677     6622.83828489  7270.65057263
 57791.86268703  5158.31292716  5629.00433602  6144.70596306
  5861.28657388  5178.55122581  7882.6784926   6687.34023623
  5925.42035626 55963.74682053  6176.47619004  6261.40392756
  5156.7404187  58866.74929397 60646.73587959 57077.03816853
  5443.14041841  6767.77820101  7017.58486787 59985.65639965
  6091.44717408  4362.50533969  5194.98865662  5450.93936457
  7196.31826366  6904.10634677  5393.28193145  5933.79226411
  6333.64738447  7063.73899639  6211.31741309  5811.95288363
  7066.04519845  6550.96122256  6262.52662243  5610.10465331
  5719.12141442  5678.18144065  6792.4414838   6101.042651
  7424.24397621  6300.91955917 73975.628666    3686.86648619
  7169.87490334 67480.70249743  5451.64774448  7025.6389534
  6002.3192246  52744.33527031  6333.1906492   4775.65901186
  5516.97924559  5223.44722179  7041.5597052   6173.90340329
  5582.41482621  6387.109165    7712.73477784  5933.11629263
 56983.35513181  6764.4900246   5723.89800799  6705.15567536
 61453.75422338  4877.85199801  7279.68461941 56966.71125848
  6602.11514966  5491.21552072 74831.02757364 57757.57944133
  7048.42996149  6908.35530798  6360.63101064  6084.23403118
  5348.75971036  6605.49107407  5911.08244405  6168.94732096
  6329.1849428  56231.63163524  5797.34774815  5661.05304665
  6622.18209256  4800.45150931  6275.52016923  6147.52886364
  4781.23440666 69584.07864239  4648.71181149  9011.55092059
  5619.31613277  5202.6777602  64818.16949027 62138.12342085
  5322.52103615  5645.02190022  4479.72742341  8430.0037072
  6097.95595197  7656.59082421  4971.98172678  6416.83545961
  4631.65008946 64646.30097279 55992.58528439  5530.84388882
  6578.55769066  6199.45162779  5347.21006781  4931.98268457
  6825.17191881  6692.10233796  5811.84934051  4927.47181568
  6378.95619624  5149.93277458 66604.45564027  6415.14207662
 68876.87077962 61136.27407464  5710.26553476  7421.02500402
  4563.60237237  6471.17338595  6105.02119257  6038.13156023
  6615.63044405  4762.53020513  6164.34533993  5861.44275338
  6461.83256392 59438.6113843   6999.73429016  4915.99633582
  6395.53070021  6169.22757175  6887.97308527 64232.39611789
  7831.62091251 49741.64053893]"
99,[-0.98181045 -0.64813536],5,-0.9640276,-0.11569941,-9.406171184447393,25,"[8.64218549e-28 1.34313589e-19 6.29723344e-13 9.12116923e-08
 4.33833236e-04 9.35254952e-02 3.17206694e+00 2.96186144e+01
 1.37678203e+02 4.42339114e+02 8.91960783e+02 1.12166109e+03
 8.59057465e+02 4.12424871e+02 1.82897012e+02 9.50095924e+01
 4.67495432e+01 1.46849718e+01 2.46714280e+00 1.45072973e-01
 7.45115510e-04 1.47515559e-07]","[83547.96886933 39938.44376778 65923.18095353  6163.83542811
  5889.23172277  7597.16121379  5458.97519996  6260.41852912
  5889.43903787 60124.54262232 58707.18786805  5851.43124533
  6672.55804452  5899.10351205 54901.18107663  3644.02490659
 46254.96031654 19807.2909378   2326.02524704  5792.77152185
  5536.91404979  4654.00774886 67877.14051554  4136.45819079
 50771.22458257 14525.05551296  4539.41232926  5611.64923112
 61710.14521746  5713.59164764  6604.00346429  5830.8603772
  6564.76914371  6377.22090496  5261.8198347   6415.79012758
  6826.53181201 71882.37922307  5220.40878053  4181.49942301
  6950.7292965   4209.29943777  6043.26148879  6363.75416409
  6528.94947514  5421.49321377  6261.70483867  5271.17125533
  6332.14933623 58087.13920582  6123.14023328  6213.84116313
  5735.30728358  6108.2260058   6104.30179036  5702.85663063
  5188.08767313  7075.37523684 50842.68861214  4397.65102915
  6367.9726269   5206.98232144  5174.84663118  6228.96789701
  5050.79170005 60536.4950898  52610.9322741   5909.39309048
  6136.13349432 54368.42959847  5570.92941356  5611.58667665
  5665.99588761  5848.2613159  70508.76877362 56190.22131395
  6291.89627344  6033.13682373  6954.98415103  4960.59314019
 75418.2315406  51359.38950928  4930.31862205  6211.53141983
  7569.66145263  5905.22793962  5941.97319294  5713.54773683
  8099.39716895  4559.26102379  6003.30309475  5399.67422301
  6425.04099574 59913.569667   55774.90426462  7056.23150718
 69129.28546558  6221.22003208  4698.64588263  8203.30996647
  6211.69854694  6275.47743517  5369.89904972  5140.17847673
  7392.423234    5648.44767615  6293.70391854  5888.87003538
  6792.11308756 67376.6673631  48727.71696867  5016.65873399
 62720.26088186  5245.71987567  6258.26304316  7140.7560424
  4612.92161541 65192.05811908  4422.95187789  7069.42072705
  4704.67299248  6847.4246812   6450.85079006  5760.61518304
  6818.26680066  5729.98689979  6476.25324001 57731.21185883
  6640.38345825  5587.29762193  6027.45174364  5477.98105654
  6865.52673133  5409.16181687  6211.35354673  6130.37793436
  6489.47941852  6473.91097966  4317.99948832  5637.64072182
  6252.74631755  5234.86054389  6364.46752703  6356.36031718
  5522.40553595 63915.8736663   4501.46337156  4963.51901014
  7176.82900779  5813.71682122  5514.03969812 71389.43093784
  4716.69258408  5871.87158236  6981.21257107 53748.51063596
 57588.82048271  7078.20722396  6625.42956303  6258.6202583
  4663.56583843  6021.53803356  5734.99553182  4908.26365053
  6761.34003151 57005.77886706  6771.51782397  5247.26891981
 60182.40803969  6348.50503989  5875.60946929  5647.27316049
  6730.35732859  5748.18463211  5219.48593765  5348.82750714
 70654.3149017   6504.68148373 62696.96359123  6090.08909732
  6444.50673395  5863.48670414  5486.68396148  5829.09621624
 64093.1808756   6464.45715216  6207.81420797 67406.68787733
  4598.57838202  5670.47190251  5583.05614289  5398.66358548
  6522.94135318  5504.92887819  5360.6492747   7363.13584657
  7486.03649758  5958.12078035 55930.22813373  4552.269688
  6407.40858582  5422.34372557  7166.41758731  6303.86644582
  7138.17506464  6236.23677     6622.83828489  7270.65057263
 57791.86268703  5158.31292716  5629.00433602  6144.70596306
  5861.28657388  5178.55122581  7882.6784926   6687.34023623
  5925.42035626 55963.74682053  6176.47619004  6261.40392756
  5156.7404187  58866.74929397 60646.73587959 57077.03816853
  5443.14041841  6767.77820101  7017.58486787 59985.65639965
  6091.44717408  4362.50533969  5194.98865662  5450.93936457
  7196.31826366  6904.10634677  5393.28193145  5933.79226411
  6333.64738447  7063.73899639  6211.31741309  5811.95288363
  7066.04519845  6550.96122256  6262.52662243  5610.10465331
  5719.12141442  5678.18144065  6792.4414838   6101.042651
  7424.24397621  6300.91955917 73975.628666    3686.86648619
  7169.87490334 67480.70249743  5451.64774448  7025.6389534
  6002.3192246  52744.33527031  6333.1906492   4775.65901186
  5516.97924559  5223.44722179  7041.5597052   6173.90340329
  5582.41482621  6387.109165    7712.73477784  5933.11629263
 56983.35513181  6764.4900246   5723.89800799  6705.15567536
 61453.75422338  4877.85199801  7279.68461941 56966.71125848
  6602.11514966  5491.21552072 74831.02757364 57757.57944133
  7048.42996149  6908.35530798  6360.63101064  6084.23403118
  5348.75971036  6605.49107407  5911.08244405  6168.94732096
  6329.1849428  56231.63163524  5797.34774815  5661.05304665
  6622.18209256  4800.45150931  6275.52016923  6147.52886364
  4781.23440666 69584.07864239  4648.71181149  9011.55092059
  5619.31613277  5202.6777602  64818.16949027 62138.12342085
  5322.52103615  5645.02190022  4479.72742341  8430.0037072
  6097.95595197  7656.59082421  4971.98172678  6416.83545961
  4631.65008946 64646.30097279 55992.58528439  5530.84388882
  6578.55769066  6199.45162779  5347.21006781  4931.98268457
  6825.17191881  6692.10233796  5811.84934051  4927.47181568
  6378.95619624  5149.93277458 66604.45564027  6415.14207662
 68876.87077962 61136.27407464  5710.26553476  7421.02500402
  4563.60237237  6471.17338595  6105.02119257  6038.13156023
  6615.63044405  4762.53020513  6164.34533993  5861.44275338
  6461.83256392 59438.6113843   6999.73429016  4915.99633582
  6395.53070021  6169.22757175  6887.97308527 64232.39611789
  7831.62091251 49741.64053893  4697.65473198 64206.57175291
  6012.35471194  7980.21953428 58058.46631402  5643.12686269
 76213.99456868  4328.73031709  6881.09532138  7453.45363848
  5678.11385809  7299.36014999 61833.74583786 56851.20433617]"
99,[-0.9855738 -0.6498627],5,-0.9640276,-0.11569941,-7.718803899420468,26,"[1.06663716e-24 1.67448336e-17 1.35834892e-11 5.81346125e-07
 1.37954229e-03 2.20498435e-01 5.07578677e+00 4.29949188e+01
 1.88043110e+02 4.87162136e+02 7.94393475e+02 8.15500499e+02
 5.47328441e+02 2.92497496e+02 1.79491123e+02 1.30208729e+02
 7.69982536e+01 3.01170540e+01 7.16586038e+00 1.02717103e+00
 5.68755381e-02 3.94054442e-04]","[83547.96886933 39938.44376778 65923.18095353  6163.83542811
  5889.23172277  7597.16121379  5458.97519996  6260.41852912
  5889.43903787 60124.54262232 58707.18786805  5851.43124533
  6672.55804452  5899.10351205 54901.18107663  3644.02490659
 46254.96031654 19807.2909378   2326.02524704  5792.77152185
  5536.91404979  4654.00774886 67877.14051554  4136.45819079
 50771.22458257 14525.05551296  4539.41232926  5611.64923112
 61710.14521746  5713.59164764  6604.00346429  5830.8603772
  6564.76914371  6377.22090496  5261.8198347   6415.79012758
  6826.53181201 71882.37922307  5220.40878053  4181.49942301
  6950.7292965   4209.29943777  6043.26148879  6363.75416409
  6528.94947514  5421.49321377  6261.70483867  5271.17125533
  6332.14933623 58087.13920582  6123.14023328  6213.84116313
  5735.30728358  6108.2260058   6104.30179036  5702.85663063
  5188.08767313  7075.37523684 50842.68861214  4397.65102915
  6367.9726269   5206.98232144  5174.84663118  6228.96789701
  5050.79170005 60536.4950898  52610.9322741   5909.39309048
  6136.13349432 54368.42959847  5570.92941356  5611.58667665
  5665.99588761  5848.2613159  70508.76877362 56190.22131395
  6291.89627344  6033.13682373  6954.98415103  4960.59314019
 75418.2315406  51359.38950928  4930.31862205  6211.53141983
  7569.66145263  5905.22793962  5941.97319294  5713.54773683
  8099.39716895  4559.26102379  6003.30309475  5399.67422301
  6425.04099574 59913.569667   55774.90426462  7056.23150718
 69129.28546558  6221.22003208  4698.64588263  8203.30996647
  6211.69854694  6275.47743517  5369.89904972  5140.17847673
  7392.423234    5648.44767615  6293.70391854  5888.87003538
  6792.11308756 67376.6673631  48727.71696867  5016.65873399
 62720.26088186  5245.71987567  6258.26304316  7140.7560424
  4612.92161541 65192.05811908  4422.95187789  7069.42072705
  4704.67299248  6847.4246812   6450.85079006  5760.61518304
  6818.26680066  5729.98689979  6476.25324001 57731.21185883
  6640.38345825  5587.29762193  6027.45174364  5477.98105654
  6865.52673133  5409.16181687  6211.35354673  6130.37793436
  6489.47941852  6473.91097966  4317.99948832  5637.64072182
  6252.74631755  5234.86054389  6364.46752703  6356.36031718
  5522.40553595 63915.8736663   4501.46337156  4963.51901014
  7176.82900779  5813.71682122  5514.03969812 71389.43093784
  4716.69258408  5871.87158236  6981.21257107 53748.51063596
 57588.82048271  7078.20722396  6625.42956303  6258.6202583
  4663.56583843  6021.53803356  5734.99553182  4908.26365053
  6761.34003151 57005.77886706  6771.51782397  5247.26891981
 60182.40803969  6348.50503989  5875.60946929  5647.27316049
  6730.35732859  5748.18463211  5219.48593765  5348.82750714
 70654.3149017   6504.68148373 62696.96359123  6090.08909732
  6444.50673395  5863.48670414  5486.68396148  5829.09621624
 64093.1808756   6464.45715216  6207.81420797 67406.68787733
  4598.57838202  5670.47190251  5583.05614289  5398.66358548
  6522.94135318  5504.92887819  5360.6492747   7363.13584657
  7486.03649758  5958.12078035 55930.22813373  4552.269688
  6407.40858582  5422.34372557  7166.41758731  6303.86644582
  7138.17506464  6236.23677     6622.83828489  7270.65057263
 57791.86268703  5158.31292716  5629.00433602  6144.70596306
  5861.28657388  5178.55122581  7882.6784926   6687.34023623
  5925.42035626 55963.74682053  6176.47619004  6261.40392756
  5156.7404187  58866.74929397 60646.73587959 57077.03816853
  5443.14041841  6767.77820101  7017.58486787 59985.65639965
  6091.44717408  4362.50533969  5194.98865662  5450.93936457
  7196.31826366  6904.10634677  5393.28193145  5933.79226411
  6333.64738447  7063.73899639  6211.31741309  5811.95288363
  7066.04519845  6550.96122256  6262.52662243  5610.10465331
  5719.12141442  5678.18144065  6792.4414838   6101.042651
  7424.24397621  6300.91955917 73975.628666    3686.86648619
  7169.87490334 67480.70249743  5451.64774448  7025.6389534
  6002.3192246  52744.33527031  6333.1906492   4775.65901186
  5516.97924559  5223.44722179  7041.5597052   6173.90340329
  5582.41482621  6387.109165    7712.73477784  5933.11629263
 56983.35513181  6764.4900246   5723.89800799  6705.15567536
 61453.75422338  4877.85199801  7279.68461941 56966.71125848
  6602.11514966  5491.21552072 74831.02757364 57757.57944133
  7048.42996149  6908.35530798  6360.63101064  6084.23403118
  5348.75971036  6605.49107407  5911.08244405  6168.94732096
  6329.1849428  56231.63163524  5797.34774815  5661.05304665
  6622.18209256  4800.45150931  6275.52016923  6147.52886364
  4781.23440666 69584.07864239  4648.71181149  9011.55092059
  5619.31613277  5202.6777602  64818.16949027 62138.12342085
  5322.52103615  5645.02190022  4479.72742341  8430.0037072
  6097.95595197  7656.59082421  4971.98172678  6416.83545961
  4631.65008946 64646.30097279 55992.58528439  5530.84388882
  6578.55769066  6199.45162779  5347.21006781  4931.98268457
  6825.17191881  6692.10233796  5811.84934051  4927.47181568
  6378.95619624  5149.93277458 66604.45564027  6415.14207662
 68876.87077962 61136.27407464  5710.26553476  7421.02500402
  4563.60237237  6471.17338595  6105.02119257  6038.13156023
  6615.63044405  4762.53020513  6164.34533993  5861.44275338
  6461.83256392 59438.6113843   6999.73429016  4915.99633582
  6395.53070021  6169.22757175  6887.97308527 64232.39611789
  7831.62091251 49741.64053893  4697.65473198 64206.57175291
  6012.35471194  7980.21953428 58058.46631402  5643.12686269
 76213.99456868  4328.73031709  6881.09532138  7453.45363848
  5678.11385809  7299.36014999 61833.74583786 56851.20433617
 51964.94150026  4749.56674587  6997.81762701  5488.25390067
  6018.83119213 74034.72553718  5746.9936133   5100.87803844
  7097.3678502   5564.43610085  6503.06909685  7019.83799716
  5404.15361148  7654.98658405]"
99,[-0.9847715 -0.67396  ],5,-0.9640276,0.074012265,-6.019685080019385,27,"[3.35686045e-25 8.99661951e-18 1.03798864e-11 5.27910790e-07
 1.26562404e-03 2.02243128e-01 6.22378320e+00 5.88791146e+01
 2.46623515e+02 6.18999886e+02 9.89628683e+02 9.45374495e+02
 5.73775446e+02 2.85591240e+02 1.78821919e+02 1.25724220e+02
 6.49908653e+01 2.02067670e+01 4.99086387e+00 8.80868663e-01
 4.98908691e-02 2.72864000e-04]","[83547.96886933 39938.44376778 65923.18095353  6163.83542811
  5889.23172277  7597.16121379  5458.97519996  6260.41852912
  5889.43903787 60124.54262232 58707.18786805  5851.43124533
  6672.55804452  5899.10351205 54901.18107663  3644.02490659
 46254.96031654 19807.2909378   2326.02524704  5792.77152185
  5536.91404979  4654.00774886 67877.14051554  4136.45819079
 50771.22458257 14525.05551296  4539.41232926  5611.64923112
 61710.14521746  5713.59164764  6604.00346429  5830.8603772
  6564.76914371  6377.22090496  5261.8198347   6415.79012758
  6826.53181201 71882.37922307  5220.40878053  4181.49942301
  6950.7292965   4209.29943777  6043.26148879  6363.75416409
  6528.94947514  5421.49321377  6261.70483867  5271.17125533
  6332.14933623 58087.13920582  6123.14023328  6213.84116313
  5735.30728358  6108.2260058   6104.30179036  5702.85663063
  5188.08767313  7075.37523684 50842.68861214  4397.65102915
  6367.9726269   5206.98232144  5174.84663118  6228.96789701
  5050.79170005 60536.4950898  52610.9322741   5909.39309048
  6136.13349432 54368.42959847  5570.92941356  5611.58667665
  5665.99588761  5848.2613159  70508.76877362 56190.22131395
  6291.89627344  6033.13682373  6954.98415103  4960.59314019
 75418.2315406  51359.38950928  4930.31862205  6211.53141983
  7569.66145263  5905.22793962  5941.97319294  5713.54773683
  8099.39716895  4559.26102379  6003.30309475  5399.67422301
  6425.04099574 59913.569667   55774.90426462  7056.23150718
 69129.28546558  6221.22003208  4698.64588263  8203.30996647
  6211.69854694  6275.47743517  5369.89904972  5140.17847673
  7392.423234    5648.44767615  6293.70391854  5888.87003538
  6792.11308756 67376.6673631  48727.71696867  5016.65873399
 62720.26088186  5245.71987567  6258.26304316  7140.7560424
  4612.92161541 65192.05811908  4422.95187789  7069.42072705
  4704.67299248  6847.4246812   6450.85079006  5760.61518304
  6818.26680066  5729.98689979  6476.25324001 57731.21185883
  6640.38345825  5587.29762193  6027.45174364  5477.98105654
  6865.52673133  5409.16181687  6211.35354673  6130.37793436
  6489.47941852  6473.91097966  4317.99948832  5637.64072182
  6252.74631755  5234.86054389  6364.46752703  6356.36031718
  5522.40553595 63915.8736663   4501.46337156  4963.51901014
  7176.82900779  5813.71682122  5514.03969812 71389.43093784
  4716.69258408  5871.87158236  6981.21257107 53748.51063596
 57588.82048271  7078.20722396  6625.42956303  6258.6202583
  4663.56583843  6021.53803356  5734.99553182  4908.26365053
  6761.34003151 57005.77886706  6771.51782397  5247.26891981
 60182.40803969  6348.50503989  5875.60946929  5647.27316049
  6730.35732859  5748.18463211  5219.48593765  5348.82750714
 70654.3149017   6504.68148373 62696.96359123  6090.08909732
  6444.50673395  5863.48670414  5486.68396148  5829.09621624
 64093.1808756   6464.45715216  6207.81420797 67406.68787733
  4598.57838202  5670.47190251  5583.05614289  5398.66358548
  6522.94135318  5504.92887819  5360.6492747   7363.13584657
  7486.03649758  5958.12078035 55930.22813373  4552.269688
  6407.40858582  5422.34372557  7166.41758731  6303.86644582
  7138.17506464  6236.23677     6622.83828489  7270.65057263
 57791.86268703  5158.31292716  5629.00433602  6144.70596306
  5861.28657388  5178.55122581  7882.6784926   6687.34023623
  5925.42035626 55963.74682053  6176.47619004  6261.40392756
  5156.7404187  58866.74929397 60646.73587959 57077.03816853
  5443.14041841  6767.77820101  7017.58486787 59985.65639965
  6091.44717408  4362.50533969  5194.98865662  5450.93936457
  7196.31826366  6904.10634677  5393.28193145  5933.79226411
  6333.64738447  7063.73899639  6211.31741309  5811.95288363
  7066.04519845  6550.96122256  6262.52662243  5610.10465331
  5719.12141442  5678.18144065  6792.4414838   6101.042651
  7424.24397621  6300.91955917 73975.628666    3686.86648619
  7169.87490334 67480.70249743  5451.64774448  7025.6389534
  6002.3192246  52744.33527031  6333.1906492   4775.65901186
  5516.97924559  5223.44722179  7041.5597052   6173.90340329
  5582.41482621  6387.109165    7712.73477784  5933.11629263
 56983.35513181  6764.4900246   5723.89800799  6705.15567536
 61453.75422338  4877.85199801  7279.68461941 56966.71125848
  6602.11514966  5491.21552072 74831.02757364 57757.57944133
  7048.42996149  6908.35530798  6360.63101064  6084.23403118
  5348.75971036  6605.49107407  5911.08244405  6168.94732096
  6329.1849428  56231.63163524  5797.34774815  5661.05304665
  6622.18209256  4800.45150931  6275.52016923  6147.52886364
  4781.23440666 69584.07864239  4648.71181149  9011.55092059
  5619.31613277  5202.6777602  64818.16949027 62138.12342085
  5322.52103615  5645.02190022  4479.72742341  8430.0037072
  6097.95595197  7656.59082421  4971.98172678  6416.83545961
  4631.65008946 64646.30097279 55992.58528439  5530.84388882
  6578.55769066  6199.45162779  5347.21006781  4931.98268457
  6825.17191881  6692.10233796  5811.84934051  4927.47181568
  6378.95619624  5149.93277458 66604.45564027  6415.14207662
 68876.87077962 61136.27407464  5710.26553476  7421.02500402
  4563.60237237  6471.17338595  6105.02119257  6038.13156023
  6615.63044405  4762.53020513  6164.34533993  5861.44275338
  6461.83256392 59438.6113843   6999.73429016  4915.99633582
  6395.53070021  6169.22757175  6887.97308527 64232.39611789
  7831.62091251 49741.64053893  4697.65473198 64206.57175291
  6012.35471194  7980.21953428 58058.46631402  5643.12686269
 76213.99456868  4328.73031709  6881.09532138  7453.45363848
  5678.11385809  7299.36014999 61833.74583786 56851.20433617
 51964.94150026  4749.56674587  6997.81762701  5488.25390067
  6018.83119213 74034.72553718  5746.9936133   5100.87803844
  7097.3678502   5564.43610085  6503.06909685  7019.83799716
  5404.15361148  7654.98658405  5223.42521058  6391.6164698
  5976.49239334  5436.37347086  7538.67145495  5390.49259696
  5970.56062359  6367.53310976  6018.83027941 66033.20993953
  4652.76526509  6018.31202538  7254.84961048  5038.33426076]"
99,[-0.9894353 -0.6807727],5,-0.9640276,0.074012265,-5.161489828546155,28,"[1.14986689e-17 2.18376157e-12 3.90715829e-08 6.88292415e-05
 1.39717077e-02 5.29306420e-01 6.95603579e+00 4.30194121e+01
 1.55057365e+02 3.86516867e+02 6.20272332e+02 6.25248797e+02
 4.33074442e+02 2.47712659e+02 1.56606908e+02 1.05012716e+02
 5.77611243e+01 2.26626424e+01 6.26662073e+00 1.20907963e+00
 8.36838656e-02 9.18985908e-04]","[83547.96886933 39938.44376778 65923.18095353  6163.83542811
  5889.23172277  7597.16121379  5458.97519996  6260.41852912
  5889.43903787 60124.54262232 58707.18786805  5851.43124533
  6672.55804452  5899.10351205 54901.18107663  3644.02490659
 46254.96031654 19807.2909378   2326.02524704  5792.77152185
  5536.91404979  4654.00774886 67877.14051554  4136.45819079
 50771.22458257 14525.05551296  4539.41232926  5611.64923112
 61710.14521746  5713.59164764  6604.00346429  5830.8603772
  6564.76914371  6377.22090496  5261.8198347   6415.79012758
  6826.53181201 71882.37922307  5220.40878053  4181.49942301
  6950.7292965   4209.29943777  6043.26148879  6363.75416409
  6528.94947514  5421.49321377  6261.70483867  5271.17125533
  6332.14933623 58087.13920582  6123.14023328  6213.84116313
  5735.30728358  6108.2260058   6104.30179036  5702.85663063
  5188.08767313  7075.37523684 50842.68861214  4397.65102915
  6367.9726269   5206.98232144  5174.84663118  6228.96789701
  5050.79170005 60536.4950898  52610.9322741   5909.39309048
  6136.13349432 54368.42959847  5570.92941356  5611.58667665
  5665.99588761  5848.2613159  70508.76877362 56190.22131395
  6291.89627344  6033.13682373  6954.98415103  4960.59314019
 75418.2315406  51359.38950928  4930.31862205  6211.53141983
  7569.66145263  5905.22793962  5941.97319294  5713.54773683
  8099.39716895  4559.26102379  6003.30309475  5399.67422301
  6425.04099574 59913.569667   55774.90426462  7056.23150718
 69129.28546558  6221.22003208  4698.64588263  8203.30996647
  6211.69854694  6275.47743517  5369.89904972  5140.17847673
  7392.423234    5648.44767615  6293.70391854  5888.87003538
  6792.11308756 67376.6673631  48727.71696867  5016.65873399
 62720.26088186  5245.71987567  6258.26304316  7140.7560424
  4612.92161541 65192.05811908  4422.95187789  7069.42072705
  4704.67299248  6847.4246812   6450.85079006  5760.61518304
  6818.26680066  5729.98689979  6476.25324001 57731.21185883
  6640.38345825  5587.29762193  6027.45174364  5477.98105654
  6865.52673133  5409.16181687  6211.35354673  6130.37793436
  6489.47941852  6473.91097966  4317.99948832  5637.64072182
  6252.74631755  5234.86054389  6364.46752703  6356.36031718
  5522.40553595 63915.8736663   4501.46337156  4963.51901014
  7176.82900779  5813.71682122  5514.03969812 71389.43093784
  4716.69258408  5871.87158236  6981.21257107 53748.51063596
 57588.82048271  7078.20722396  6625.42956303  6258.6202583
  4663.56583843  6021.53803356  5734.99553182  4908.26365053
  6761.34003151 57005.77886706  6771.51782397  5247.26891981
 60182.40803969  6348.50503989  5875.60946929  5647.27316049
  6730.35732859  5748.18463211  5219.48593765  5348.82750714
 70654.3149017   6504.68148373 62696.96359123  6090.08909732
  6444.50673395  5863.48670414  5486.68396148  5829.09621624
 64093.1808756   6464.45715216  6207.81420797 67406.68787733
  4598.57838202  5670.47190251  5583.05614289  5398.66358548
  6522.94135318  5504.92887819  5360.6492747   7363.13584657
  7486.03649758  5958.12078035 55930.22813373  4552.269688
  6407.40858582  5422.34372557  7166.41758731  6303.86644582
  7138.17506464  6236.23677     6622.83828489  7270.65057263
 57791.86268703  5158.31292716  5629.00433602  6144.70596306
  5861.28657388  5178.55122581  7882.6784926   6687.34023623
  5925.42035626 55963.74682053  6176.47619004  6261.40392756
  5156.7404187  58866.74929397 60646.73587959 57077.03816853
  5443.14041841  6767.77820101  7017.58486787 59985.65639965
  6091.44717408  4362.50533969  5194.98865662  5450.93936457
  7196.31826366  6904.10634677  5393.28193145  5933.79226411
  6333.64738447  7063.73899639  6211.31741309  5811.95288363
  7066.04519845  6550.96122256  6262.52662243  5610.10465331
  5719.12141442  5678.18144065  6792.4414838   6101.042651
  7424.24397621  6300.91955917 73975.628666    3686.86648619
  7169.87490334 67480.70249743  5451.64774448  7025.6389534
  6002.3192246  52744.33527031  6333.1906492   4775.65901186
  5516.97924559  5223.44722179  7041.5597052   6173.90340329
  5582.41482621  6387.109165    7712.73477784  5933.11629263
 56983.35513181  6764.4900246   5723.89800799  6705.15567536
 61453.75422338  4877.85199801  7279.68461941 56966.71125848
  6602.11514966  5491.21552072 74831.02757364 57757.57944133
  7048.42996149  6908.35530798  6360.63101064  6084.23403118
  5348.75971036  6605.49107407  5911.08244405  6168.94732096
  6329.1849428  56231.63163524  5797.34774815  5661.05304665
  6622.18209256  4800.45150931  6275.52016923  6147.52886364
  4781.23440666 69584.07864239  4648.71181149  9011.55092059
  5619.31613277  5202.6777602  64818.16949027 62138.12342085
  5322.52103615  5645.02190022  4479.72742341  8430.0037072
  6097.95595197  7656.59082421  4971.98172678  6416.83545961
  4631.65008946 64646.30097279 55992.58528439  5530.84388882
  6578.55769066  6199.45162779  5347.21006781  4931.98268457
  6825.17191881  6692.10233796  5811.84934051  4927.47181568
  6378.95619624  5149.93277458 66604.45564027  6415.14207662
 68876.87077962 61136.27407464  5710.26553476  7421.02500402
  4563.60237237  6471.17338595  6105.02119257  6038.13156023
  6615.63044405  4762.53020513  6164.34533993  5861.44275338
  6461.83256392 59438.6113843   6999.73429016  4915.99633582
  6395.53070021  6169.22757175  6887.97308527 64232.39611789
  7831.62091251 49741.64053893  4697.65473198 64206.57175291
  6012.35471194  7980.21953428 58058.46631402  5643.12686269
 76213.99456868  4328.73031709  6881.09532138  7453.45363848
  5678.11385809  7299.36014999 61833.74583786 56851.20433617
 51964.94150026  4749.56674587  6997.81762701  5488.25390067
  6018.83119213 74034.72553718  5746.9936133   5100.87803844
  7097.3678502   5564.43610085  6503.06909685  7019.83799716
  5404.15361148  7654.98658405  5223.42521058  6391.6164698
  5976.49239334  5436.37347086  7538.67145495  5390.49259696
  5970.56062359  6367.53310976  6018.83027941 66033.20993953
  4652.76526509  6018.31202538  7254.84961048  5038.33426076
  6923.68103899  5334.45136865  6242.2493656   5516.56180447
  7300.96773274 57478.91195754  6349.89020563  6510.05261943
  6923.52129352  6661.4044468   4533.90264716  6194.08992591
  5575.90702118  6603.75837556]"
99,[-0.9836702 -0.6675236],5,-0.9640276,-0.11569941,-8.688910764207767,29,"[4.03672093e-27 5.48330511e-19 2.46008527e-12 3.72594665e-07
 2.00050839e-03 4.57672034e-01 1.05712573e+01 7.21108621e+01
 2.23877646e+02 4.93268443e+02 8.23200308e+02 9.52790527e+02
 6.90304768e+02 3.31901882e+02 1.57218239e+02 9.36090113e+01
 4.37548523e+01 1.26392495e+01 2.78042116e+00 2.18393768e-01
 1.29903567e-03 3.17301652e-07]","[83547.96886933 39938.44376778 65923.18095353  6163.83542811
  5889.23172277  7597.16121379  5458.97519996  6260.41852912
  5889.43903787 60124.54262232 58707.18786805  5851.43124533
  6672.55804452  5899.10351205 54901.18107663  3644.02490659
 46254.96031654 19807.2909378   2326.02524704  5792.77152185
  5536.91404979  4654.00774886 67877.14051554  4136.45819079
 50771.22458257 14525.05551296  4539.41232926  5611.64923112
 61710.14521746  5713.59164764  6604.00346429  5830.8603772
  6564.76914371  6377.22090496  5261.8198347   6415.79012758
  6826.53181201 71882.37922307  5220.40878053  4181.49942301
  6950.7292965   4209.29943777  6043.26148879  6363.75416409
  6528.94947514  5421.49321377  6261.70483867  5271.17125533
  6332.14933623 58087.13920582  6123.14023328  6213.84116313
  5735.30728358  6108.2260058   6104.30179036  5702.85663063
  5188.08767313  7075.37523684 50842.68861214  4397.65102915
  6367.9726269   5206.98232144  5174.84663118  6228.96789701
  5050.79170005 60536.4950898  52610.9322741   5909.39309048
  6136.13349432 54368.42959847  5570.92941356  5611.58667665
  5665.99588761  5848.2613159  70508.76877362 56190.22131395
  6291.89627344  6033.13682373  6954.98415103  4960.59314019
 75418.2315406  51359.38950928  4930.31862205  6211.53141983
  7569.66145263  5905.22793962  5941.97319294  5713.54773683
  8099.39716895  4559.26102379  6003.30309475  5399.67422301
  6425.04099574 59913.569667   55774.90426462  7056.23150718
 69129.28546558  6221.22003208  4698.64588263  8203.30996647
  6211.69854694  6275.47743517  5369.89904972  5140.17847673
  7392.423234    5648.44767615  6293.70391854  5888.87003538
  6792.11308756 67376.6673631  48727.71696867  5016.65873399
 62720.26088186  5245.71987567  6258.26304316  7140.7560424
  4612.92161541 65192.05811908  4422.95187789  7069.42072705
  4704.67299248  6847.4246812   6450.85079006  5760.61518304
  6818.26680066  5729.98689979  6476.25324001 57731.21185883
  6640.38345825  5587.29762193  6027.45174364  5477.98105654
  6865.52673133  5409.16181687  6211.35354673  6130.37793436
  6489.47941852  6473.91097966  4317.99948832  5637.64072182
  6252.74631755  5234.86054389  6364.46752703  6356.36031718
  5522.40553595 63915.8736663   4501.46337156  4963.51901014
  7176.82900779  5813.71682122  5514.03969812 71389.43093784
  4716.69258408  5871.87158236  6981.21257107 53748.51063596
 57588.82048271  7078.20722396  6625.42956303  6258.6202583
  4663.56583843  6021.53803356  5734.99553182  4908.26365053
  6761.34003151 57005.77886706  6771.51782397  5247.26891981
 60182.40803969  6348.50503989  5875.60946929  5647.27316049
  6730.35732859  5748.18463211  5219.48593765  5348.82750714
 70654.3149017   6504.68148373 62696.96359123  6090.08909732
  6444.50673395  5863.48670414  5486.68396148  5829.09621624
 64093.1808756   6464.45715216  6207.81420797 67406.68787733
  4598.57838202  5670.47190251  5583.05614289  5398.66358548
  6522.94135318  5504.92887819  5360.6492747   7363.13584657
  7486.03649758  5958.12078035 55930.22813373  4552.269688
  6407.40858582  5422.34372557  7166.41758731  6303.86644582
  7138.17506464  6236.23677     6622.83828489  7270.65057263
 57791.86268703  5158.31292716  5629.00433602  6144.70596306
  5861.28657388  5178.55122581  7882.6784926   6687.34023623
  5925.42035626 55963.74682053  6176.47619004  6261.40392756
  5156.7404187  58866.74929397 60646.73587959 57077.03816853
  5443.14041841  6767.77820101  7017.58486787 59985.65639965
  6091.44717408  4362.50533969  5194.98865662  5450.93936457
  7196.31826366  6904.10634677  5393.28193145  5933.79226411
  6333.64738447  7063.73899639  6211.31741309  5811.95288363
  7066.04519845  6550.96122256  6262.52662243  5610.10465331
  5719.12141442  5678.18144065  6792.4414838   6101.042651
  7424.24397621  6300.91955917 73975.628666    3686.86648619
  7169.87490334 67480.70249743  5451.64774448  7025.6389534
  6002.3192246  52744.33527031  6333.1906492   4775.65901186
  5516.97924559  5223.44722179  7041.5597052   6173.90340329
  5582.41482621  6387.109165    7712.73477784  5933.11629263
 56983.35513181  6764.4900246   5723.89800799  6705.15567536
 61453.75422338  4877.85199801  7279.68461941 56966.71125848
  6602.11514966  5491.21552072 74831.02757364 57757.57944133
  7048.42996149  6908.35530798  6360.63101064  6084.23403118
  5348.75971036  6605.49107407  5911.08244405  6168.94732096
  6329.1849428  56231.63163524  5797.34774815  5661.05304665
  6622.18209256  4800.45150931  6275.52016923  6147.52886364
  4781.23440666 69584.07864239  4648.71181149  9011.55092059
  5619.31613277  5202.6777602  64818.16949027 62138.12342085
  5322.52103615  5645.02190022  4479.72742341  8430.0037072
  6097.95595197  7656.59082421  4971.98172678  6416.83545961
  4631.65008946 64646.30097279 55992.58528439  5530.84388882
  6578.55769066  6199.45162779  5347.21006781  4931.98268457
  6825.17191881  6692.10233796  5811.84934051  4927.47181568
  6378.95619624  5149.93277458 66604.45564027  6415.14207662
 68876.87077962 61136.27407464  5710.26553476  7421.02500402
  4563.60237237  6471.17338595  6105.02119257  6038.13156023
  6615.63044405  4762.53020513  6164.34533993  5861.44275338
  6461.83256392 59438.6113843   6999.73429016  4915.99633582
  6395.53070021  6169.22757175  6887.97308527 64232.39611789
  7831.62091251 49741.64053893  4697.65473198 64206.57175291
  6012.35471194  7980.21953428 58058.46631402  5643.12686269
 76213.99456868  4328.73031709  6881.09532138  7453.45363848
  5678.11385809  7299.36014999 61833.74583786 56851.20433617
 51964.94150026  4749.56674587  6997.81762701  5488.25390067
  6018.83119213 74034.72553718  5746.9936133   5100.87803844
  7097.3678502   5564.43610085  6503.06909685  7019.83799716
  5404.15361148  7654.98658405  5223.42521058  6391.6164698
  5976.49239334  5436.37347086  7538.67145495  5390.49259696
  5970.56062359  6367.53310976  6018.83027941 66033.20993953
  4652.76526509  6018.31202538  7254.84961048  5038.33426076
  6923.68103899  5334.45136865  6242.2493656   5516.56180447
  7300.96773274 57478.91195754  6349.89020563  6510.05261943
  6923.52129352  6661.4044468   4533.90264716  6194.08992591
  5575.90702118  6603.75837556 65867.21184551  5957.38102554
  6242.49678118  4790.04005924 52161.64675825  5769.61173555
  5464.38218533  6334.68326032  8051.02096765  4661.03978835
  5679.18150229 78482.70137173 65295.21487134  6515.61784749]"
99,[-0.984452   -0.67812747],5,-0.9640276,0.074012265,-6.055425308319257,30,"[1.20939602e-25 4.26464817e-18 6.20715217e-12 3.81506110e-07
 1.04840414e-03 1.66768914e-01 4.14364101e+00 3.60103033e+01
 1.64904451e+02 4.66609438e+02 7.83422630e+02 8.04952320e+02
 5.19906621e+02 2.49220764e+02 1.35644895e+02 9.05244695e+01
 4.86823881e+01 1.75632264e+01 3.09528730e+00 1.77714614e-01
 1.32580217e-03 5.45090570e-07]","[83547.96886933 39938.44376778 65923.18095353  6163.83542811
  5889.23172277  7597.16121379  5458.97519996  6260.41852912
  5889.43903787 60124.54262232 58707.18786805  5851.43124533
  6672.55804452  5899.10351205 54901.18107663  3644.02490659
 46254.96031654 19807.2909378   2326.02524704  5792.77152185
  5536.91404979  4654.00774886 67877.14051554  4136.45819079
 50771.22458257 14525.05551296  4539.41232926  5611.64923112
 61710.14521746  5713.59164764  6604.00346429  5830.8603772
  6564.76914371  6377.22090496  5261.8198347   6415.79012758
  6826.53181201 71882.37922307  5220.40878053  4181.49942301
  6950.7292965   4209.29943777  6043.26148879  6363.75416409
  6528.94947514  5421.49321377  6261.70483867  5271.17125533
  6332.14933623 58087.13920582  6123.14023328  6213.84116313
  5735.30728358  6108.2260058   6104.30179036  5702.85663063
  5188.08767313  7075.37523684 50842.68861214  4397.65102915
  6367.9726269   5206.98232144  5174.84663118  6228.96789701
  5050.79170005 60536.4950898  52610.9322741   5909.39309048
  6136.13349432 54368.42959847  5570.92941356  5611.58667665
  5665.99588761  5848.2613159  70508.76877362 56190.22131395
  6291.89627344  6033.13682373  6954.98415103  4960.59314019
 75418.2315406  51359.38950928  4930.31862205  6211.53141983
  7569.66145263  5905.22793962  5941.97319294  5713.54773683
  8099.39716895  4559.26102379  6003.30309475  5399.67422301
  6425.04099574 59913.569667   55774.90426462  7056.23150718
 69129.28546558  6221.22003208  4698.64588263  8203.30996647
  6211.69854694  6275.47743517  5369.89904972  5140.17847673
  7392.423234    5648.44767615  6293.70391854  5888.87003538
  6792.11308756 67376.6673631  48727.71696867  5016.65873399
 62720.26088186  5245.71987567  6258.26304316  7140.7560424
  4612.92161541 65192.05811908  4422.95187789  7069.42072705
  4704.67299248  6847.4246812   6450.85079006  5760.61518304
  6818.26680066  5729.98689979  6476.25324001 57731.21185883
  6640.38345825  5587.29762193  6027.45174364  5477.98105654
  6865.52673133  5409.16181687  6211.35354673  6130.37793436
  6489.47941852  6473.91097966  4317.99948832  5637.64072182
  6252.74631755  5234.86054389  6364.46752703  6356.36031718
  5522.40553595 63915.8736663   4501.46337156  4963.51901014
  7176.82900779  5813.71682122  5514.03969812 71389.43093784
  4716.69258408  5871.87158236  6981.21257107 53748.51063596
 57588.82048271  7078.20722396  6625.42956303  6258.6202583
  4663.56583843  6021.53803356  5734.99553182  4908.26365053
  6761.34003151 57005.77886706  6771.51782397  5247.26891981
 60182.40803969  6348.50503989  5875.60946929  5647.27316049
  6730.35732859  5748.18463211  5219.48593765  5348.82750714
 70654.3149017   6504.68148373 62696.96359123  6090.08909732
  6444.50673395  5863.48670414  5486.68396148  5829.09621624
 64093.1808756   6464.45715216  6207.81420797 67406.68787733
  4598.57838202  5670.47190251  5583.05614289  5398.66358548
  6522.94135318  5504.92887819  5360.6492747   7363.13584657
  7486.03649758  5958.12078035 55930.22813373  4552.269688
  6407.40858582  5422.34372557  7166.41758731  6303.86644582
  7138.17506464  6236.23677     6622.83828489  7270.65057263
 57791.86268703  5158.31292716  5629.00433602  6144.70596306
  5861.28657388  5178.55122581  7882.6784926   6687.34023623
  5925.42035626 55963.74682053  6176.47619004  6261.40392756
  5156.7404187  58866.74929397 60646.73587959 57077.03816853
  5443.14041841  6767.77820101  7017.58486787 59985.65639965
  6091.44717408  4362.50533969  5194.98865662  5450.93936457
  7196.31826366  6904.10634677  5393.28193145  5933.79226411
  6333.64738447  7063.73899639  6211.31741309  5811.95288363
  7066.04519845  6550.96122256  6262.52662243  5610.10465331
  5719.12141442  5678.18144065  6792.4414838   6101.042651
  7424.24397621  6300.91955917 73975.628666    3686.86648619
  7169.87490334 67480.70249743  5451.64774448  7025.6389534
  6002.3192246  52744.33527031  6333.1906492   4775.65901186
  5516.97924559  5223.44722179  7041.5597052   6173.90340329
  5582.41482621  6387.109165    7712.73477784  5933.11629263
 56983.35513181  6764.4900246   5723.89800799  6705.15567536
 61453.75422338  4877.85199801  7279.68461941 56966.71125848
  6602.11514966  5491.21552072 74831.02757364 57757.57944133
  7048.42996149  6908.35530798  6360.63101064  6084.23403118
  5348.75971036  6605.49107407  5911.08244405  6168.94732096
  6329.1849428  56231.63163524  5797.34774815  5661.05304665
  6622.18209256  4800.45150931  6275.52016923  6147.52886364
  4781.23440666 69584.07864239  4648.71181149  9011.55092059
  5619.31613277  5202.6777602  64818.16949027 62138.12342085
  5322.52103615  5645.02190022  4479.72742341  8430.0037072
  6097.95595197  7656.59082421  4971.98172678  6416.83545961
  4631.65008946 64646.30097279 55992.58528439  5530.84388882
  6578.55769066  6199.45162779  5347.21006781  4931.98268457
  6825.17191881  6692.10233796  5811.84934051  4927.47181568
  6378.95619624  5149.93277458 66604.45564027  6415.14207662
 68876.87077962 61136.27407464  5710.26553476  7421.02500402
  4563.60237237  6471.17338595  6105.02119257  6038.13156023
  6615.63044405  4762.53020513  6164.34533993  5861.44275338
  6461.83256392 59438.6113843   6999.73429016  4915.99633582
  6395.53070021  6169.22757175  6887.97308527 64232.39611789
  7831.62091251 49741.64053893  4697.65473198 64206.57175291
  6012.35471194  7980.21953428 58058.46631402  5643.12686269
 76213.99456868  4328.73031709  6881.09532138  7453.45363848
  5678.11385809  7299.36014999 61833.74583786 56851.20433617
 51964.94150026  4749.56674587  6997.81762701  5488.25390067
  6018.83119213 74034.72553718  5746.9936133   5100.87803844
  7097.3678502   5564.43610085  6503.06909685  7019.83799716
  5404.15361148  7654.98658405  5223.42521058  6391.6164698
  5976.49239334  5436.37347086  7538.67145495  5390.49259696
  5970.56062359  6367.53310976  6018.83027941 66033.20993953
  4652.76526509  6018.31202538  7254.84961048  5038.33426076
  6923.68103899  5334.45136865  6242.2493656   5516.56180447
  7300.96773274 57478.91195754  6349.89020563  6510.05261943
  6923.52129352  6661.4044468   4533.90264716  6194.08992591
  5575.90702118  6603.75837556 65867.21184551  5957.38102554
  6242.49678118  4790.04005924 52161.64675825  5769.61173555
  5464.38218533  6334.68326032  8051.02096765  4661.03978835
  5679.18150229 78482.70137173 65295.21487134  6515.61784749
  4725.65825331  8675.62491429  5608.70259116  7085.53274606
  5853.31552711  5763.6747413   5380.6940951   6465.28613231
  6420.50294184  7373.45483104 64878.75182175 66124.33906658
  7221.64527106  6768.16673358]"
99,[-0.98683345 -0.70080274],5,-0.9640276,0.074012265,-7.381867876833931,31,"[7.05531526e-19 2.86013820e-13 1.02044198e-08 3.31637934e-05
 1.10167245e-02 5.56289006e-01 8.55452838e+00 6.00636282e+01
 2.18198259e+02 4.77634229e+02 7.05984245e+02 6.96310998e+02
 4.57427879e+02 2.27772030e+02 1.14401720e+02 6.30001279e+01
 2.89047393e+01 9.67965683e+00 2.61548960e+00 2.49766372e-01
 3.47545012e-03 5.02165376e-06]","[83547.96886933 39938.44376778 65923.18095353  6163.83542811
  5889.23172277  7597.16121379  5458.97519996  6260.41852912
  5889.43903787 60124.54262232 58707.18786805  5851.43124533
  6672.55804452  5899.10351205 54901.18107663  3644.02490659
 46254.96031654 19807.2909378   2326.02524704  5792.77152185
  5536.91404979  4654.00774886 67877.14051554  4136.45819079
 50771.22458257 14525.05551296  4539.41232926  5611.64923112
 61710.14521746  5713.59164764  6604.00346429  5830.8603772
  6564.76914371  6377.22090496  5261.8198347   6415.79012758
  6826.53181201 71882.37922307  5220.40878053  4181.49942301
  6950.7292965   4209.29943777  6043.26148879  6363.75416409
  6528.94947514  5421.49321377  6261.70483867  5271.17125533
  6332.14933623 58087.13920582  6123.14023328  6213.84116313
  5735.30728358  6108.2260058   6104.30179036  5702.85663063
  5188.08767313  7075.37523684 50842.68861214  4397.65102915
  6367.9726269   5206.98232144  5174.84663118  6228.96789701
  5050.79170005 60536.4950898  52610.9322741   5909.39309048
  6136.13349432 54368.42959847  5570.92941356  5611.58667665
  5665.99588761  5848.2613159  70508.76877362 56190.22131395
  6291.89627344  6033.13682373  6954.98415103  4960.59314019
 75418.2315406  51359.38950928  4930.31862205  6211.53141983
  7569.66145263  5905.22793962  5941.97319294  5713.54773683
  8099.39716895  4559.26102379  6003.30309475  5399.67422301
  6425.04099574 59913.569667   55774.90426462  7056.23150718
 69129.28546558  6221.22003208  4698.64588263  8203.30996647
  6211.69854694  6275.47743517  5369.89904972  5140.17847673
  7392.423234    5648.44767615  6293.70391854  5888.87003538
  6792.11308756 67376.6673631  48727.71696867  5016.65873399
 62720.26088186  5245.71987567  6258.26304316  7140.7560424
  4612.92161541 65192.05811908  4422.95187789  7069.42072705
  4704.67299248  6847.4246812   6450.85079006  5760.61518304
  6818.26680066  5729.98689979  6476.25324001 57731.21185883
  6640.38345825  5587.29762193  6027.45174364  5477.98105654
  6865.52673133  5409.16181687  6211.35354673  6130.37793436
  6489.47941852  6473.91097966  4317.99948832  5637.64072182
  6252.74631755  5234.86054389  6364.46752703  6356.36031718
  5522.40553595 63915.8736663   4501.46337156  4963.51901014
  7176.82900779  5813.71682122  5514.03969812 71389.43093784
  4716.69258408  5871.87158236  6981.21257107 53748.51063596
 57588.82048271  7078.20722396  6625.42956303  6258.6202583
  4663.56583843  6021.53803356  5734.99553182  4908.26365053
  6761.34003151 57005.77886706  6771.51782397  5247.26891981
 60182.40803969  6348.50503989  5875.60946929  5647.27316049
  6730.35732859  5748.18463211  5219.48593765  5348.82750714
 70654.3149017   6504.68148373 62696.96359123  6090.08909732
  6444.50673395  5863.48670414  5486.68396148  5829.09621624
 64093.1808756   6464.45715216  6207.81420797 67406.68787733
  4598.57838202  5670.47190251  5583.05614289  5398.66358548
  6522.94135318  5504.92887819  5360.6492747   7363.13584657
  7486.03649758  5958.12078035 55930.22813373  4552.269688
  6407.40858582  5422.34372557  7166.41758731  6303.86644582
  7138.17506464  6236.23677     6622.83828489  7270.65057263
 57791.86268703  5158.31292716  5629.00433602  6144.70596306
  5861.28657388  5178.55122581  7882.6784926   6687.34023623
  5925.42035626 55963.74682053  6176.47619004  6261.40392756
  5156.7404187  58866.74929397 60646.73587959 57077.03816853
  5443.14041841  6767.77820101  7017.58486787 59985.65639965
  6091.44717408  4362.50533969  5194.98865662  5450.93936457
  7196.31826366  6904.10634677  5393.28193145  5933.79226411
  6333.64738447  7063.73899639  6211.31741309  5811.95288363
  7066.04519845  6550.96122256  6262.52662243  5610.10465331
  5719.12141442  5678.18144065  6792.4414838   6101.042651
  7424.24397621  6300.91955917 73975.628666    3686.86648619
  7169.87490334 67480.70249743  5451.64774448  7025.6389534
  6002.3192246  52744.33527031  6333.1906492   4775.65901186
  5516.97924559  5223.44722179  7041.5597052   6173.90340329
  5582.41482621  6387.109165    7712.73477784  5933.11629263
 56983.35513181  6764.4900246   5723.89800799  6705.15567536
 61453.75422338  4877.85199801  7279.68461941 56966.71125848
  6602.11514966  5491.21552072 74831.02757364 57757.57944133
  7048.42996149  6908.35530798  6360.63101064  6084.23403118
  5348.75971036  6605.49107407  5911.08244405  6168.94732096
  6329.1849428  56231.63163524  5797.34774815  5661.05304665
  6622.18209256  4800.45150931  6275.52016923  6147.52886364
  4781.23440666 69584.07864239  4648.71181149  9011.55092059
  5619.31613277  5202.6777602  64818.16949027 62138.12342085
  5322.52103615  5645.02190022  4479.72742341  8430.0037072
  6097.95595197  7656.59082421  4971.98172678  6416.83545961
  4631.65008946 64646.30097279 55992.58528439  5530.84388882
  6578.55769066  6199.45162779  5347.21006781  4931.98268457
  6825.17191881  6692.10233796  5811.84934051  4927.47181568
  6378.95619624  5149.93277458 66604.45564027  6415.14207662
 68876.87077962 61136.27407464  5710.26553476  7421.02500402
  4563.60237237  6471.17338595  6105.02119257  6038.13156023
  6615.63044405  4762.53020513  6164.34533993  5861.44275338
  6461.83256392 59438.6113843   6999.73429016  4915.99633582
  6395.53070021  6169.22757175  6887.97308527 64232.39611789
  7831.62091251 49741.64053893  4697.65473198 64206.57175291
  6012.35471194  7980.21953428 58058.46631402  5643.12686269
 76213.99456868  4328.73031709  6881.09532138  7453.45363848
  5678.11385809  7299.36014999 61833.74583786 56851.20433617
 51964.94150026  4749.56674587  6997.81762701  5488.25390067
  6018.83119213 74034.72553718  5746.9936133   5100.87803844
  7097.3678502   5564.43610085  6503.06909685  7019.83799716
  5404.15361148  7654.98658405  5223.42521058  6391.6164698
  5976.49239334  5436.37347086  7538.67145495  5390.49259696
  5970.56062359  6367.53310976  6018.83027941 66033.20993953
  4652.76526509  6018.31202538  7254.84961048  5038.33426076
  6923.68103899  5334.45136865  6242.2493656   5516.56180447
  7300.96773274 57478.91195754  6349.89020563  6510.05261943
  6923.52129352  6661.4044468   4533.90264716  6194.08992591
  5575.90702118  6603.75837556 65867.21184551  5957.38102554
  6242.49678118  4790.04005924 52161.64675825  5769.61173555
  5464.38218533  6334.68326032  8051.02096765  4661.03978835
  5679.18150229 78482.70137173 65295.21487134  6515.61784749
  4725.65825331  8675.62491429  5608.70259116  7085.53274606
  5853.31552711  5763.6747413   5380.6940951   6465.28613231
  6420.50294184  7373.45483104 64878.75182175 66124.33906658
  7221.64527106  6768.16673358  7626.52804829 70090.84587472
  5614.08750458  5208.53211395  8474.21102945  5885.41147342
  6899.30154549  5151.05692355  7273.45399159  4785.93791592
 66098.498627   64308.15843719  5928.84484653  6323.72445224]"
99,[-0.9874767 -0.6885423],5,-0.9640276,0.074012265,-4.449511082385888,32,"[6.53452648e-25 1.58700398e-17 1.75519281e-11 9.03318557e-07
 2.27107528e-03 3.30641581e-01 5.71511701e+00 4.04828553e+01
 1.74402188e+02 4.43689814e+02 7.06913089e+02 6.92687289e+02
 4.09923482e+02 1.88027627e+02 1.09476857e+02 7.08763054e+01
 3.66696723e+01 1.25834336e+01 2.36936397e+00 1.56749099e-01
 1.23384238e-03 5.67644666e-07]","[83547.96886933 39938.44376778 65923.18095353  6163.83542811
  5889.23172277  7597.16121379  5458.97519996  6260.41852912
  5889.43903787 60124.54262232 58707.18786805  5851.43124533
  6672.55804452  5899.10351205 54901.18107663  3644.02490659
 46254.96031654 19807.2909378   2326.02524704  5792.77152185
  5536.91404979  4654.00774886 67877.14051554  4136.45819079
 50771.22458257 14525.05551296  4539.41232926  5611.64923112
 61710.14521746  5713.59164764  6604.00346429  5830.8603772
  6564.76914371  6377.22090496  5261.8198347   6415.79012758
  6826.53181201 71882.37922307  5220.40878053  4181.49942301
  6950.7292965   4209.29943777  6043.26148879  6363.75416409
  6528.94947514  5421.49321377  6261.70483867  5271.17125533
  6332.14933623 58087.13920582  6123.14023328  6213.84116313
  5735.30728358  6108.2260058   6104.30179036  5702.85663063
  5188.08767313  7075.37523684 50842.68861214  4397.65102915
  6367.9726269   5206.98232144  5174.84663118  6228.96789701
  5050.79170005 60536.4950898  52610.9322741   5909.39309048
  6136.13349432 54368.42959847  5570.92941356  5611.58667665
  5665.99588761  5848.2613159  70508.76877362 56190.22131395
  6291.89627344  6033.13682373  6954.98415103  4960.59314019
 75418.2315406  51359.38950928  4930.31862205  6211.53141983
  7569.66145263  5905.22793962  5941.97319294  5713.54773683
  8099.39716895  4559.26102379  6003.30309475  5399.67422301
  6425.04099574 59913.569667   55774.90426462  7056.23150718
 69129.28546558  6221.22003208  4698.64588263  8203.30996647
  6211.69854694  6275.47743517  5369.89904972  5140.17847673
  7392.423234    5648.44767615  6293.70391854  5888.87003538
  6792.11308756 67376.6673631  48727.71696867  5016.65873399
 62720.26088186  5245.71987567  6258.26304316  7140.7560424
  4612.92161541 65192.05811908  4422.95187789  7069.42072705
  4704.67299248  6847.4246812   6450.85079006  5760.61518304
  6818.26680066  5729.98689979  6476.25324001 57731.21185883
  6640.38345825  5587.29762193  6027.45174364  5477.98105654
  6865.52673133  5409.16181687  6211.35354673  6130.37793436
  6489.47941852  6473.91097966  4317.99948832  5637.64072182
  6252.74631755  5234.86054389  6364.46752703  6356.36031718
  5522.40553595 63915.8736663   4501.46337156  4963.51901014
  7176.82900779  5813.71682122  5514.03969812 71389.43093784
  4716.69258408  5871.87158236  6981.21257107 53748.51063596
 57588.82048271  7078.20722396  6625.42956303  6258.6202583
  4663.56583843  6021.53803356  5734.99553182  4908.26365053
  6761.34003151 57005.77886706  6771.51782397  5247.26891981
 60182.40803969  6348.50503989  5875.60946929  5647.27316049
  6730.35732859  5748.18463211  5219.48593765  5348.82750714
 70654.3149017   6504.68148373 62696.96359123  6090.08909732
  6444.50673395  5863.48670414  5486.68396148  5829.09621624
 64093.1808756   6464.45715216  6207.81420797 67406.68787733
  4598.57838202  5670.47190251  5583.05614289  5398.66358548
  6522.94135318  5504.92887819  5360.6492747   7363.13584657
  7486.03649758  5958.12078035 55930.22813373  4552.269688
  6407.40858582  5422.34372557  7166.41758731  6303.86644582
  7138.17506464  6236.23677     6622.83828489  7270.65057263
 57791.86268703  5158.31292716  5629.00433602  6144.70596306
  5861.28657388  5178.55122581  7882.6784926   6687.34023623
  5925.42035626 55963.74682053  6176.47619004  6261.40392756
  5156.7404187  58866.74929397 60646.73587959 57077.03816853
  5443.14041841  6767.77820101  7017.58486787 59985.65639965
  6091.44717408  4362.50533969  5194.98865662  5450.93936457
  7196.31826366  6904.10634677  5393.28193145  5933.79226411
  6333.64738447  7063.73899639  6211.31741309  5811.95288363
  7066.04519845  6550.96122256  6262.52662243  5610.10465331
  5719.12141442  5678.18144065  6792.4414838   6101.042651
  7424.24397621  6300.91955917 73975.628666    3686.86648619
  7169.87490334 67480.70249743  5451.64774448  7025.6389534
  6002.3192246  52744.33527031  6333.1906492   4775.65901186
  5516.97924559  5223.44722179  7041.5597052   6173.90340329
  5582.41482621  6387.109165    7712.73477784  5933.11629263
 56983.35513181  6764.4900246   5723.89800799  6705.15567536
 61453.75422338  4877.85199801  7279.68461941 56966.71125848
  6602.11514966  5491.21552072 74831.02757364 57757.57944133
  7048.42996149  6908.35530798  6360.63101064  6084.23403118
  5348.75971036  6605.49107407  5911.08244405  6168.94732096
  6329.1849428  56231.63163524  5797.34774815  5661.05304665
  6622.18209256  4800.45150931  6275.52016923  6147.52886364
  4781.23440666 69584.07864239  4648.71181149  9011.55092059
  5619.31613277  5202.6777602  64818.16949027 62138.12342085
  5322.52103615  5645.02190022  4479.72742341  8430.0037072
  6097.95595197  7656.59082421  4971.98172678  6416.83545961
  4631.65008946 64646.30097279 55992.58528439  5530.84388882
  6578.55769066  6199.45162779  5347.21006781  4931.98268457
  6825.17191881  6692.10233796  5811.84934051  4927.47181568
  6378.95619624  5149.93277458 66604.45564027  6415.14207662
 68876.87077962 61136.27407464  5710.26553476  7421.02500402
  4563.60237237  6471.17338595  6105.02119257  6038.13156023
  6615.63044405  4762.53020513  6164.34533993  5861.44275338
  6461.83256392 59438.6113843   6999.73429016  4915.99633582
  6395.53070021  6169.22757175  6887.97308527 64232.39611789
  7831.62091251 49741.64053893  4697.65473198 64206.57175291
  6012.35471194  7980.21953428 58058.46631402  5643.12686269
 76213.99456868  4328.73031709  6881.09532138  7453.45363848
  5678.11385809  7299.36014999 61833.74583786 56851.20433617
 51964.94150026  4749.56674587  6997.81762701  5488.25390067
  6018.83119213 74034.72553718  5746.9936133   5100.87803844
  7097.3678502   5564.43610085  6503.06909685  7019.83799716
  5404.15361148  7654.98658405  5223.42521058  6391.6164698
  5976.49239334  5436.37347086  7538.67145495  5390.49259696
  5970.56062359  6367.53310976  6018.83027941 66033.20993953
  4652.76526509  6018.31202538  7254.84961048  5038.33426076
  6923.68103899  5334.45136865  6242.2493656   5516.56180447
  7300.96773274 57478.91195754  6349.89020563  6510.05261943
  6923.52129352  6661.4044468   4533.90264716  6194.08992591
  5575.90702118  6603.75837556 65867.21184551  5957.38102554
  6242.49678118  4790.04005924 52161.64675825  5769.61173555
  5464.38218533  6334.68326032  8051.02096765  4661.03978835
  5679.18150229 78482.70137173 65295.21487134  6515.61784749
  4725.65825331  8675.62491429  5608.70259116  7085.53274606
  5853.31552711  5763.6747413   5380.6940951   6465.28613231
  6420.50294184  7373.45483104 64878.75182175 66124.33906658
  7221.64527106  6768.16673358  7626.52804829 70090.84587472
  5614.08750458  5208.53211395  8474.21102945  5885.41147342
  6899.30154549  5151.05692355  7273.45399159  4785.93791592
 66098.498627   64308.15843719  5928.84484653  6323.72445224
  6362.71543488  6355.54874033  5998.44162359  5699.22447936
  6359.69866339  6360.35273629  6308.92191476  6128.52354027
  6806.38586631  6612.77887821  5471.79669053  5057.86430425
  5303.40866033  6369.35710904]"
99,[-0.9845341 -0.6601561],5,-0.9640276,-0.11569941,-4.83984008847556,33,"[1.33944105e-24 1.82399911e-17 1.27938294e-11 4.72403646e-07
 9.70239854e-04 1.40045183e-01 3.41764400e+00 3.63351636e+01
 1.90991510e+02 5.43752924e+02 9.50318047e+02 9.91752519e+02
 6.37075184e+02 3.20218918e+02 2.15946057e+02 1.60518525e+02
 8.33121296e+01 2.74554669e+01 6.37294826e+00 9.56782798e-01
 5.13562420e-02 3.31561331e-04]","[83547.96886933 39938.44376778 65923.18095353  6163.83542811
  5889.23172277  7597.16121379  5458.97519996  6260.41852912
  5889.43903787 60124.54262232 58707.18786805  5851.43124533
  6672.55804452  5899.10351205 54901.18107663  3644.02490659
 46254.96031654 19807.2909378   2326.02524704  5792.77152185
  5536.91404979  4654.00774886 67877.14051554  4136.45819079
 50771.22458257 14525.05551296  4539.41232926  5611.64923112
 61710.14521746  5713.59164764  6604.00346429  5830.8603772
  6564.76914371  6377.22090496  5261.8198347   6415.79012758
  6826.53181201 71882.37922307  5220.40878053  4181.49942301
  6950.7292965   4209.29943777  6043.26148879  6363.75416409
  6528.94947514  5421.49321377  6261.70483867  5271.17125533
  6332.14933623 58087.13920582  6123.14023328  6213.84116313
  5735.30728358  6108.2260058   6104.30179036  5702.85663063
  5188.08767313  7075.37523684 50842.68861214  4397.65102915
  6367.9726269   5206.98232144  5174.84663118  6228.96789701
  5050.79170005 60536.4950898  52610.9322741   5909.39309048
  6136.13349432 54368.42959847  5570.92941356  5611.58667665
  5665.99588761  5848.2613159  70508.76877362 56190.22131395
  6291.89627344  6033.13682373  6954.98415103  4960.59314019
 75418.2315406  51359.38950928  4930.31862205  6211.53141983
  7569.66145263  5905.22793962  5941.97319294  5713.54773683
  8099.39716895  4559.26102379  6003.30309475  5399.67422301
  6425.04099574 59913.569667   55774.90426462  7056.23150718
 69129.28546558  6221.22003208  4698.64588263  8203.30996647
  6211.69854694  6275.47743517  5369.89904972  5140.17847673
  7392.423234    5648.44767615  6293.70391854  5888.87003538
  6792.11308756 67376.6673631  48727.71696867  5016.65873399
 62720.26088186  5245.71987567  6258.26304316  7140.7560424
  4612.92161541 65192.05811908  4422.95187789  7069.42072705
  4704.67299248  6847.4246812   6450.85079006  5760.61518304
  6818.26680066  5729.98689979  6476.25324001 57731.21185883
  6640.38345825  5587.29762193  6027.45174364  5477.98105654
  6865.52673133  5409.16181687  6211.35354673  6130.37793436
  6489.47941852  6473.91097966  4317.99948832  5637.64072182
  6252.74631755  5234.86054389  6364.46752703  6356.36031718
  5522.40553595 63915.8736663   4501.46337156  4963.51901014
  7176.82900779  5813.71682122  5514.03969812 71389.43093784
  4716.69258408  5871.87158236  6981.21257107 53748.51063596
 57588.82048271  7078.20722396  6625.42956303  6258.6202583
  4663.56583843  6021.53803356  5734.99553182  4908.26365053
  6761.34003151 57005.77886706  6771.51782397  5247.26891981
 60182.40803969  6348.50503989  5875.60946929  5647.27316049
  6730.35732859  5748.18463211  5219.48593765  5348.82750714
 70654.3149017   6504.68148373 62696.96359123  6090.08909732
  6444.50673395  5863.48670414  5486.68396148  5829.09621624
 64093.1808756   6464.45715216  6207.81420797 67406.68787733
  4598.57838202  5670.47190251  5583.05614289  5398.66358548
  6522.94135318  5504.92887819  5360.6492747   7363.13584657
  7486.03649758  5958.12078035 55930.22813373  4552.269688
  6407.40858582  5422.34372557  7166.41758731  6303.86644582
  7138.17506464  6236.23677     6622.83828489  7270.65057263
 57791.86268703  5158.31292716  5629.00433602  6144.70596306
  5861.28657388  5178.55122581  7882.6784926   6687.34023623
  5925.42035626 55963.74682053  6176.47619004  6261.40392756
  5156.7404187  58866.74929397 60646.73587959 57077.03816853
  5443.14041841  6767.77820101  7017.58486787 59985.65639965
  6091.44717408  4362.50533969  5194.98865662  5450.93936457
  7196.31826366  6904.10634677  5393.28193145  5933.79226411
  6333.64738447  7063.73899639  6211.31741309  5811.95288363
  7066.04519845  6550.96122256  6262.52662243  5610.10465331
  5719.12141442  5678.18144065  6792.4414838   6101.042651
  7424.24397621  6300.91955917 73975.628666    3686.86648619
  7169.87490334 67480.70249743  5451.64774448  7025.6389534
  6002.3192246  52744.33527031  6333.1906492   4775.65901186
  5516.97924559  5223.44722179  7041.5597052   6173.90340329
  5582.41482621  6387.109165    7712.73477784  5933.11629263
 56983.35513181  6764.4900246   5723.89800799  6705.15567536
 61453.75422338  4877.85199801  7279.68461941 56966.71125848
  6602.11514966  5491.21552072 74831.02757364 57757.57944133
  7048.42996149  6908.35530798  6360.63101064  6084.23403118
  5348.75971036  6605.49107407  5911.08244405  6168.94732096
  6329.1849428  56231.63163524  5797.34774815  5661.05304665
  6622.18209256  4800.45150931  6275.52016923  6147.52886364
  4781.23440666 69584.07864239  4648.71181149  9011.55092059
  5619.31613277  5202.6777602  64818.16949027 62138.12342085
  5322.52103615  5645.02190022  4479.72742341  8430.0037072
  6097.95595197  7656.59082421  4971.98172678  6416.83545961
  4631.65008946 64646.30097279 55992.58528439  5530.84388882
  6578.55769066  6199.45162779  5347.21006781  4931.98268457
  6825.17191881  6692.10233796  5811.84934051  4927.47181568
  6378.95619624  5149.93277458 66604.45564027  6415.14207662
 68876.87077962 61136.27407464  5710.26553476  7421.02500402
  4563.60237237  6471.17338595  6105.02119257  6038.13156023
  6615.63044405  4762.53020513  6164.34533993  5861.44275338
  6461.83256392 59438.6113843   6999.73429016  4915.99633582
  6395.53070021  6169.22757175  6887.97308527 64232.39611789
  7831.62091251 49741.64053893  4697.65473198 64206.57175291
  6012.35471194  7980.21953428 58058.46631402  5643.12686269
 76213.99456868  4328.73031709  6881.09532138  7453.45363848
  5678.11385809  7299.36014999 61833.74583786 56851.20433617
 51964.94150026  4749.56674587  6997.81762701  5488.25390067
  6018.83119213 74034.72553718  5746.9936133   5100.87803844
  7097.3678502   5564.43610085  6503.06909685  7019.83799716
  5404.15361148  7654.98658405  5223.42521058  6391.6164698
  5976.49239334  5436.37347086  7538.67145495  5390.49259696
  5970.56062359  6367.53310976  6018.83027941 66033.20993953
  4652.76526509  6018.31202538  7254.84961048  5038.33426076
  6923.68103899  5334.45136865  6242.2493656   5516.56180447
  7300.96773274 57478.91195754  6349.89020563  6510.05261943
  6923.52129352  6661.4044468   4533.90264716  6194.08992591
  5575.90702118  6603.75837556 65867.21184551  5957.38102554
  6242.49678118  4790.04005924 52161.64675825  5769.61173555
  5464.38218533  6334.68326032  8051.02096765  4661.03978835
  5679.18150229 78482.70137173 65295.21487134  6515.61784749
  4725.65825331  8675.62491429  5608.70259116  7085.53274606
  5853.31552711  5763.6747413   5380.6940951   6465.28613231
  6420.50294184  7373.45483104 64878.75182175 66124.33906658
  7221.64527106  6768.16673358  7626.52804829 70090.84587472
  5614.08750458  5208.53211395  8474.21102945  5885.41147342
  6899.30154549  5151.05692355  7273.45399159  4785.93791592
 66098.498627   64308.15843719  5928.84484653  6323.72445224
  6362.71543488  6355.54874033  5998.44162359  5699.22447936
  6359.69866339  6360.35273629  6308.92191476  6128.52354027
  6806.38586631  6612.77887821  5471.79669053  5057.86430425
  5303.40866033  6369.35710904  4604.11097692  5592.27594588
  6482.03273404  6459.81705765  4854.99597728  7278.50375746
  5024.49883722  6197.83694108  5209.46829917  5540.6469082
  7522.7058514   5805.2204071   6468.19581257  5782.46455314]"
99,[-0.98124933 -0.698321  ],5,-0.9640276,0.074012265,-8.265707088544275,34,"[2.08090259e-25 5.77368887e-18 7.67761043e-12 4.99118270e-07
 1.65862627e-03 3.29851962e-01 7.62260047e+00 6.14227042e+01
 2.68252040e+02 6.90359710e+02 1.09093596e+03 1.03379989e+03
 5.98864575e+02 2.65011624e+02 1.51236823e+02 1.02680803e+02
 5.69364645e+01 1.86316585e+01 4.71684675e+00 8.30328962e-01
 4.45830621e-02 2.48121207e-04]","[83547.96886933 39938.44376778 65923.18095353  6163.83542811
  5889.23172277  7597.16121379  5458.97519996  6260.41852912
  5889.43903787 60124.54262232 58707.18786805  5851.43124533
  6672.55804452  5899.10351205 54901.18107663  3644.02490659
 46254.96031654 19807.2909378   2326.02524704  5792.77152185
  5536.91404979  4654.00774886 67877.14051554  4136.45819079
 50771.22458257 14525.05551296  4539.41232926  5611.64923112
 61710.14521746  5713.59164764  6604.00346429  5830.8603772
  6564.76914371  6377.22090496  5261.8198347   6415.79012758
  6826.53181201 71882.37922307  5220.40878053  4181.49942301
  6950.7292965   4209.29943777  6043.26148879  6363.75416409
  6528.94947514  5421.49321377  6261.70483867  5271.17125533
  6332.14933623 58087.13920582  6123.14023328  6213.84116313
  5735.30728358  6108.2260058   6104.30179036  5702.85663063
  5188.08767313  7075.37523684 50842.68861214  4397.65102915
  6367.9726269   5206.98232144  5174.84663118  6228.96789701
  5050.79170005 60536.4950898  52610.9322741   5909.39309048
  6136.13349432 54368.42959847  5570.92941356  5611.58667665
  5665.99588761  5848.2613159  70508.76877362 56190.22131395
  6291.89627344  6033.13682373  6954.98415103  4960.59314019
 75418.2315406  51359.38950928  4930.31862205  6211.53141983
  7569.66145263  5905.22793962  5941.97319294  5713.54773683
  8099.39716895  4559.26102379  6003.30309475  5399.67422301
  6425.04099574 59913.569667   55774.90426462  7056.23150718
 69129.28546558  6221.22003208  4698.64588263  8203.30996647
  6211.69854694  6275.47743517  5369.89904972  5140.17847673
  7392.423234    5648.44767615  6293.70391854  5888.87003538
  6792.11308756 67376.6673631  48727.71696867  5016.65873399
 62720.26088186  5245.71987567  6258.26304316  7140.7560424
  4612.92161541 65192.05811908  4422.95187789  7069.42072705
  4704.67299248  6847.4246812   6450.85079006  5760.61518304
  6818.26680066  5729.98689979  6476.25324001 57731.21185883
  6640.38345825  5587.29762193  6027.45174364  5477.98105654
  6865.52673133  5409.16181687  6211.35354673  6130.37793436
  6489.47941852  6473.91097966  4317.99948832  5637.64072182
  6252.74631755  5234.86054389  6364.46752703  6356.36031718
  5522.40553595 63915.8736663   4501.46337156  4963.51901014
  7176.82900779  5813.71682122  5514.03969812 71389.43093784
  4716.69258408  5871.87158236  6981.21257107 53748.51063596
 57588.82048271  7078.20722396  6625.42956303  6258.6202583
  4663.56583843  6021.53803356  5734.99553182  4908.26365053
  6761.34003151 57005.77886706  6771.51782397  5247.26891981
 60182.40803969  6348.50503989  5875.60946929  5647.27316049
  6730.35732859  5748.18463211  5219.48593765  5348.82750714
 70654.3149017   6504.68148373 62696.96359123  6090.08909732
  6444.50673395  5863.48670414  5486.68396148  5829.09621624
 64093.1808756   6464.45715216  6207.81420797 67406.68787733
  4598.57838202  5670.47190251  5583.05614289  5398.66358548
  6522.94135318  5504.92887819  5360.6492747   7363.13584657
  7486.03649758  5958.12078035 55930.22813373  4552.269688
  6407.40858582  5422.34372557  7166.41758731  6303.86644582
  7138.17506464  6236.23677     6622.83828489  7270.65057263
 57791.86268703  5158.31292716  5629.00433602  6144.70596306
  5861.28657388  5178.55122581  7882.6784926   6687.34023623
  5925.42035626 55963.74682053  6176.47619004  6261.40392756
  5156.7404187  58866.74929397 60646.73587959 57077.03816853
  5443.14041841  6767.77820101  7017.58486787 59985.65639965
  6091.44717408  4362.50533969  5194.98865662  5450.93936457
  7196.31826366  6904.10634677  5393.28193145  5933.79226411
  6333.64738447  7063.73899639  6211.31741309  5811.95288363
  7066.04519845  6550.96122256  6262.52662243  5610.10465331
  5719.12141442  5678.18144065  6792.4414838   6101.042651
  7424.24397621  6300.91955917 73975.628666    3686.86648619
  7169.87490334 67480.70249743  5451.64774448  7025.6389534
  6002.3192246  52744.33527031  6333.1906492   4775.65901186
  5516.97924559  5223.44722179  7041.5597052   6173.90340329
  5582.41482621  6387.109165    7712.73477784  5933.11629263
 56983.35513181  6764.4900246   5723.89800799  6705.15567536
 61453.75422338  4877.85199801  7279.68461941 56966.71125848
  6602.11514966  5491.21552072 74831.02757364 57757.57944133
  7048.42996149  6908.35530798  6360.63101064  6084.23403118
  5348.75971036  6605.49107407  5911.08244405  6168.94732096
  6329.1849428  56231.63163524  5797.34774815  5661.05304665
  6622.18209256  4800.45150931  6275.52016923  6147.52886364
  4781.23440666 69584.07864239  4648.71181149  9011.55092059
  5619.31613277  5202.6777602  64818.16949027 62138.12342085
  5322.52103615  5645.02190022  4479.72742341  8430.0037072
  6097.95595197  7656.59082421  4971.98172678  6416.83545961
  4631.65008946 64646.30097279 55992.58528439  5530.84388882
  6578.55769066  6199.45162779  5347.21006781  4931.98268457
  6825.17191881  6692.10233796  5811.84934051  4927.47181568
  6378.95619624  5149.93277458 66604.45564027  6415.14207662
 68876.87077962 61136.27407464  5710.26553476  7421.02500402
  4563.60237237  6471.17338595  6105.02119257  6038.13156023
  6615.63044405  4762.53020513  6164.34533993  5861.44275338
  6461.83256392 59438.6113843   6999.73429016  4915.99633582
  6395.53070021  6169.22757175  6887.97308527 64232.39611789
  7831.62091251 49741.64053893  4697.65473198 64206.57175291
  6012.35471194  7980.21953428 58058.46631402  5643.12686269
 76213.99456868  4328.73031709  6881.09532138  7453.45363848
  5678.11385809  7299.36014999 61833.74583786 56851.20433617
 51964.94150026  4749.56674587  6997.81762701  5488.25390067
  6018.83119213 74034.72553718  5746.9936133   5100.87803844
  7097.3678502   5564.43610085  6503.06909685  7019.83799716
  5404.15361148  7654.98658405  5223.42521058  6391.6164698
  5976.49239334  5436.37347086  7538.67145495  5390.49259696
  5970.56062359  6367.53310976  6018.83027941 66033.20993953
  4652.76526509  6018.31202538  7254.84961048  5038.33426076
  6923.68103899  5334.45136865  6242.2493656   5516.56180447
  7300.96773274 57478.91195754  6349.89020563  6510.05261943
  6923.52129352  6661.4044468   4533.90264716  6194.08992591
  5575.90702118  6603.75837556 65867.21184551  5957.38102554
  6242.49678118  4790.04005924 52161.64675825  5769.61173555
  5464.38218533  6334.68326032  8051.02096765  4661.03978835
  5679.18150229 78482.70137173 65295.21487134  6515.61784749
  4725.65825331  8675.62491429  5608.70259116  7085.53274606
  5853.31552711  5763.6747413   5380.6940951   6465.28613231
  6420.50294184  7373.45483104 64878.75182175 66124.33906658
  7221.64527106  6768.16673358  7626.52804829 70090.84587472
  5614.08750458  5208.53211395  8474.21102945  5885.41147342
  6899.30154549  5151.05692355  7273.45399159  4785.93791592
 66098.498627   64308.15843719  5928.84484653  6323.72445224
  6362.71543488  6355.54874033  5998.44162359  5699.22447936
  6359.69866339  6360.35273629  6308.92191476  6128.52354027
  6806.38586631  6612.77887821  5471.79669053  5057.86430425
  5303.40866033  6369.35710904  4604.11097692  5592.27594588
  6482.03273404  6459.81705765  4854.99597728  7278.50375746
  5024.49883722  6197.83694108  5209.46829917  5540.6469082
  7522.7058514   5805.2204071   6468.19581257  5782.46455314
  5692.33250491 72477.41115467 51600.06891208  8856.52166366
 62943.69318919  5752.15755694  6434.41781206  6175.45290944
  5454.62450261 66271.70139824  5796.18657665  5358.69525856
  8359.56566151  6360.01816964]"
99,[-0.98946875 -0.6516962 ],5,-0.9640276,-0.11569941,-8.332657550211044,35,"[4.37352406e-19 4.52003915e-13 2.84233145e-08 1.12483799e-04
 3.07983367e-02 8.47283725e-01 7.70779877e+00 5.12804749e+01
 1.82180450e+02 4.31249012e+02 6.48397393e+02 6.04668769e+02
 3.95895395e+02 2.39787117e+02 1.77118281e+02 1.32697967e+02
 7.56514635e+01 3.18680179e+01 1.02585902e+01 2.37697209e+00
 1.53772124e-01 1.02854760e-03]","[83547.96886933 39938.44376778 65923.18095353  6163.83542811
  5889.23172277  7597.16121379  5458.97519996  6260.41852912
  5889.43903787 60124.54262232 58707.18786805  5851.43124533
  6672.55804452  5899.10351205 54901.18107663  3644.02490659
 46254.96031654 19807.2909378   2326.02524704  5792.77152185
  5536.91404979  4654.00774886 67877.14051554  4136.45819079
 50771.22458257 14525.05551296  4539.41232926  5611.64923112
 61710.14521746  5713.59164764  6604.00346429  5830.8603772
  6564.76914371  6377.22090496  5261.8198347   6415.79012758
  6826.53181201 71882.37922307  5220.40878053  4181.49942301
  6950.7292965   4209.29943777  6043.26148879  6363.75416409
  6528.94947514  5421.49321377  6261.70483867  5271.17125533
  6332.14933623 58087.13920582  6123.14023328  6213.84116313
  5735.30728358  6108.2260058   6104.30179036  5702.85663063
  5188.08767313  7075.37523684 50842.68861214  4397.65102915
  6367.9726269   5206.98232144  5174.84663118  6228.96789701
  5050.79170005 60536.4950898  52610.9322741   5909.39309048
  6136.13349432 54368.42959847  5570.92941356  5611.58667665
  5665.99588761  5848.2613159  70508.76877362 56190.22131395
  6291.89627344  6033.13682373  6954.98415103  4960.59314019
 75418.2315406  51359.38950928  4930.31862205  6211.53141983
  7569.66145263  5905.22793962  5941.97319294  5713.54773683
  8099.39716895  4559.26102379  6003.30309475  5399.67422301
  6425.04099574 59913.569667   55774.90426462  7056.23150718
 69129.28546558  6221.22003208  4698.64588263  8203.30996647
  6211.69854694  6275.47743517  5369.89904972  5140.17847673
  7392.423234    5648.44767615  6293.70391854  5888.87003538
  6792.11308756 67376.6673631  48727.71696867  5016.65873399
 62720.26088186  5245.71987567  6258.26304316  7140.7560424
  4612.92161541 65192.05811908  4422.95187789  7069.42072705
  4704.67299248  6847.4246812   6450.85079006  5760.61518304
  6818.26680066  5729.98689979  6476.25324001 57731.21185883
  6640.38345825  5587.29762193  6027.45174364  5477.98105654
  6865.52673133  5409.16181687  6211.35354673  6130.37793436
  6489.47941852  6473.91097966  4317.99948832  5637.64072182
  6252.74631755  5234.86054389  6364.46752703  6356.36031718
  5522.40553595 63915.8736663   4501.46337156  4963.51901014
  7176.82900779  5813.71682122  5514.03969812 71389.43093784
  4716.69258408  5871.87158236  6981.21257107 53748.51063596
 57588.82048271  7078.20722396  6625.42956303  6258.6202583
  4663.56583843  6021.53803356  5734.99553182  4908.26365053
  6761.34003151 57005.77886706  6771.51782397  5247.26891981
 60182.40803969  6348.50503989  5875.60946929  5647.27316049
  6730.35732859  5748.18463211  5219.48593765  5348.82750714
 70654.3149017   6504.68148373 62696.96359123  6090.08909732
  6444.50673395  5863.48670414  5486.68396148  5829.09621624
 64093.1808756   6464.45715216  6207.81420797 67406.68787733
  4598.57838202  5670.47190251  5583.05614289  5398.66358548
  6522.94135318  5504.92887819  5360.6492747   7363.13584657
  7486.03649758  5958.12078035 55930.22813373  4552.269688
  6407.40858582  5422.34372557  7166.41758731  6303.86644582
  7138.17506464  6236.23677     6622.83828489  7270.65057263
 57791.86268703  5158.31292716  5629.00433602  6144.70596306
  5861.28657388  5178.55122581  7882.6784926   6687.34023623
  5925.42035626 55963.74682053  6176.47619004  6261.40392756
  5156.7404187  58866.74929397 60646.73587959 57077.03816853
  5443.14041841  6767.77820101  7017.58486787 59985.65639965
  6091.44717408  4362.50533969  5194.98865662  5450.93936457
  7196.31826366  6904.10634677  5393.28193145  5933.79226411
  6333.64738447  7063.73899639  6211.31741309  5811.95288363
  7066.04519845  6550.96122256  6262.52662243  5610.10465331
  5719.12141442  5678.18144065  6792.4414838   6101.042651
  7424.24397621  6300.91955917 73975.628666    3686.86648619
  7169.87490334 67480.70249743  5451.64774448  7025.6389534
  6002.3192246  52744.33527031  6333.1906492   4775.65901186
  5516.97924559  5223.44722179  7041.5597052   6173.90340329
  5582.41482621  6387.109165    7712.73477784  5933.11629263
 56983.35513181  6764.4900246   5723.89800799  6705.15567536
 61453.75422338  4877.85199801  7279.68461941 56966.71125848
  6602.11514966  5491.21552072 74831.02757364 57757.57944133
  7048.42996149  6908.35530798  6360.63101064  6084.23403118
  5348.75971036  6605.49107407  5911.08244405  6168.94732096
  6329.1849428  56231.63163524  5797.34774815  5661.05304665
  6622.18209256  4800.45150931  6275.52016923  6147.52886364
  4781.23440666 69584.07864239  4648.71181149  9011.55092059
  5619.31613277  5202.6777602  64818.16949027 62138.12342085
  5322.52103615  5645.02190022  4479.72742341  8430.0037072
  6097.95595197  7656.59082421  4971.98172678  6416.83545961
  4631.65008946 64646.30097279 55992.58528439  5530.84388882
  6578.55769066  6199.45162779  5347.21006781  4931.98268457
  6825.17191881  6692.10233796  5811.84934051  4927.47181568
  6378.95619624  5149.93277458 66604.45564027  6415.14207662
 68876.87077962 61136.27407464  5710.26553476  7421.02500402
  4563.60237237  6471.17338595  6105.02119257  6038.13156023
  6615.63044405  4762.53020513  6164.34533993  5861.44275338
  6461.83256392 59438.6113843   6999.73429016  4915.99633582
  6395.53070021  6169.22757175  6887.97308527 64232.39611789
  7831.62091251 49741.64053893  4697.65473198 64206.57175291
  6012.35471194  7980.21953428 58058.46631402  5643.12686269
 76213.99456868  4328.73031709  6881.09532138  7453.45363848
  5678.11385809  7299.36014999 61833.74583786 56851.20433617
 51964.94150026  4749.56674587  6997.81762701  5488.25390067
  6018.83119213 74034.72553718  5746.9936133   5100.87803844
  7097.3678502   5564.43610085  6503.06909685  7019.83799716
  5404.15361148  7654.98658405  5223.42521058  6391.6164698
  5976.49239334  5436.37347086  7538.67145495  5390.49259696
  5970.56062359  6367.53310976  6018.83027941 66033.20993953
  4652.76526509  6018.31202538  7254.84961048  5038.33426076
  6923.68103899  5334.45136865  6242.2493656   5516.56180447
  7300.96773274 57478.91195754  6349.89020563  6510.05261943
  6923.52129352  6661.4044468   4533.90264716  6194.08992591
  5575.90702118  6603.75837556 65867.21184551  5957.38102554
  6242.49678118  4790.04005924 52161.64675825  5769.61173555
  5464.38218533  6334.68326032  8051.02096765  4661.03978835
  5679.18150229 78482.70137173 65295.21487134  6515.61784749
  4725.65825331  8675.62491429  5608.70259116  7085.53274606
  5853.31552711  5763.6747413   5380.6940951   6465.28613231
  6420.50294184  7373.45483104 64878.75182175 66124.33906658
  7221.64527106  6768.16673358  7626.52804829 70090.84587472
  5614.08750458  5208.53211395  8474.21102945  5885.41147342
  6899.30154549  5151.05692355  7273.45399159  4785.93791592
 66098.498627   64308.15843719  5928.84484653  6323.72445224
  6362.71543488  6355.54874033  5998.44162359  5699.22447936
  6359.69866339  6360.35273629  6308.92191476  6128.52354027
  6806.38586631  6612.77887821  5471.79669053  5057.86430425
  5303.40866033  6369.35710904  4604.11097692  5592.27594588
  6482.03273404  6459.81705765  4854.99597728  7278.50375746
  5024.49883722  6197.83694108  5209.46829917  5540.6469082
  7522.7058514   5805.2204071   6468.19581257  5782.46455314
  5692.33250491 72477.41115467 51600.06891208  8856.52166366
 62943.69318919  5752.15755694  6434.41781206  6175.45290944
  5454.62450261 66271.70139824  5796.18657665  5358.69525856
  8359.56566151  6360.01816964 51436.40368253  5348.09413797
  5474.96559347 69503.47674335  5128.33258009  6745.74691071
  6034.9807265   6557.05472839  6358.90583962 52248.4614654
  5467.35029669  5670.22454833  5901.50128919  6211.05044057]"
99,[-0.9870449 -0.606089 ],5,-0.9640276,-0.11569941,-8.45022805894141,36,"[1.29274805e-26 2.41299603e-19 2.86162958e-13 2.18897479e-08
 1.11390825e-04 4.14185697e-02 1.68439584e+00 1.92097914e+01
 1.08373692e+02 3.68780360e+02 7.39013069e+02 8.53687093e+02
 6.29934728e+02 3.57359961e+02 2.20908087e+02 1.61739973e+02
 9.23978184e+01 3.56679368e+01 8.84811262e+00 1.33079877e+00
 8.86159684e-02 1.00749848e-03]","[83547.96886933 39938.44376778 65923.18095353  6163.83542811
  5889.23172277  7597.16121379  5458.97519996  6260.41852912
  5889.43903787 60124.54262232 58707.18786805  5851.43124533
  6672.55804452  5899.10351205 54901.18107663  3644.02490659
 46254.96031654 19807.2909378   2326.02524704  5792.77152185
  5536.91404979  4654.00774886 67877.14051554  4136.45819079
 50771.22458257 14525.05551296  4539.41232926  5611.64923112
 61710.14521746  5713.59164764  6604.00346429  5830.8603772
  6564.76914371  6377.22090496  5261.8198347   6415.79012758
  6826.53181201 71882.37922307  5220.40878053  4181.49942301
  6950.7292965   4209.29943777  6043.26148879  6363.75416409
  6528.94947514  5421.49321377  6261.70483867  5271.17125533
  6332.14933623 58087.13920582  6123.14023328  6213.84116313
  5735.30728358  6108.2260058   6104.30179036  5702.85663063
  5188.08767313  7075.37523684 50842.68861214  4397.65102915
  6367.9726269   5206.98232144  5174.84663118  6228.96789701
  5050.79170005 60536.4950898  52610.9322741   5909.39309048
  6136.13349432 54368.42959847  5570.92941356  5611.58667665
  5665.99588761  5848.2613159  70508.76877362 56190.22131395
  6291.89627344  6033.13682373  6954.98415103  4960.59314019
 75418.2315406  51359.38950928  4930.31862205  6211.53141983
  7569.66145263  5905.22793962  5941.97319294  5713.54773683
  8099.39716895  4559.26102379  6003.30309475  5399.67422301
  6425.04099574 59913.569667   55774.90426462  7056.23150718
 69129.28546558  6221.22003208  4698.64588263  8203.30996647
  6211.69854694  6275.47743517  5369.89904972  5140.17847673
  7392.423234    5648.44767615  6293.70391854  5888.87003538
  6792.11308756 67376.6673631  48727.71696867  5016.65873399
 62720.26088186  5245.71987567  6258.26304316  7140.7560424
  4612.92161541 65192.05811908  4422.95187789  7069.42072705
  4704.67299248  6847.4246812   6450.85079006  5760.61518304
  6818.26680066  5729.98689979  6476.25324001 57731.21185883
  6640.38345825  5587.29762193  6027.45174364  5477.98105654
  6865.52673133  5409.16181687  6211.35354673  6130.37793436
  6489.47941852  6473.91097966  4317.99948832  5637.64072182
  6252.74631755  5234.86054389  6364.46752703  6356.36031718
  5522.40553595 63915.8736663   4501.46337156  4963.51901014
  7176.82900779  5813.71682122  5514.03969812 71389.43093784
  4716.69258408  5871.87158236  6981.21257107 53748.51063596
 57588.82048271  7078.20722396  6625.42956303  6258.6202583
  4663.56583843  6021.53803356  5734.99553182  4908.26365053
  6761.34003151 57005.77886706  6771.51782397  5247.26891981
 60182.40803969  6348.50503989  5875.60946929  5647.27316049
  6730.35732859  5748.18463211  5219.48593765  5348.82750714
 70654.3149017   6504.68148373 62696.96359123  6090.08909732
  6444.50673395  5863.48670414  5486.68396148  5829.09621624
 64093.1808756   6464.45715216  6207.81420797 67406.68787733
  4598.57838202  5670.47190251  5583.05614289  5398.66358548
  6522.94135318  5504.92887819  5360.6492747   7363.13584657
  7486.03649758  5958.12078035 55930.22813373  4552.269688
  6407.40858582  5422.34372557  7166.41758731  6303.86644582
  7138.17506464  6236.23677     6622.83828489  7270.65057263
 57791.86268703  5158.31292716  5629.00433602  6144.70596306
  5861.28657388  5178.55122581  7882.6784926   6687.34023623
  5925.42035626 55963.74682053  6176.47619004  6261.40392756
  5156.7404187  58866.74929397 60646.73587959 57077.03816853
  5443.14041841  6767.77820101  7017.58486787 59985.65639965
  6091.44717408  4362.50533969  5194.98865662  5450.93936457
  7196.31826366  6904.10634677  5393.28193145  5933.79226411
  6333.64738447  7063.73899639  6211.31741309  5811.95288363
  7066.04519845  6550.96122256  6262.52662243  5610.10465331
  5719.12141442  5678.18144065  6792.4414838   6101.042651
  7424.24397621  6300.91955917 73975.628666    3686.86648619
  7169.87490334 67480.70249743  5451.64774448  7025.6389534
  6002.3192246  52744.33527031  6333.1906492   4775.65901186
  5516.97924559  5223.44722179  7041.5597052   6173.90340329
  5582.41482621  6387.109165    7712.73477784  5933.11629263
 56983.35513181  6764.4900246   5723.89800799  6705.15567536
 61453.75422338  4877.85199801  7279.68461941 56966.71125848
  6602.11514966  5491.21552072 74831.02757364 57757.57944133
  7048.42996149  6908.35530798  6360.63101064  6084.23403118
  5348.75971036  6605.49107407  5911.08244405  6168.94732096
  6329.1849428  56231.63163524  5797.34774815  5661.05304665
  6622.18209256  4800.45150931  6275.52016923  6147.52886364
  4781.23440666 69584.07864239  4648.71181149  9011.55092059
  5619.31613277  5202.6777602  64818.16949027 62138.12342085
  5322.52103615  5645.02190022  4479.72742341  8430.0037072
  6097.95595197  7656.59082421  4971.98172678  6416.83545961
  4631.65008946 64646.30097279 55992.58528439  5530.84388882
  6578.55769066  6199.45162779  5347.21006781  4931.98268457
  6825.17191881  6692.10233796  5811.84934051  4927.47181568
  6378.95619624  5149.93277458 66604.45564027  6415.14207662
 68876.87077962 61136.27407464  5710.26553476  7421.02500402
  4563.60237237  6471.17338595  6105.02119257  6038.13156023
  6615.63044405  4762.53020513  6164.34533993  5861.44275338
  6461.83256392 59438.6113843   6999.73429016  4915.99633582
  6395.53070021  6169.22757175  6887.97308527 64232.39611789
  7831.62091251 49741.64053893  4697.65473198 64206.57175291
  6012.35471194  7980.21953428 58058.46631402  5643.12686269
 76213.99456868  4328.73031709  6881.09532138  7453.45363848
  5678.11385809  7299.36014999 61833.74583786 56851.20433617
 51964.94150026  4749.56674587  6997.81762701  5488.25390067
  6018.83119213 74034.72553718  5746.9936133   5100.87803844
  7097.3678502   5564.43610085  6503.06909685  7019.83799716
  5404.15361148  7654.98658405  5223.42521058  6391.6164698
  5976.49239334  5436.37347086  7538.67145495  5390.49259696
  5970.56062359  6367.53310976  6018.83027941 66033.20993953
  4652.76526509  6018.31202538  7254.84961048  5038.33426076
  6923.68103899  5334.45136865  6242.2493656   5516.56180447
  7300.96773274 57478.91195754  6349.89020563  6510.05261943
  6923.52129352  6661.4044468   4533.90264716  6194.08992591
  5575.90702118  6603.75837556 65867.21184551  5957.38102554
  6242.49678118  4790.04005924 52161.64675825  5769.61173555
  5464.38218533  6334.68326032  8051.02096765  4661.03978835
  5679.18150229 78482.70137173 65295.21487134  6515.61784749
  4725.65825331  8675.62491429  5608.70259116  7085.53274606
  5853.31552711  5763.6747413   5380.6940951   6465.28613231
  6420.50294184  7373.45483104 64878.75182175 66124.33906658
  7221.64527106  6768.16673358  7626.52804829 70090.84587472
  5614.08750458  5208.53211395  8474.21102945  5885.41147342
  6899.30154549  5151.05692355  7273.45399159  4785.93791592
 66098.498627   64308.15843719  5928.84484653  6323.72445224
  6362.71543488  6355.54874033  5998.44162359  5699.22447936
  6359.69866339  6360.35273629  6308.92191476  6128.52354027
  6806.38586631  6612.77887821  5471.79669053  5057.86430425
  5303.40866033  6369.35710904  4604.11097692  5592.27594588
  6482.03273404  6459.81705765  4854.99597728  7278.50375746
  5024.49883722  6197.83694108  5209.46829917  5540.6469082
  7522.7058514   5805.2204071   6468.19581257  5782.46455314
  5692.33250491 72477.41115467 51600.06891208  8856.52166366
 62943.69318919  5752.15755694  6434.41781206  6175.45290944
  5454.62450261 66271.70139824  5796.18657665  5358.69525856
  8359.56566151  6360.01816964 51436.40368253  5348.09413797
  5474.96559347 69503.47674335  5128.33258009  6745.74691071
  6034.9807265   6557.05472839  6358.90583962 52248.4614654
  5467.35029669  5670.22454833  5901.50128919  6211.05044057
  6419.6837719  57295.7180111   6059.99133844  6167.11529196
 66304.30813631 66638.94487489  6477.28794424 64997.18334172
  5061.97648848  5718.96331458  7266.34446446  4885.84976324
  5609.05794961  5967.54222057]"
99,[-0.985109   -0.64576256],5,-0.9640276,-0.11569941,-5.370839269582612,37,"[1.65107584e-38 6.13619262e-28 4.40790187e-19 6.20891653e-12
 1.76183953e-06 1.07077578e-02 1.75471778e+00 2.51930586e+01
 1.38708550e+02 4.37993582e+02 8.13801395e+02 8.18643162e+02
 4.62559378e+02 2.12917453e+02 1.63189176e+02 1.27019978e+02
 6.20511341e+01 1.87793925e+01 3.52227589e+00 2.20313987e-01
 7.98417531e-04 7.19706977e-08]","[83547.96886933 39938.44376778 65923.18095353  6163.83542811
  5889.23172277  7597.16121379  5458.97519996  6260.41852912
  5889.43903787 60124.54262232 58707.18786805  5851.43124533
  6672.55804452  5899.10351205 54901.18107663  3644.02490659
 46254.96031654 19807.2909378   2326.02524704  5792.77152185
  5536.91404979  4654.00774886 67877.14051554  4136.45819079
 50771.22458257 14525.05551296  4539.41232926  5611.64923112
 61710.14521746  5713.59164764  6604.00346429  5830.8603772
  6564.76914371  6377.22090496  5261.8198347   6415.79012758
  6826.53181201 71882.37922307  5220.40878053  4181.49942301
  6950.7292965   4209.29943777  6043.26148879  6363.75416409
  6528.94947514  5421.49321377  6261.70483867  5271.17125533
  6332.14933623 58087.13920582  6123.14023328  6213.84116313
  5735.30728358  6108.2260058   6104.30179036  5702.85663063
  5188.08767313  7075.37523684 50842.68861214  4397.65102915
  6367.9726269   5206.98232144  5174.84663118  6228.96789701
  5050.79170005 60536.4950898  52610.9322741   5909.39309048
  6136.13349432 54368.42959847  5570.92941356  5611.58667665
  5665.99588761  5848.2613159  70508.76877362 56190.22131395
  6291.89627344  6033.13682373  6954.98415103  4960.59314019
 75418.2315406  51359.38950928  4930.31862205  6211.53141983
  7569.66145263  5905.22793962  5941.97319294  5713.54773683
  8099.39716895  4559.26102379  6003.30309475  5399.67422301
  6425.04099574 59913.569667   55774.90426462  7056.23150718
 69129.28546558  6221.22003208  4698.64588263  8203.30996647
  6211.69854694  6275.47743517  5369.89904972  5140.17847673
  7392.423234    5648.44767615  6293.70391854  5888.87003538
  6792.11308756 67376.6673631  48727.71696867  5016.65873399
 62720.26088186  5245.71987567  6258.26304316  7140.7560424
  4612.92161541 65192.05811908  4422.95187789  7069.42072705
  4704.67299248  6847.4246812   6450.85079006  5760.61518304
  6818.26680066  5729.98689979  6476.25324001 57731.21185883
  6640.38345825  5587.29762193  6027.45174364  5477.98105654
  6865.52673133  5409.16181687  6211.35354673  6130.37793436
  6489.47941852  6473.91097966  4317.99948832  5637.64072182
  6252.74631755  5234.86054389  6364.46752703  6356.36031718
  5522.40553595 63915.8736663   4501.46337156  4963.51901014
  7176.82900779  5813.71682122  5514.03969812 71389.43093784
  4716.69258408  5871.87158236  6981.21257107 53748.51063596
 57588.82048271  7078.20722396  6625.42956303  6258.6202583
  4663.56583843  6021.53803356  5734.99553182  4908.26365053
  6761.34003151 57005.77886706  6771.51782397  5247.26891981
 60182.40803969  6348.50503989  5875.60946929  5647.27316049
  6730.35732859  5748.18463211  5219.48593765  5348.82750714
 70654.3149017   6504.68148373 62696.96359123  6090.08909732
  6444.50673395  5863.48670414  5486.68396148  5829.09621624
 64093.1808756   6464.45715216  6207.81420797 67406.68787733
  4598.57838202  5670.47190251  5583.05614289  5398.66358548
  6522.94135318  5504.92887819  5360.6492747   7363.13584657
  7486.03649758  5958.12078035 55930.22813373  4552.269688
  6407.40858582  5422.34372557  7166.41758731  6303.86644582
  7138.17506464  6236.23677     6622.83828489  7270.65057263
 57791.86268703  5158.31292716  5629.00433602  6144.70596306
  5861.28657388  5178.55122581  7882.6784926   6687.34023623
  5925.42035626 55963.74682053  6176.47619004  6261.40392756
  5156.7404187  58866.74929397 60646.73587959 57077.03816853
  5443.14041841  6767.77820101  7017.58486787 59985.65639965
  6091.44717408  4362.50533969  5194.98865662  5450.93936457
  7196.31826366  6904.10634677  5393.28193145  5933.79226411
  6333.64738447  7063.73899639  6211.31741309  5811.95288363
  7066.04519845  6550.96122256  6262.52662243  5610.10465331
  5719.12141442  5678.18144065  6792.4414838   6101.042651
  7424.24397621  6300.91955917 73975.628666    3686.86648619
  7169.87490334 67480.70249743  5451.64774448  7025.6389534
  6002.3192246  52744.33527031  6333.1906492   4775.65901186
  5516.97924559  5223.44722179  7041.5597052   6173.90340329
  5582.41482621  6387.109165    7712.73477784  5933.11629263
 56983.35513181  6764.4900246   5723.89800799  6705.15567536
 61453.75422338  4877.85199801  7279.68461941 56966.71125848
  6602.11514966  5491.21552072 74831.02757364 57757.57944133
  7048.42996149  6908.35530798  6360.63101064  6084.23403118
  5348.75971036  6605.49107407  5911.08244405  6168.94732096
  6329.1849428  56231.63163524  5797.34774815  5661.05304665
  6622.18209256  4800.45150931  6275.52016923  6147.52886364
  4781.23440666 69584.07864239  4648.71181149  9011.55092059
  5619.31613277  5202.6777602  64818.16949027 62138.12342085
  5322.52103615  5645.02190022  4479.72742341  8430.0037072
  6097.95595197  7656.59082421  4971.98172678  6416.83545961
  4631.65008946 64646.30097279 55992.58528439  5530.84388882
  6578.55769066  6199.45162779  5347.21006781  4931.98268457
  6825.17191881  6692.10233796  5811.84934051  4927.47181568
  6378.95619624  5149.93277458 66604.45564027  6415.14207662
 68876.87077962 61136.27407464  5710.26553476  7421.02500402
  4563.60237237  6471.17338595  6105.02119257  6038.13156023
  6615.63044405  4762.53020513  6164.34533993  5861.44275338
  6461.83256392 59438.6113843   6999.73429016  4915.99633582
  6395.53070021  6169.22757175  6887.97308527 64232.39611789
  7831.62091251 49741.64053893  4697.65473198 64206.57175291
  6012.35471194  7980.21953428 58058.46631402  5643.12686269
 76213.99456868  4328.73031709  6881.09532138  7453.45363848
  5678.11385809  7299.36014999 61833.74583786 56851.20433617
 51964.94150026  4749.56674587  6997.81762701  5488.25390067
  6018.83119213 74034.72553718  5746.9936133   5100.87803844
  7097.3678502   5564.43610085  6503.06909685  7019.83799716
  5404.15361148  7654.98658405  5223.42521058  6391.6164698
  5976.49239334  5436.37347086  7538.67145495  5390.49259696
  5970.56062359  6367.53310976  6018.83027941 66033.20993953
  4652.76526509  6018.31202538  7254.84961048  5038.33426076
  6923.68103899  5334.45136865  6242.2493656   5516.56180447
  7300.96773274 57478.91195754  6349.89020563  6510.05261943
  6923.52129352  6661.4044468   4533.90264716  6194.08992591
  5575.90702118  6603.75837556 65867.21184551  5957.38102554
  6242.49678118  4790.04005924 52161.64675825  5769.61173555
  5464.38218533  6334.68326032  8051.02096765  4661.03978835
  5679.18150229 78482.70137173 65295.21487134  6515.61784749
  4725.65825331  8675.62491429  5608.70259116  7085.53274606
  5853.31552711  5763.6747413   5380.6940951   6465.28613231
  6420.50294184  7373.45483104 64878.75182175 66124.33906658
  7221.64527106  6768.16673358  7626.52804829 70090.84587472
  5614.08750458  5208.53211395  8474.21102945  5885.41147342
  6899.30154549  5151.05692355  7273.45399159  4785.93791592
 66098.498627   64308.15843719  5928.84484653  6323.72445224
  6362.71543488  6355.54874033  5998.44162359  5699.22447936
  6359.69866339  6360.35273629  6308.92191476  6128.52354027
  6806.38586631  6612.77887821  5471.79669053  5057.86430425
  5303.40866033  6369.35710904  4604.11097692  5592.27594588
  6482.03273404  6459.81705765  4854.99597728  7278.50375746
  5024.49883722  6197.83694108  5209.46829917  5540.6469082
  7522.7058514   5805.2204071   6468.19581257  5782.46455314
  5692.33250491 72477.41115467 51600.06891208  8856.52166366
 62943.69318919  5752.15755694  6434.41781206  6175.45290944
  5454.62450261 66271.70139824  5796.18657665  5358.69525856
  8359.56566151  6360.01816964 51436.40368253  5348.09413797
  5474.96559347 69503.47674335  5128.33258009  6745.74691071
  6034.9807265   6557.05472839  6358.90583962 52248.4614654
  5467.35029669  5670.22454833  5901.50128919  6211.05044057
  6419.6837719  57295.7180111   6059.99133844  6167.11529196
 66304.30813631 66638.94487489  6477.28794424 64997.18334172
  5061.97648848  5718.96331458  7266.34446446  4885.84976324
  5609.05794961  5967.54222057  6838.951804    6767.75309854
  5341.33189646 68702.1067681   6136.13301701  7531.34189992
  5771.75567899  6450.78745202  7515.36460564  5578.52643622
  5966.11805694  6567.93556199  6055.758       5858.40265394]"
99,[-0.986861   -0.68285024],5,-0.9640276,0.074012265,-5.6299107025129205,38,"[1.28228006e-20 6.29098012e-14 1.16669293e-08 8.53421845e-05
 2.87849751e-02 9.70524557e-01 1.25380134e+01 8.08032914e+01
 2.69754256e+02 6.14949155e+02 8.58884887e+02 7.20452213e+02
 4.25704667e+02 2.29127739e+02 1.66572427e+02 1.30842607e+02
 7.09169621e+01 2.30439663e+01 6.32508868e+00 9.89820891e-01
 4.47130999e-02 1.88454829e-04]","[83547.96886933 39938.44376778 65923.18095353  6163.83542811
  5889.23172277  7597.16121379  5458.97519996  6260.41852912
  5889.43903787 60124.54262232 58707.18786805  5851.43124533
  6672.55804452  5899.10351205 54901.18107663  3644.02490659
 46254.96031654 19807.2909378   2326.02524704  5792.77152185
  5536.91404979  4654.00774886 67877.14051554  4136.45819079
 50771.22458257 14525.05551296  4539.41232926  5611.64923112
 61710.14521746  5713.59164764  6604.00346429  5830.8603772
  6564.76914371  6377.22090496  5261.8198347   6415.79012758
  6826.53181201 71882.37922307  5220.40878053  4181.49942301
  6950.7292965   4209.29943777  6043.26148879  6363.75416409
  6528.94947514  5421.49321377  6261.70483867  5271.17125533
  6332.14933623 58087.13920582  6123.14023328  6213.84116313
  5735.30728358  6108.2260058   6104.30179036  5702.85663063
  5188.08767313  7075.37523684 50842.68861214  4397.65102915
  6367.9726269   5206.98232144  5174.84663118  6228.96789701
  5050.79170005 60536.4950898  52610.9322741   5909.39309048
  6136.13349432 54368.42959847  5570.92941356  5611.58667665
  5665.99588761  5848.2613159  70508.76877362 56190.22131395
  6291.89627344  6033.13682373  6954.98415103  4960.59314019
 75418.2315406  51359.38950928  4930.31862205  6211.53141983
  7569.66145263  5905.22793962  5941.97319294  5713.54773683
  8099.39716895  4559.26102379  6003.30309475  5399.67422301
  6425.04099574 59913.569667   55774.90426462  7056.23150718
 69129.28546558  6221.22003208  4698.64588263  8203.30996647
  6211.69854694  6275.47743517  5369.89904972  5140.17847673
  7392.423234    5648.44767615  6293.70391854  5888.87003538
  6792.11308756 67376.6673631  48727.71696867  5016.65873399
 62720.26088186  5245.71987567  6258.26304316  7140.7560424
  4612.92161541 65192.05811908  4422.95187789  7069.42072705
  4704.67299248  6847.4246812   6450.85079006  5760.61518304
  6818.26680066  5729.98689979  6476.25324001 57731.21185883
  6640.38345825  5587.29762193  6027.45174364  5477.98105654
  6865.52673133  5409.16181687  6211.35354673  6130.37793436
  6489.47941852  6473.91097966  4317.99948832  5637.64072182
  6252.74631755  5234.86054389  6364.46752703  6356.36031718
  5522.40553595 63915.8736663   4501.46337156  4963.51901014
  7176.82900779  5813.71682122  5514.03969812 71389.43093784
  4716.69258408  5871.87158236  6981.21257107 53748.51063596
 57588.82048271  7078.20722396  6625.42956303  6258.6202583
  4663.56583843  6021.53803356  5734.99553182  4908.26365053
  6761.34003151 57005.77886706  6771.51782397  5247.26891981
 60182.40803969  6348.50503989  5875.60946929  5647.27316049
  6730.35732859  5748.18463211  5219.48593765  5348.82750714
 70654.3149017   6504.68148373 62696.96359123  6090.08909732
  6444.50673395  5863.48670414  5486.68396148  5829.09621624
 64093.1808756   6464.45715216  6207.81420797 67406.68787733
  4598.57838202  5670.47190251  5583.05614289  5398.66358548
  6522.94135318  5504.92887819  5360.6492747   7363.13584657
  7486.03649758  5958.12078035 55930.22813373  4552.269688
  6407.40858582  5422.34372557  7166.41758731  6303.86644582
  7138.17506464  6236.23677     6622.83828489  7270.65057263
 57791.86268703  5158.31292716  5629.00433602  6144.70596306
  5861.28657388  5178.55122581  7882.6784926   6687.34023623
  5925.42035626 55963.74682053  6176.47619004  6261.40392756
  5156.7404187  58866.74929397 60646.73587959 57077.03816853
  5443.14041841  6767.77820101  7017.58486787 59985.65639965
  6091.44717408  4362.50533969  5194.98865662  5450.93936457
  7196.31826366  6904.10634677  5393.28193145  5933.79226411
  6333.64738447  7063.73899639  6211.31741309  5811.95288363
  7066.04519845  6550.96122256  6262.52662243  5610.10465331
  5719.12141442  5678.18144065  6792.4414838   6101.042651
  7424.24397621  6300.91955917 73975.628666    3686.86648619
  7169.87490334 67480.70249743  5451.64774448  7025.6389534
  6002.3192246  52744.33527031  6333.1906492   4775.65901186
  5516.97924559  5223.44722179  7041.5597052   6173.90340329
  5582.41482621  6387.109165    7712.73477784  5933.11629263
 56983.35513181  6764.4900246   5723.89800799  6705.15567536
 61453.75422338  4877.85199801  7279.68461941 56966.71125848
  6602.11514966  5491.21552072 74831.02757364 57757.57944133
  7048.42996149  6908.35530798  6360.63101064  6084.23403118
  5348.75971036  6605.49107407  5911.08244405  6168.94732096
  6329.1849428  56231.63163524  5797.34774815  5661.05304665
  6622.18209256  4800.45150931  6275.52016923  6147.52886364
  4781.23440666 69584.07864239  4648.71181149  9011.55092059
  5619.31613277  5202.6777602  64818.16949027 62138.12342085
  5322.52103615  5645.02190022  4479.72742341  8430.0037072
  6097.95595197  7656.59082421  4971.98172678  6416.83545961
  4631.65008946 64646.30097279 55992.58528439  5530.84388882
  6578.55769066  6199.45162779  5347.21006781  4931.98268457
  6825.17191881  6692.10233796  5811.84934051  4927.47181568
  6378.95619624  5149.93277458 66604.45564027  6415.14207662
 68876.87077962 61136.27407464  5710.26553476  7421.02500402
  4563.60237237  6471.17338595  6105.02119257  6038.13156023
  6615.63044405  4762.53020513  6164.34533993  5861.44275338
  6461.83256392 59438.6113843   6999.73429016  4915.99633582
  6395.53070021  6169.22757175  6887.97308527 64232.39611789
  7831.62091251 49741.64053893  4697.65473198 64206.57175291
  6012.35471194  7980.21953428 58058.46631402  5643.12686269
 76213.99456868  4328.73031709  6881.09532138  7453.45363848
  5678.11385809  7299.36014999 61833.74583786 56851.20433617
 51964.94150026  4749.56674587  6997.81762701  5488.25390067
  6018.83119213 74034.72553718  5746.9936133   5100.87803844
  7097.3678502   5564.43610085  6503.06909685  7019.83799716
  5404.15361148  7654.98658405  5223.42521058  6391.6164698
  5976.49239334  5436.37347086  7538.67145495  5390.49259696
  5970.56062359  6367.53310976  6018.83027941 66033.20993953
  4652.76526509  6018.31202538  7254.84961048  5038.33426076
  6923.68103899  5334.45136865  6242.2493656   5516.56180447
  7300.96773274 57478.91195754  6349.89020563  6510.05261943
  6923.52129352  6661.4044468   4533.90264716  6194.08992591
  5575.90702118  6603.75837556 65867.21184551  5957.38102554
  6242.49678118  4790.04005924 52161.64675825  5769.61173555
  5464.38218533  6334.68326032  8051.02096765  4661.03978835
  5679.18150229 78482.70137173 65295.21487134  6515.61784749
  4725.65825331  8675.62491429  5608.70259116  7085.53274606
  5853.31552711  5763.6747413   5380.6940951   6465.28613231
  6420.50294184  7373.45483104 64878.75182175 66124.33906658
  7221.64527106  6768.16673358  7626.52804829 70090.84587472
  5614.08750458  5208.53211395  8474.21102945  5885.41147342
  6899.30154549  5151.05692355  7273.45399159  4785.93791592
 66098.498627   64308.15843719  5928.84484653  6323.72445224
  6362.71543488  6355.54874033  5998.44162359  5699.22447936
  6359.69866339  6360.35273629  6308.92191476  6128.52354027
  6806.38586631  6612.77887821  5471.79669053  5057.86430425
  5303.40866033  6369.35710904  4604.11097692  5592.27594588
  6482.03273404  6459.81705765  4854.99597728  7278.50375746
  5024.49883722  6197.83694108  5209.46829917  5540.6469082
  7522.7058514   5805.2204071   6468.19581257  5782.46455314
  5692.33250491 72477.41115467 51600.06891208  8856.52166366
 62943.69318919  5752.15755694  6434.41781206  6175.45290944
  5454.62450261 66271.70139824  5796.18657665  5358.69525856
  8359.56566151  6360.01816964 51436.40368253  5348.09413797
  5474.96559347 69503.47674335  5128.33258009  6745.74691071
  6034.9807265   6557.05472839  6358.90583962 52248.4614654
  5467.35029669  5670.22454833  5901.50128919  6211.05044057
  6419.6837719  57295.7180111   6059.99133844  6167.11529196
 66304.30813631 66638.94487489  6477.28794424 64997.18334172
  5061.97648848  5718.96331458  7266.34446446  4885.84976324
  5609.05794961  5967.54222057  6838.951804    6767.75309854
  5341.33189646 68702.1067681   6136.13301701  7531.34189992
  5771.75567899  6450.78745202  7515.36460564  5578.52643622
  5966.11805694  6567.93556199  6055.758       5858.40265394
  5560.77844108  5323.65156574  5514.50148703  6111.62386056
  5710.73425763  6664.45013326  6872.66858031  7142.67696039
  6258.42906788 58905.44525643  5187.339974    7711.43811044
  5909.46572739  6164.18866056]"
99,[-0.9877971  -0.69189817],5,-0.9640276,0.074012265,-6.381376448747819,39,"[2.67134220e-18 2.06970885e-12 9.01838336e-08 2.33954174e-04
 4.71204163e-02 1.72851964e+00 2.00379112e+01 1.07404128e+02
 3.45938930e+02 6.69596334e+02 8.26010330e+02 6.83420162e+02
 4.07299826e+02 2.20355638e+02 1.42986871e+02 9.71277893e+01
 5.26795051e+01 2.16561052e+01 5.88814971e+00 8.89252295e-01
 4.61087692e-02 2.95497503e-04]","[83547.96886933 39938.44376778 65923.18095353  6163.83542811
  5889.23172277  7597.16121379  5458.97519996  6260.41852912
  5889.43903787 60124.54262232 58707.18786805  5851.43124533
  6672.55804452  5899.10351205 54901.18107663  3644.02490659
 46254.96031654 19807.2909378   2326.02524704  5792.77152185
  5536.91404979  4654.00774886 67877.14051554  4136.45819079
 50771.22458257 14525.05551296  4539.41232926  5611.64923112
 61710.14521746  5713.59164764  6604.00346429  5830.8603772
  6564.76914371  6377.22090496  5261.8198347   6415.79012758
  6826.53181201 71882.37922307  5220.40878053  4181.49942301
  6950.7292965   4209.29943777  6043.26148879  6363.75416409
  6528.94947514  5421.49321377  6261.70483867  5271.17125533
  6332.14933623 58087.13920582  6123.14023328  6213.84116313
  5735.30728358  6108.2260058   6104.30179036  5702.85663063
  5188.08767313  7075.37523684 50842.68861214  4397.65102915
  6367.9726269   5206.98232144  5174.84663118  6228.96789701
  5050.79170005 60536.4950898  52610.9322741   5909.39309048
  6136.13349432 54368.42959847  5570.92941356  5611.58667665
  5665.99588761  5848.2613159  70508.76877362 56190.22131395
  6291.89627344  6033.13682373  6954.98415103  4960.59314019
 75418.2315406  51359.38950928  4930.31862205  6211.53141983
  7569.66145263  5905.22793962  5941.97319294  5713.54773683
  8099.39716895  4559.26102379  6003.30309475  5399.67422301
  6425.04099574 59913.569667   55774.90426462  7056.23150718
 69129.28546558  6221.22003208  4698.64588263  8203.30996647
  6211.69854694  6275.47743517  5369.89904972  5140.17847673
  7392.423234    5648.44767615  6293.70391854  5888.87003538
  6792.11308756 67376.6673631  48727.71696867  5016.65873399
 62720.26088186  5245.71987567  6258.26304316  7140.7560424
  4612.92161541 65192.05811908  4422.95187789  7069.42072705
  4704.67299248  6847.4246812   6450.85079006  5760.61518304
  6818.26680066  5729.98689979  6476.25324001 57731.21185883
  6640.38345825  5587.29762193  6027.45174364  5477.98105654
  6865.52673133  5409.16181687  6211.35354673  6130.37793436
  6489.47941852  6473.91097966  4317.99948832  5637.64072182
  6252.74631755  5234.86054389  6364.46752703  6356.36031718
  5522.40553595 63915.8736663   4501.46337156  4963.51901014
  7176.82900779  5813.71682122  5514.03969812 71389.43093784
  4716.69258408  5871.87158236  6981.21257107 53748.51063596
 57588.82048271  7078.20722396  6625.42956303  6258.6202583
  4663.56583843  6021.53803356  5734.99553182  4908.26365053
  6761.34003151 57005.77886706  6771.51782397  5247.26891981
 60182.40803969  6348.50503989  5875.60946929  5647.27316049
  6730.35732859  5748.18463211  5219.48593765  5348.82750714
 70654.3149017   6504.68148373 62696.96359123  6090.08909732
  6444.50673395  5863.48670414  5486.68396148  5829.09621624
 64093.1808756   6464.45715216  6207.81420797 67406.68787733
  4598.57838202  5670.47190251  5583.05614289  5398.66358548
  6522.94135318  5504.92887819  5360.6492747   7363.13584657
  7486.03649758  5958.12078035 55930.22813373  4552.269688
  6407.40858582  5422.34372557  7166.41758731  6303.86644582
  7138.17506464  6236.23677     6622.83828489  7270.65057263
 57791.86268703  5158.31292716  5629.00433602  6144.70596306
  5861.28657388  5178.55122581  7882.6784926   6687.34023623
  5925.42035626 55963.74682053  6176.47619004  6261.40392756
  5156.7404187  58866.74929397 60646.73587959 57077.03816853
  5443.14041841  6767.77820101  7017.58486787 59985.65639965
  6091.44717408  4362.50533969  5194.98865662  5450.93936457
  7196.31826366  6904.10634677  5393.28193145  5933.79226411
  6333.64738447  7063.73899639  6211.31741309  5811.95288363
  7066.04519845  6550.96122256  6262.52662243  5610.10465331
  5719.12141442  5678.18144065  6792.4414838   6101.042651
  7424.24397621  6300.91955917 73975.628666    3686.86648619
  7169.87490334 67480.70249743  5451.64774448  7025.6389534
  6002.3192246  52744.33527031  6333.1906492   4775.65901186
  5516.97924559  5223.44722179  7041.5597052   6173.90340329
  5582.41482621  6387.109165    7712.73477784  5933.11629263
 56983.35513181  6764.4900246   5723.89800799  6705.15567536
 61453.75422338  4877.85199801  7279.68461941 56966.71125848
  6602.11514966  5491.21552072 74831.02757364 57757.57944133
  7048.42996149  6908.35530798  6360.63101064  6084.23403118
  5348.75971036  6605.49107407  5911.08244405  6168.94732096
  6329.1849428  56231.63163524  5797.34774815  5661.05304665
  6622.18209256  4800.45150931  6275.52016923  6147.52886364
  4781.23440666 69584.07864239  4648.71181149  9011.55092059
  5619.31613277  5202.6777602  64818.16949027 62138.12342085
  5322.52103615  5645.02190022  4479.72742341  8430.0037072
  6097.95595197  7656.59082421  4971.98172678  6416.83545961
  4631.65008946 64646.30097279 55992.58528439  5530.84388882
  6578.55769066  6199.45162779  5347.21006781  4931.98268457
  6825.17191881  6692.10233796  5811.84934051  4927.47181568
  6378.95619624  5149.93277458 66604.45564027  6415.14207662
 68876.87077962 61136.27407464  5710.26553476  7421.02500402
  4563.60237237  6471.17338595  6105.02119257  6038.13156023
  6615.63044405  4762.53020513  6164.34533993  5861.44275338
  6461.83256392 59438.6113843   6999.73429016  4915.99633582
  6395.53070021  6169.22757175  6887.97308527 64232.39611789
  7831.62091251 49741.64053893  4697.65473198 64206.57175291
  6012.35471194  7980.21953428 58058.46631402  5643.12686269
 76213.99456868  4328.73031709  6881.09532138  7453.45363848
  5678.11385809  7299.36014999 61833.74583786 56851.20433617
 51964.94150026  4749.56674587  6997.81762701  5488.25390067
  6018.83119213 74034.72553718  5746.9936133   5100.87803844
  7097.3678502   5564.43610085  6503.06909685  7019.83799716
  5404.15361148  7654.98658405  5223.42521058  6391.6164698
  5976.49239334  5436.37347086  7538.67145495  5390.49259696
  5970.56062359  6367.53310976  6018.83027941 66033.20993953
  4652.76526509  6018.31202538  7254.84961048  5038.33426076
  6923.68103899  5334.45136865  6242.2493656   5516.56180447
  7300.96773274 57478.91195754  6349.89020563  6510.05261943
  6923.52129352  6661.4044468   4533.90264716  6194.08992591
  5575.90702118  6603.75837556 65867.21184551  5957.38102554
  6242.49678118  4790.04005924 52161.64675825  5769.61173555
  5464.38218533  6334.68326032  8051.02096765  4661.03978835
  5679.18150229 78482.70137173 65295.21487134  6515.61784749
  4725.65825331  8675.62491429  5608.70259116  7085.53274606
  5853.31552711  5763.6747413   5380.6940951   6465.28613231
  6420.50294184  7373.45483104 64878.75182175 66124.33906658
  7221.64527106  6768.16673358  7626.52804829 70090.84587472
  5614.08750458  5208.53211395  8474.21102945  5885.41147342
  6899.30154549  5151.05692355  7273.45399159  4785.93791592
 66098.498627   64308.15843719  5928.84484653  6323.72445224
  6362.71543488  6355.54874033  5998.44162359  5699.22447936
  6359.69866339  6360.35273629  6308.92191476  6128.52354027
  6806.38586631  6612.77887821  5471.79669053  5057.86430425
  5303.40866033  6369.35710904  4604.11097692  5592.27594588
  6482.03273404  6459.81705765  4854.99597728  7278.50375746
  5024.49883722  6197.83694108  5209.46829917  5540.6469082
  7522.7058514   5805.2204071   6468.19581257  5782.46455314
  5692.33250491 72477.41115467 51600.06891208  8856.52166366
 62943.69318919  5752.15755694  6434.41781206  6175.45290944
  5454.62450261 66271.70139824  5796.18657665  5358.69525856
  8359.56566151  6360.01816964 51436.40368253  5348.09413797
  5474.96559347 69503.47674335  5128.33258009  6745.74691071
  6034.9807265   6557.05472839  6358.90583962 52248.4614654
  5467.35029669  5670.22454833  5901.50128919  6211.05044057
  6419.6837719  57295.7180111   6059.99133844  6167.11529196
 66304.30813631 66638.94487489  6477.28794424 64997.18334172
  5061.97648848  5718.96331458  7266.34446446  4885.84976324
  5609.05794961  5967.54222057  6838.951804    6767.75309854
  5341.33189646 68702.1067681   6136.13301701  7531.34189992
  5771.75567899  6450.78745202  7515.36460564  5578.52643622
  5966.11805694  6567.93556199  6055.758       5858.40265394
  5560.77844108  5323.65156574  5514.50148703  6111.62386056
  5710.73425763  6664.45013326  6872.66858031  7142.67696039
  6258.42906788 58905.44525643  5187.339974    7711.43811044
  5909.46572739  6164.18866056  5669.92212196 67986.63025219
  5200.24001547  5644.17726963  7102.82664257  6278.31092704
  5018.89011866  4533.60526563  5346.14468065  4620.71872829
  8291.18717421  4266.0339798   6146.59923246  6405.60007717]"
99,[-0.9851058  -0.62353194],5,-0.9640276,-0.11569941,-7.5411922433125875,40,"[1.12555120e-36 9.27760507e-27 1.93309862e-18 1.03253269e-11
 1.45142710e-06 5.72129345e-03 8.47444161e-01 1.71502826e+01
 1.28684868e+02 4.79106337e+02 9.55153480e+02 1.00958694e+03
 6.06516697e+02 3.02563101e+02 2.36236054e+02 1.94690969e+02
 1.01150732e+02 3.11148556e+01 4.69616497e+00 2.32264365e-01
 1.04254269e-03 1.57057505e-07]","[83547.96886933 39938.44376778 65923.18095353  6163.83542811
  5889.23172277  7597.16121379  5458.97519996  6260.41852912
  5889.43903787 60124.54262232 58707.18786805  5851.43124533
  6672.55804452  5899.10351205 54901.18107663  3644.02490659
 46254.96031654 19807.2909378   2326.02524704  5792.77152185
  5536.91404979  4654.00774886 67877.14051554  4136.45819079
 50771.22458257 14525.05551296  4539.41232926  5611.64923112
 61710.14521746  5713.59164764  6604.00346429  5830.8603772
  6564.76914371  6377.22090496  5261.8198347   6415.79012758
  6826.53181201 71882.37922307  5220.40878053  4181.49942301
  6950.7292965   4209.29943777  6043.26148879  6363.75416409
  6528.94947514  5421.49321377  6261.70483867  5271.17125533
  6332.14933623 58087.13920582  6123.14023328  6213.84116313
  5735.30728358  6108.2260058   6104.30179036  5702.85663063
  5188.08767313  7075.37523684 50842.68861214  4397.65102915
  6367.9726269   5206.98232144  5174.84663118  6228.96789701
  5050.79170005 60536.4950898  52610.9322741   5909.39309048
  6136.13349432 54368.42959847  5570.92941356  5611.58667665
  5665.99588761  5848.2613159  70508.76877362 56190.22131395
  6291.89627344  6033.13682373  6954.98415103  4960.59314019
 75418.2315406  51359.38950928  4930.31862205  6211.53141983
  7569.66145263  5905.22793962  5941.97319294  5713.54773683
  8099.39716895  4559.26102379  6003.30309475  5399.67422301
  6425.04099574 59913.569667   55774.90426462  7056.23150718
 69129.28546558  6221.22003208  4698.64588263  8203.30996647
  6211.69854694  6275.47743517  5369.89904972  5140.17847673
  7392.423234    5648.44767615  6293.70391854  5888.87003538
  6792.11308756 67376.6673631  48727.71696867  5016.65873399
 62720.26088186  5245.71987567  6258.26304316  7140.7560424
  4612.92161541 65192.05811908  4422.95187789  7069.42072705
  4704.67299248  6847.4246812   6450.85079006  5760.61518304
  6818.26680066  5729.98689979  6476.25324001 57731.21185883
  6640.38345825  5587.29762193  6027.45174364  5477.98105654
  6865.52673133  5409.16181687  6211.35354673  6130.37793436
  6489.47941852  6473.91097966  4317.99948832  5637.64072182
  6252.74631755  5234.86054389  6364.46752703  6356.36031718
  5522.40553595 63915.8736663   4501.46337156  4963.51901014
  7176.82900779  5813.71682122  5514.03969812 71389.43093784
  4716.69258408  5871.87158236  6981.21257107 53748.51063596
 57588.82048271  7078.20722396  6625.42956303  6258.6202583
  4663.56583843  6021.53803356  5734.99553182  4908.26365053
  6761.34003151 57005.77886706  6771.51782397  5247.26891981
 60182.40803969  6348.50503989  5875.60946929  5647.27316049
  6730.35732859  5748.18463211  5219.48593765  5348.82750714
 70654.3149017   6504.68148373 62696.96359123  6090.08909732
  6444.50673395  5863.48670414  5486.68396148  5829.09621624
 64093.1808756   6464.45715216  6207.81420797 67406.68787733
  4598.57838202  5670.47190251  5583.05614289  5398.66358548
  6522.94135318  5504.92887819  5360.6492747   7363.13584657
  7486.03649758  5958.12078035 55930.22813373  4552.269688
  6407.40858582  5422.34372557  7166.41758731  6303.86644582
  7138.17506464  6236.23677     6622.83828489  7270.65057263
 57791.86268703  5158.31292716  5629.00433602  6144.70596306
  5861.28657388  5178.55122581  7882.6784926   6687.34023623
  5925.42035626 55963.74682053  6176.47619004  6261.40392756
  5156.7404187  58866.74929397 60646.73587959 57077.03816853
  5443.14041841  6767.77820101  7017.58486787 59985.65639965
  6091.44717408  4362.50533969  5194.98865662  5450.93936457
  7196.31826366  6904.10634677  5393.28193145  5933.79226411
  6333.64738447  7063.73899639  6211.31741309  5811.95288363
  7066.04519845  6550.96122256  6262.52662243  5610.10465331
  5719.12141442  5678.18144065  6792.4414838   6101.042651
  7424.24397621  6300.91955917 73975.628666    3686.86648619
  7169.87490334 67480.70249743  5451.64774448  7025.6389534
  6002.3192246  52744.33527031  6333.1906492   4775.65901186
  5516.97924559  5223.44722179  7041.5597052   6173.90340329
  5582.41482621  6387.109165    7712.73477784  5933.11629263
 56983.35513181  6764.4900246   5723.89800799  6705.15567536
 61453.75422338  4877.85199801  7279.68461941 56966.71125848
  6602.11514966  5491.21552072 74831.02757364 57757.57944133
  7048.42996149  6908.35530798  6360.63101064  6084.23403118
  5348.75971036  6605.49107407  5911.08244405  6168.94732096
  6329.1849428  56231.63163524  5797.34774815  5661.05304665
  6622.18209256  4800.45150931  6275.52016923  6147.52886364
  4781.23440666 69584.07864239  4648.71181149  9011.55092059
  5619.31613277  5202.6777602  64818.16949027 62138.12342085
  5322.52103615  5645.02190022  4479.72742341  8430.0037072
  6097.95595197  7656.59082421  4971.98172678  6416.83545961
  4631.65008946 64646.30097279 55992.58528439  5530.84388882
  6578.55769066  6199.45162779  5347.21006781  4931.98268457
  6825.17191881  6692.10233796  5811.84934051  4927.47181568
  6378.95619624  5149.93277458 66604.45564027  6415.14207662
 68876.87077962 61136.27407464  5710.26553476  7421.02500402
  4563.60237237  6471.17338595  6105.02119257  6038.13156023
  6615.63044405  4762.53020513  6164.34533993  5861.44275338
  6461.83256392 59438.6113843   6999.73429016  4915.99633582
  6395.53070021  6169.22757175  6887.97308527 64232.39611789
  7831.62091251 49741.64053893  4697.65473198 64206.57175291
  6012.35471194  7980.21953428 58058.46631402  5643.12686269
 76213.99456868  4328.73031709  6881.09532138  7453.45363848
  5678.11385809  7299.36014999 61833.74583786 56851.20433617
 51964.94150026  4749.56674587  6997.81762701  5488.25390067
  6018.83119213 74034.72553718  5746.9936133   5100.87803844
  7097.3678502   5564.43610085  6503.06909685  7019.83799716
  5404.15361148  7654.98658405  5223.42521058  6391.6164698
  5976.49239334  5436.37347086  7538.67145495  5390.49259696
  5970.56062359  6367.53310976  6018.83027941 66033.20993953
  4652.76526509  6018.31202538  7254.84961048  5038.33426076
  6923.68103899  5334.45136865  6242.2493656   5516.56180447
  7300.96773274 57478.91195754  6349.89020563  6510.05261943
  6923.52129352  6661.4044468   4533.90264716  6194.08992591
  5575.90702118  6603.75837556 65867.21184551  5957.38102554
  6242.49678118  4790.04005924 52161.64675825  5769.61173555
  5464.38218533  6334.68326032  8051.02096765  4661.03978835
  5679.18150229 78482.70137173 65295.21487134  6515.61784749
  4725.65825331  8675.62491429  5608.70259116  7085.53274606
  5853.31552711  5763.6747413   5380.6940951   6465.28613231
  6420.50294184  7373.45483104 64878.75182175 66124.33906658
  7221.64527106  6768.16673358  7626.52804829 70090.84587472
  5614.08750458  5208.53211395  8474.21102945  5885.41147342
  6899.30154549  5151.05692355  7273.45399159  4785.93791592
 66098.498627   64308.15843719  5928.84484653  6323.72445224
  6362.71543488  6355.54874033  5998.44162359  5699.22447936
  6359.69866339  6360.35273629  6308.92191476  6128.52354027
  6806.38586631  6612.77887821  5471.79669053  5057.86430425
  5303.40866033  6369.35710904  4604.11097692  5592.27594588
  6482.03273404  6459.81705765  4854.99597728  7278.50375746
  5024.49883722  6197.83694108  5209.46829917  5540.6469082
  7522.7058514   5805.2204071   6468.19581257  5782.46455314
  5692.33250491 72477.41115467 51600.06891208  8856.52166366
 62943.69318919  5752.15755694  6434.41781206  6175.45290944
  5454.62450261 66271.70139824  5796.18657665  5358.69525856
  8359.56566151  6360.01816964 51436.40368253  5348.09413797
  5474.96559347 69503.47674335  5128.33258009  6745.74691071
  6034.9807265   6557.05472839  6358.90583962 52248.4614654
  5467.35029669  5670.22454833  5901.50128919  6211.05044057
  6419.6837719  57295.7180111   6059.99133844  6167.11529196
 66304.30813631 66638.94487489  6477.28794424 64997.18334172
  5061.97648848  5718.96331458  7266.34446446  4885.84976324
  5609.05794961  5967.54222057  6838.951804    6767.75309854
  5341.33189646 68702.1067681   6136.13301701  7531.34189992
  5771.75567899  6450.78745202  7515.36460564  5578.52643622
  5966.11805694  6567.93556199  6055.758       5858.40265394
  5560.77844108  5323.65156574  5514.50148703  6111.62386056
  5710.73425763  6664.45013326  6872.66858031  7142.67696039
  6258.42906788 58905.44525643  5187.339974    7711.43811044
  5909.46572739  6164.18866056  5669.92212196 67986.63025219
  5200.24001547  5644.17726963  7102.82664257  6278.31092704
  5018.89011866  4533.60526563  5346.14468065  4620.71872829
  8291.18717421  4266.0339798   6146.59923246  6405.60007717
  6541.02315119 53744.82514093  5864.44067177 62094.83540211
 46544.69246588  6506.58119561  6513.09612723  7371.77330748
  4274.39219832  5812.37361055  6102.91272103  7330.97246074
  5612.03197893 48804.79188279]"
99,[-0.984621   -0.69396585],5,-0.9640276,0.074012265,-11.176710072321944,41,"[8.04583235e-26 3.39424797e-18 6.27624751e-12 5.19000597e-07
 2.00532909e-03 4.19416817e-01 9.03301182e+00 6.83705176e+01
 2.91659486e+02 6.99344743e+02 1.04531409e+03 9.66624773e+02
 5.54931328e+02 2.51461181e+02 1.42508348e+02 1.02310794e+02
 5.55877705e+01 2.18179283e+01 5.21952355e+00 8.43606212e-01
 5.12030581e-02 2.95173584e-04]","[83547.96886933 39938.44376778 65923.18095353  6163.83542811
  5889.23172277  7597.16121379  5458.97519996  6260.41852912
  5889.43903787 60124.54262232 58707.18786805  5851.43124533
  6672.55804452  5899.10351205 54901.18107663  3644.02490659
 46254.96031654 19807.2909378   2326.02524704  5792.77152185
  5536.91404979  4654.00774886 67877.14051554  4136.45819079
 50771.22458257 14525.05551296  4539.41232926  5611.64923112
 61710.14521746  5713.59164764  6604.00346429  5830.8603772
  6564.76914371  6377.22090496  5261.8198347   6415.79012758
  6826.53181201 71882.37922307  5220.40878053  4181.49942301
  6950.7292965   4209.29943777  6043.26148879  6363.75416409
  6528.94947514  5421.49321377  6261.70483867  5271.17125533
  6332.14933623 58087.13920582  6123.14023328  6213.84116313
  5735.30728358  6108.2260058   6104.30179036  5702.85663063
  5188.08767313  7075.37523684 50842.68861214  4397.65102915
  6367.9726269   5206.98232144  5174.84663118  6228.96789701
  5050.79170005 60536.4950898  52610.9322741   5909.39309048
  6136.13349432 54368.42959847  5570.92941356  5611.58667665
  5665.99588761  5848.2613159  70508.76877362 56190.22131395
  6291.89627344  6033.13682373  6954.98415103  4960.59314019
 75418.2315406  51359.38950928  4930.31862205  6211.53141983
  7569.66145263  5905.22793962  5941.97319294  5713.54773683
  8099.39716895  4559.26102379  6003.30309475  5399.67422301
  6425.04099574 59913.569667   55774.90426462  7056.23150718
 69129.28546558  6221.22003208  4698.64588263  8203.30996647
  6211.69854694  6275.47743517  5369.89904972  5140.17847673
  7392.423234    5648.44767615  6293.70391854  5888.87003538
  6792.11308756 67376.6673631  48727.71696867  5016.65873399
 62720.26088186  5245.71987567  6258.26304316  7140.7560424
  4612.92161541 65192.05811908  4422.95187789  7069.42072705
  4704.67299248  6847.4246812   6450.85079006  5760.61518304
  6818.26680066  5729.98689979  6476.25324001 57731.21185883
  6640.38345825  5587.29762193  6027.45174364  5477.98105654
  6865.52673133  5409.16181687  6211.35354673  6130.37793436
  6489.47941852  6473.91097966  4317.99948832  5637.64072182
  6252.74631755  5234.86054389  6364.46752703  6356.36031718
  5522.40553595 63915.8736663   4501.46337156  4963.51901014
  7176.82900779  5813.71682122  5514.03969812 71389.43093784
  4716.69258408  5871.87158236  6981.21257107 53748.51063596
 57588.82048271  7078.20722396  6625.42956303  6258.6202583
  4663.56583843  6021.53803356  5734.99553182  4908.26365053
  6761.34003151 57005.77886706  6771.51782397  5247.26891981
 60182.40803969  6348.50503989  5875.60946929  5647.27316049
  6730.35732859  5748.18463211  5219.48593765  5348.82750714
 70654.3149017   6504.68148373 62696.96359123  6090.08909732
  6444.50673395  5863.48670414  5486.68396148  5829.09621624
 64093.1808756   6464.45715216  6207.81420797 67406.68787733
  4598.57838202  5670.47190251  5583.05614289  5398.66358548
  6522.94135318  5504.92887819  5360.6492747   7363.13584657
  7486.03649758  5958.12078035 55930.22813373  4552.269688
  6407.40858582  5422.34372557  7166.41758731  6303.86644582
  7138.17506464  6236.23677     6622.83828489  7270.65057263
 57791.86268703  5158.31292716  5629.00433602  6144.70596306
  5861.28657388  5178.55122581  7882.6784926   6687.34023623
  5925.42035626 55963.74682053  6176.47619004  6261.40392756
  5156.7404187  58866.74929397 60646.73587959 57077.03816853
  5443.14041841  6767.77820101  7017.58486787 59985.65639965
  6091.44717408  4362.50533969  5194.98865662  5450.93936457
  7196.31826366  6904.10634677  5393.28193145  5933.79226411
  6333.64738447  7063.73899639  6211.31741309  5811.95288363
  7066.04519845  6550.96122256  6262.52662243  5610.10465331
  5719.12141442  5678.18144065  6792.4414838   6101.042651
  7424.24397621  6300.91955917 73975.628666    3686.86648619
  7169.87490334 67480.70249743  5451.64774448  7025.6389534
  6002.3192246  52744.33527031  6333.1906492   4775.65901186
  5516.97924559  5223.44722179  7041.5597052   6173.90340329
  5582.41482621  6387.109165    7712.73477784  5933.11629263
 56983.35513181  6764.4900246   5723.89800799  6705.15567536
 61453.75422338  4877.85199801  7279.68461941 56966.71125848
  6602.11514966  5491.21552072 74831.02757364 57757.57944133
  7048.42996149  6908.35530798  6360.63101064  6084.23403118
  5348.75971036  6605.49107407  5911.08244405  6168.94732096
  6329.1849428  56231.63163524  5797.34774815  5661.05304665
  6622.18209256  4800.45150931  6275.52016923  6147.52886364
  4781.23440666 69584.07864239  4648.71181149  9011.55092059
  5619.31613277  5202.6777602  64818.16949027 62138.12342085
  5322.52103615  5645.02190022  4479.72742341  8430.0037072
  6097.95595197  7656.59082421  4971.98172678  6416.83545961
  4631.65008946 64646.30097279 55992.58528439  5530.84388882
  6578.55769066  6199.45162779  5347.21006781  4931.98268457
  6825.17191881  6692.10233796  5811.84934051  4927.47181568
  6378.95619624  5149.93277458 66604.45564027  6415.14207662
 68876.87077962 61136.27407464  5710.26553476  7421.02500402
  4563.60237237  6471.17338595  6105.02119257  6038.13156023
  6615.63044405  4762.53020513  6164.34533993  5861.44275338
  6461.83256392 59438.6113843   6999.73429016  4915.99633582
  6395.53070021  6169.22757175  6887.97308527 64232.39611789
  7831.62091251 49741.64053893  4697.65473198 64206.57175291
  6012.35471194  7980.21953428 58058.46631402  5643.12686269
 76213.99456868  4328.73031709  6881.09532138  7453.45363848
  5678.11385809  7299.36014999 61833.74583786 56851.20433617
 51964.94150026  4749.56674587  6997.81762701  5488.25390067
  6018.83119213 74034.72553718  5746.9936133   5100.87803844
  7097.3678502   5564.43610085  6503.06909685  7019.83799716
  5404.15361148  7654.98658405  5223.42521058  6391.6164698
  5976.49239334  5436.37347086  7538.67145495  5390.49259696
  5970.56062359  6367.53310976  6018.83027941 66033.20993953
  4652.76526509  6018.31202538  7254.84961048  5038.33426076
  6923.68103899  5334.45136865  6242.2493656   5516.56180447
  7300.96773274 57478.91195754  6349.89020563  6510.05261943
  6923.52129352  6661.4044468   4533.90264716  6194.08992591
  5575.90702118  6603.75837556 65867.21184551  5957.38102554
  6242.49678118  4790.04005924 52161.64675825  5769.61173555
  5464.38218533  6334.68326032  8051.02096765  4661.03978835
  5679.18150229 78482.70137173 65295.21487134  6515.61784749
  4725.65825331  8675.62491429  5608.70259116  7085.53274606
  5853.31552711  5763.6747413   5380.6940951   6465.28613231
  6420.50294184  7373.45483104 64878.75182175 66124.33906658
  7221.64527106  6768.16673358  7626.52804829 70090.84587472
  5614.08750458  5208.53211395  8474.21102945  5885.41147342
  6899.30154549  5151.05692355  7273.45399159  4785.93791592
 66098.498627   64308.15843719  5928.84484653  6323.72445224
  6362.71543488  6355.54874033  5998.44162359  5699.22447936
  6359.69866339  6360.35273629  6308.92191476  6128.52354027
  6806.38586631  6612.77887821  5471.79669053  5057.86430425
  5303.40866033  6369.35710904  4604.11097692  5592.27594588
  6482.03273404  6459.81705765  4854.99597728  7278.50375746
  5024.49883722  6197.83694108  5209.46829917  5540.6469082
  7522.7058514   5805.2204071   6468.19581257  5782.46455314
  5692.33250491 72477.41115467 51600.06891208  8856.52166366
 62943.69318919  5752.15755694  6434.41781206  6175.45290944
  5454.62450261 66271.70139824  5796.18657665  5358.69525856
  8359.56566151  6360.01816964 51436.40368253  5348.09413797
  5474.96559347 69503.47674335  5128.33258009  6745.74691071
  6034.9807265   6557.05472839  6358.90583962 52248.4614654
  5467.35029669  5670.22454833  5901.50128919  6211.05044057
  6419.6837719  57295.7180111   6059.99133844  6167.11529196
 66304.30813631 66638.94487489  6477.28794424 64997.18334172
  5061.97648848  5718.96331458  7266.34446446  4885.84976324
  5609.05794961  5967.54222057  6838.951804    6767.75309854
  5341.33189646 68702.1067681   6136.13301701  7531.34189992
  5771.75567899  6450.78745202  7515.36460564  5578.52643622
  5966.11805694  6567.93556199  6055.758       5858.40265394
  5560.77844108  5323.65156574  5514.50148703  6111.62386056
  5710.73425763  6664.45013326  6872.66858031  7142.67696039
  6258.42906788 58905.44525643  5187.339974    7711.43811044
  5909.46572739  6164.18866056  5669.92212196 67986.63025219
  5200.24001547  5644.17726963  7102.82664257  6278.31092704
  5018.89011866  4533.60526563  5346.14468065  4620.71872829
  8291.18717421  4266.0339798   6146.59923246  6405.60007717
  6541.02315119 53744.82514093  5864.44067177 62094.83540211
 46544.69246588  6506.58119561  6513.09612723  7371.77330748
  4274.39219832  5812.37361055  6102.91272103  7330.97246074
  5612.03197893 48804.79188279  3661.3531037   6572.93458682
 62585.26270059  5597.99082873 58549.58618634  5737.26019309
 44498.49701452 26710.11728903  2436.89836843  6437.11472851
  7067.45995109  6229.9391521   7076.14268029  5488.82951338]"
99,[-0.9850131 -0.6793638],5,-0.9640276,0.074012265,-5.4341975526131,42,"[3.60127972e-17 1.27817803e-11 2.92434889e-07 4.56206918e-04
 6.15547948e-02 1.59213266e+00 1.70588897e+01 9.36226325e+01
 2.97202017e+02 6.20370251e+02 8.61464986e+02 7.81237414e+02
 4.86847166e+02 2.50496294e+02 1.47341922e+02 8.72668876e+01
 4.25990807e+01 1.36363761e+01 2.02611425e+00 5.01971461e-01
 5.43500834e-02 5.31411740e-04]","[83547.96886933 39938.44376778 65923.18095353  6163.83542811
  5889.23172277  7597.16121379  5458.97519996  6260.41852912
  5889.43903787 60124.54262232 58707.18786805  5851.43124533
  6672.55804452  5899.10351205 54901.18107663  3644.02490659
 46254.96031654 19807.2909378   2326.02524704  5792.77152185
  5536.91404979  4654.00774886 67877.14051554  4136.45819079
 50771.22458257 14525.05551296  4539.41232926  5611.64923112
 61710.14521746  5713.59164764  6604.00346429  5830.8603772
  6564.76914371  6377.22090496  5261.8198347   6415.79012758
  6826.53181201 71882.37922307  5220.40878053  4181.49942301
  6950.7292965   4209.29943777  6043.26148879  6363.75416409
  6528.94947514  5421.49321377  6261.70483867  5271.17125533
  6332.14933623 58087.13920582  6123.14023328  6213.84116313
  5735.30728358  6108.2260058   6104.30179036  5702.85663063
  5188.08767313  7075.37523684 50842.68861214  4397.65102915
  6367.9726269   5206.98232144  5174.84663118  6228.96789701
  5050.79170005 60536.4950898  52610.9322741   5909.39309048
  6136.13349432 54368.42959847  5570.92941356  5611.58667665
  5665.99588761  5848.2613159  70508.76877362 56190.22131395
  6291.89627344  6033.13682373  6954.98415103  4960.59314019
 75418.2315406  51359.38950928  4930.31862205  6211.53141983
  7569.66145263  5905.22793962  5941.97319294  5713.54773683
  8099.39716895  4559.26102379  6003.30309475  5399.67422301
  6425.04099574 59913.569667   55774.90426462  7056.23150718
 69129.28546558  6221.22003208  4698.64588263  8203.30996647
  6211.69854694  6275.47743517  5369.89904972  5140.17847673
  7392.423234    5648.44767615  6293.70391854  5888.87003538
  6792.11308756 67376.6673631  48727.71696867  5016.65873399
 62720.26088186  5245.71987567  6258.26304316  7140.7560424
  4612.92161541 65192.05811908  4422.95187789  7069.42072705
  4704.67299248  6847.4246812   6450.85079006  5760.61518304
  6818.26680066  5729.98689979  6476.25324001 57731.21185883
  6640.38345825  5587.29762193  6027.45174364  5477.98105654
  6865.52673133  5409.16181687  6211.35354673  6130.37793436
  6489.47941852  6473.91097966  4317.99948832  5637.64072182
  6252.74631755  5234.86054389  6364.46752703  6356.36031718
  5522.40553595 63915.8736663   4501.46337156  4963.51901014
  7176.82900779  5813.71682122  5514.03969812 71389.43093784
  4716.69258408  5871.87158236  6981.21257107 53748.51063596
 57588.82048271  7078.20722396  6625.42956303  6258.6202583
  4663.56583843  6021.53803356  5734.99553182  4908.26365053
  6761.34003151 57005.77886706  6771.51782397  5247.26891981
 60182.40803969  6348.50503989  5875.60946929  5647.27316049
  6730.35732859  5748.18463211  5219.48593765  5348.82750714
 70654.3149017   6504.68148373 62696.96359123  6090.08909732
  6444.50673395  5863.48670414  5486.68396148  5829.09621624
 64093.1808756   6464.45715216  6207.81420797 67406.68787733
  4598.57838202  5670.47190251  5583.05614289  5398.66358548
  6522.94135318  5504.92887819  5360.6492747   7363.13584657
  7486.03649758  5958.12078035 55930.22813373  4552.269688
  6407.40858582  5422.34372557  7166.41758731  6303.86644582
  7138.17506464  6236.23677     6622.83828489  7270.65057263
 57791.86268703  5158.31292716  5629.00433602  6144.70596306
  5861.28657388  5178.55122581  7882.6784926   6687.34023623
  5925.42035626 55963.74682053  6176.47619004  6261.40392756
  5156.7404187  58866.74929397 60646.73587959 57077.03816853
  5443.14041841  6767.77820101  7017.58486787 59985.65639965
  6091.44717408  4362.50533969  5194.98865662  5450.93936457
  7196.31826366  6904.10634677  5393.28193145  5933.79226411
  6333.64738447  7063.73899639  6211.31741309  5811.95288363
  7066.04519845  6550.96122256  6262.52662243  5610.10465331
  5719.12141442  5678.18144065  6792.4414838   6101.042651
  7424.24397621  6300.91955917 73975.628666    3686.86648619
  7169.87490334 67480.70249743  5451.64774448  7025.6389534
  6002.3192246  52744.33527031  6333.1906492   4775.65901186
  5516.97924559  5223.44722179  7041.5597052   6173.90340329
  5582.41482621  6387.109165    7712.73477784  5933.11629263
 56983.35513181  6764.4900246   5723.89800799  6705.15567536
 61453.75422338  4877.85199801  7279.68461941 56966.71125848
  6602.11514966  5491.21552072 74831.02757364 57757.57944133
  7048.42996149  6908.35530798  6360.63101064  6084.23403118
  5348.75971036  6605.49107407  5911.08244405  6168.94732096
  6329.1849428  56231.63163524  5797.34774815  5661.05304665
  6622.18209256  4800.45150931  6275.52016923  6147.52886364
  4781.23440666 69584.07864239  4648.71181149  9011.55092059
  5619.31613277  5202.6777602  64818.16949027 62138.12342085
  5322.52103615  5645.02190022  4479.72742341  8430.0037072
  6097.95595197  7656.59082421  4971.98172678  6416.83545961
  4631.65008946 64646.30097279 55992.58528439  5530.84388882
  6578.55769066  6199.45162779  5347.21006781  4931.98268457
  6825.17191881  6692.10233796  5811.84934051  4927.47181568
  6378.95619624  5149.93277458 66604.45564027  6415.14207662
 68876.87077962 61136.27407464  5710.26553476  7421.02500402
  4563.60237237  6471.17338595  6105.02119257  6038.13156023
  6615.63044405  4762.53020513  6164.34533993  5861.44275338
  6461.83256392 59438.6113843   6999.73429016  4915.99633582
  6395.53070021  6169.22757175  6887.97308527 64232.39611789
  7831.62091251 49741.64053893  4697.65473198 64206.57175291
  6012.35471194  7980.21953428 58058.46631402  5643.12686269
 76213.99456868  4328.73031709  6881.09532138  7453.45363848
  5678.11385809  7299.36014999 61833.74583786 56851.20433617
 51964.94150026  4749.56674587  6997.81762701  5488.25390067
  6018.83119213 74034.72553718  5746.9936133   5100.87803844
  7097.3678502   5564.43610085  6503.06909685  7019.83799716
  5404.15361148  7654.98658405  5223.42521058  6391.6164698
  5976.49239334  5436.37347086  7538.67145495  5390.49259696
  5970.56062359  6367.53310976  6018.83027941 66033.20993953
  4652.76526509  6018.31202538  7254.84961048  5038.33426076
  6923.68103899  5334.45136865  6242.2493656   5516.56180447
  7300.96773274 57478.91195754  6349.89020563  6510.05261943
  6923.52129352  6661.4044468   4533.90264716  6194.08992591
  5575.90702118  6603.75837556 65867.21184551  5957.38102554
  6242.49678118  4790.04005924 52161.64675825  5769.61173555
  5464.38218533  6334.68326032  8051.02096765  4661.03978835
  5679.18150229 78482.70137173 65295.21487134  6515.61784749
  4725.65825331  8675.62491429  5608.70259116  7085.53274606
  5853.31552711  5763.6747413   5380.6940951   6465.28613231
  6420.50294184  7373.45483104 64878.75182175 66124.33906658
  7221.64527106  6768.16673358  7626.52804829 70090.84587472
  5614.08750458  5208.53211395  8474.21102945  5885.41147342
  6899.30154549  5151.05692355  7273.45399159  4785.93791592
 66098.498627   64308.15843719  5928.84484653  6323.72445224
  6362.71543488  6355.54874033  5998.44162359  5699.22447936
  6359.69866339  6360.35273629  6308.92191476  6128.52354027
  6806.38586631  6612.77887821  5471.79669053  5057.86430425
  5303.40866033  6369.35710904  4604.11097692  5592.27594588
  6482.03273404  6459.81705765  4854.99597728  7278.50375746
  5024.49883722  6197.83694108  5209.46829917  5540.6469082
  7522.7058514   5805.2204071   6468.19581257  5782.46455314
  5692.33250491 72477.41115467 51600.06891208  8856.52166366
 62943.69318919  5752.15755694  6434.41781206  6175.45290944
  5454.62450261 66271.70139824  5796.18657665  5358.69525856
  8359.56566151  6360.01816964 51436.40368253  5348.09413797
  5474.96559347 69503.47674335  5128.33258009  6745.74691071
  6034.9807265   6557.05472839  6358.90583962 52248.4614654
  5467.35029669  5670.22454833  5901.50128919  6211.05044057
  6419.6837719  57295.7180111   6059.99133844  6167.11529196
 66304.30813631 66638.94487489  6477.28794424 64997.18334172
  5061.97648848  5718.96331458  7266.34446446  4885.84976324
  5609.05794961  5967.54222057  6838.951804    6767.75309854
  5341.33189646 68702.1067681   6136.13301701  7531.34189992
  5771.75567899  6450.78745202  7515.36460564  5578.52643622
  5966.11805694  6567.93556199  6055.758       5858.40265394
  5560.77844108  5323.65156574  5514.50148703  6111.62386056
  5710.73425763  6664.45013326  6872.66858031  7142.67696039
  6258.42906788 58905.44525643  5187.339974    7711.43811044
  5909.46572739  6164.18866056  5669.92212196 67986.63025219
  5200.24001547  5644.17726963  7102.82664257  6278.31092704
  5018.89011866  4533.60526563  5346.14468065  4620.71872829
  8291.18717421  4266.0339798   6146.59923246  6405.60007717
  6541.02315119 53744.82514093  5864.44067177 62094.83540211
 46544.69246588  6506.58119561  6513.09612723  7371.77330748
  4274.39219832  5812.37361055  6102.91272103  7330.97246074
  5612.03197893 48804.79188279  3661.3531037   6572.93458682
 62585.26270059  5597.99082873 58549.58618634  5737.26019309
 44498.49701452 26710.11728903  2436.89836843  6437.11472851
  7067.45995109  6229.9391521   7076.14268029  5488.82951338
  6016.26989173 54022.66049321  6007.4309339   6018.56254241
  5780.09617056  6067.16216127  5511.39281878  5942.52162396
  6958.84720921  6036.33310955  6101.41603375  7668.43229391
  6737.86458724  6201.01480059]"
99,[-0.98555714 -0.6886192 ],5,-0.9640276,0.074012265,-11.400135434513041,43,"[2.40167044e-21 1.58640202e-14 4.23497265e-09 4.73181608e-05
 2.45907161e-02 9.70252010e-01 1.09812389e+01 7.41249075e+01
 2.68455261e+02 6.05585803e+02 8.52266528e+02 7.74667448e+02
 4.72075207e+02 2.56243219e+02 1.83539551e+02 1.34218949e+02
 7.09586580e+01 2.29301342e+01 4.06039285e+00 2.33497500e-01
 1.30865605e-03 3.67372718e-07]","[83547.96886933 39938.44376778 65923.18095353  6163.83542811
  5889.23172277  7597.16121379  5458.97519996  6260.41852912
  5889.43903787 60124.54262232 58707.18786805  5851.43124533
  6672.55804452  5899.10351205 54901.18107663  3644.02490659
 46254.96031654 19807.2909378   2326.02524704  5792.77152185
  5536.91404979  4654.00774886 67877.14051554  4136.45819079
 50771.22458257 14525.05551296  4539.41232926  5611.64923112
 61710.14521746  5713.59164764  6604.00346429  5830.8603772
  6564.76914371  6377.22090496  5261.8198347   6415.79012758
  6826.53181201 71882.37922307  5220.40878053  4181.49942301
  6950.7292965   4209.29943777  6043.26148879  6363.75416409
  6528.94947514  5421.49321377  6261.70483867  5271.17125533
  6332.14933623 58087.13920582  6123.14023328  6213.84116313
  5735.30728358  6108.2260058   6104.30179036  5702.85663063
  5188.08767313  7075.37523684 50842.68861214  4397.65102915
  6367.9726269   5206.98232144  5174.84663118  6228.96789701
  5050.79170005 60536.4950898  52610.9322741   5909.39309048
  6136.13349432 54368.42959847  5570.92941356  5611.58667665
  5665.99588761  5848.2613159  70508.76877362 56190.22131395
  6291.89627344  6033.13682373  6954.98415103  4960.59314019
 75418.2315406  51359.38950928  4930.31862205  6211.53141983
  7569.66145263  5905.22793962  5941.97319294  5713.54773683
  8099.39716895  4559.26102379  6003.30309475  5399.67422301
  6425.04099574 59913.569667   55774.90426462  7056.23150718
 69129.28546558  6221.22003208  4698.64588263  8203.30996647
  6211.69854694  6275.47743517  5369.89904972  5140.17847673
  7392.423234    5648.44767615  6293.70391854  5888.87003538
  6792.11308756 67376.6673631  48727.71696867  5016.65873399
 62720.26088186  5245.71987567  6258.26304316  7140.7560424
  4612.92161541 65192.05811908  4422.95187789  7069.42072705
  4704.67299248  6847.4246812   6450.85079006  5760.61518304
  6818.26680066  5729.98689979  6476.25324001 57731.21185883
  6640.38345825  5587.29762193  6027.45174364  5477.98105654
  6865.52673133  5409.16181687  6211.35354673  6130.37793436
  6489.47941852  6473.91097966  4317.99948832  5637.64072182
  6252.74631755  5234.86054389  6364.46752703  6356.36031718
  5522.40553595 63915.8736663   4501.46337156  4963.51901014
  7176.82900779  5813.71682122  5514.03969812 71389.43093784
  4716.69258408  5871.87158236  6981.21257107 53748.51063596
 57588.82048271  7078.20722396  6625.42956303  6258.6202583
  4663.56583843  6021.53803356  5734.99553182  4908.26365053
  6761.34003151 57005.77886706  6771.51782397  5247.26891981
 60182.40803969  6348.50503989  5875.60946929  5647.27316049
  6730.35732859  5748.18463211  5219.48593765  5348.82750714
 70654.3149017   6504.68148373 62696.96359123  6090.08909732
  6444.50673395  5863.48670414  5486.68396148  5829.09621624
 64093.1808756   6464.45715216  6207.81420797 67406.68787733
  4598.57838202  5670.47190251  5583.05614289  5398.66358548
  6522.94135318  5504.92887819  5360.6492747   7363.13584657
  7486.03649758  5958.12078035 55930.22813373  4552.269688
  6407.40858582  5422.34372557  7166.41758731  6303.86644582
  7138.17506464  6236.23677     6622.83828489  7270.65057263
 57791.86268703  5158.31292716  5629.00433602  6144.70596306
  5861.28657388  5178.55122581  7882.6784926   6687.34023623
  5925.42035626 55963.74682053  6176.47619004  6261.40392756
  5156.7404187  58866.74929397 60646.73587959 57077.03816853
  5443.14041841  6767.77820101  7017.58486787 59985.65639965
  6091.44717408  4362.50533969  5194.98865662  5450.93936457
  7196.31826366  6904.10634677  5393.28193145  5933.79226411
  6333.64738447  7063.73899639  6211.31741309  5811.95288363
  7066.04519845  6550.96122256  6262.52662243  5610.10465331
  5719.12141442  5678.18144065  6792.4414838   6101.042651
  7424.24397621  6300.91955917 73975.628666    3686.86648619
  7169.87490334 67480.70249743  5451.64774448  7025.6389534
  6002.3192246  52744.33527031  6333.1906492   4775.65901186
  5516.97924559  5223.44722179  7041.5597052   6173.90340329
  5582.41482621  6387.109165    7712.73477784  5933.11629263
 56983.35513181  6764.4900246   5723.89800799  6705.15567536
 61453.75422338  4877.85199801  7279.68461941 56966.71125848
  6602.11514966  5491.21552072 74831.02757364 57757.57944133
  7048.42996149  6908.35530798  6360.63101064  6084.23403118
  5348.75971036  6605.49107407  5911.08244405  6168.94732096
  6329.1849428  56231.63163524  5797.34774815  5661.05304665
  6622.18209256  4800.45150931  6275.52016923  6147.52886364
  4781.23440666 69584.07864239  4648.71181149  9011.55092059
  5619.31613277  5202.6777602  64818.16949027 62138.12342085
  5322.52103615  5645.02190022  4479.72742341  8430.0037072
  6097.95595197  7656.59082421  4971.98172678  6416.83545961
  4631.65008946 64646.30097279 55992.58528439  5530.84388882
  6578.55769066  6199.45162779  5347.21006781  4931.98268457
  6825.17191881  6692.10233796  5811.84934051  4927.47181568
  6378.95619624  5149.93277458 66604.45564027  6415.14207662
 68876.87077962 61136.27407464  5710.26553476  7421.02500402
  4563.60237237  6471.17338595  6105.02119257  6038.13156023
  6615.63044405  4762.53020513  6164.34533993  5861.44275338
  6461.83256392 59438.6113843   6999.73429016  4915.99633582
  6395.53070021  6169.22757175  6887.97308527 64232.39611789
  7831.62091251 49741.64053893  4697.65473198 64206.57175291
  6012.35471194  7980.21953428 58058.46631402  5643.12686269
 76213.99456868  4328.73031709  6881.09532138  7453.45363848
  5678.11385809  7299.36014999 61833.74583786 56851.20433617
 51964.94150026  4749.56674587  6997.81762701  5488.25390067
  6018.83119213 74034.72553718  5746.9936133   5100.87803844
  7097.3678502   5564.43610085  6503.06909685  7019.83799716
  5404.15361148  7654.98658405  5223.42521058  6391.6164698
  5976.49239334  5436.37347086  7538.67145495  5390.49259696
  5970.56062359  6367.53310976  6018.83027941 66033.20993953
  4652.76526509  6018.31202538  7254.84961048  5038.33426076
  6923.68103899  5334.45136865  6242.2493656   5516.56180447
  7300.96773274 57478.91195754  6349.89020563  6510.05261943
  6923.52129352  6661.4044468   4533.90264716  6194.08992591
  5575.90702118  6603.75837556 65867.21184551  5957.38102554
  6242.49678118  4790.04005924 52161.64675825  5769.61173555
  5464.38218533  6334.68326032  8051.02096765  4661.03978835
  5679.18150229 78482.70137173 65295.21487134  6515.61784749
  4725.65825331  8675.62491429  5608.70259116  7085.53274606
  5853.31552711  5763.6747413   5380.6940951   6465.28613231
  6420.50294184  7373.45483104 64878.75182175 66124.33906658
  7221.64527106  6768.16673358  7626.52804829 70090.84587472
  5614.08750458  5208.53211395  8474.21102945  5885.41147342
  6899.30154549  5151.05692355  7273.45399159  4785.93791592
 66098.498627   64308.15843719  5928.84484653  6323.72445224
  6362.71543488  6355.54874033  5998.44162359  5699.22447936
  6359.69866339  6360.35273629  6308.92191476  6128.52354027
  6806.38586631  6612.77887821  5471.79669053  5057.86430425
  5303.40866033  6369.35710904  4604.11097692  5592.27594588
  6482.03273404  6459.81705765  4854.99597728  7278.50375746
  5024.49883722  6197.83694108  5209.46829917  5540.6469082
  7522.7058514   5805.2204071   6468.19581257  5782.46455314
  5692.33250491 72477.41115467 51600.06891208  8856.52166366
 62943.69318919  5752.15755694  6434.41781206  6175.45290944
  5454.62450261 66271.70139824  5796.18657665  5358.69525856
  8359.56566151  6360.01816964 51436.40368253  5348.09413797
  5474.96559347 69503.47674335  5128.33258009  6745.74691071
  6034.9807265   6557.05472839  6358.90583962 52248.4614654
  5467.35029669  5670.22454833  5901.50128919  6211.05044057
  6419.6837719  57295.7180111   6059.99133844  6167.11529196
 66304.30813631 66638.94487489  6477.28794424 64997.18334172
  5061.97648848  5718.96331458  7266.34446446  4885.84976324
  5609.05794961  5967.54222057  6838.951804    6767.75309854
  5341.33189646 68702.1067681   6136.13301701  7531.34189992
  5771.75567899  6450.78745202  7515.36460564  5578.52643622
  5966.11805694  6567.93556199  6055.758       5858.40265394
  5560.77844108  5323.65156574  5514.50148703  6111.62386056
  5710.73425763  6664.45013326  6872.66858031  7142.67696039
  6258.42906788 58905.44525643  5187.339974    7711.43811044
  5909.46572739  6164.18866056  5669.92212196 67986.63025219
  5200.24001547  5644.17726963  7102.82664257  6278.31092704
  5018.89011866  4533.60526563  5346.14468065  4620.71872829
  8291.18717421  4266.0339798   6146.59923246  6405.60007717
  6541.02315119 53744.82514093  5864.44067177 62094.83540211
 46544.69246588  6506.58119561  6513.09612723  7371.77330748
  4274.39219832  5812.37361055  6102.91272103  7330.97246074
  5612.03197893 48804.79188279  3661.3531037   6572.93458682
 62585.26270059  5597.99082873 58549.58618634  5737.26019309
 44498.49701452 26710.11728903  2436.89836843  6437.11472851
  7067.45995109  6229.9391521   7076.14268029  5488.82951338
  6016.26989173 54022.66049321  6007.4309339   6018.56254241
  5780.09617056  6067.16216127  5511.39281878  5942.52162396
  6958.84720921  6036.33310955  6101.41603375  7668.43229391
  6737.86458724  6201.01480059  5454.493183   49191.23289923
 54760.2065735   5638.24929873 61235.41406109 53379.09994062
  6090.7712035   6219.13954262  5453.58385823 79704.50675539
 52531.72283607 67821.90029971  5182.33097695 68251.06828595]"
99,[-0.98291594 -0.6287101 ],5,-0.9640276,-0.11569941,-10.150793617498831,44,"[9.06876722e-33 7.19083298e-24 2.09604573e-16 2.27761204e-10
 9.47214311e-06 1.60862349e-02 1.46938536e+00 2.13545200e+01
 1.46356402e+02 5.31986251e+02 1.04741165e+03 1.19106077e+03
 8.02920626e+02 4.22330066e+02 3.04015962e+02 2.29566433e+02
 1.22672289e+02 3.96689552e+01 7.24236837e+00 4.79959706e-01
 3.24583629e-03 1.04323655e-06]","[83547.96886933 39938.44376778 65923.18095353  6163.83542811
  5889.23172277  7597.16121379  5458.97519996  6260.41852912
  5889.43903787 60124.54262232 58707.18786805  5851.43124533
  6672.55804452  5899.10351205 54901.18107663  3644.02490659
 46254.96031654 19807.2909378   2326.02524704  5792.77152185
  5536.91404979  4654.00774886 67877.14051554  4136.45819079
 50771.22458257 14525.05551296  4539.41232926  5611.64923112
 61710.14521746  5713.59164764  6604.00346429  5830.8603772
  6564.76914371  6377.22090496  5261.8198347   6415.79012758
  6826.53181201 71882.37922307  5220.40878053  4181.49942301
  6950.7292965   4209.29943777  6043.26148879  6363.75416409
  6528.94947514  5421.49321377  6261.70483867  5271.17125533
  6332.14933623 58087.13920582  6123.14023328  6213.84116313
  5735.30728358  6108.2260058   6104.30179036  5702.85663063
  5188.08767313  7075.37523684 50842.68861214  4397.65102915
  6367.9726269   5206.98232144  5174.84663118  6228.96789701
  5050.79170005 60536.4950898  52610.9322741   5909.39309048
  6136.13349432 54368.42959847  5570.92941356  5611.58667665
  5665.99588761  5848.2613159  70508.76877362 56190.22131395
  6291.89627344  6033.13682373  6954.98415103  4960.59314019
 75418.2315406  51359.38950928  4930.31862205  6211.53141983
  7569.66145263  5905.22793962  5941.97319294  5713.54773683
  8099.39716895  4559.26102379  6003.30309475  5399.67422301
  6425.04099574 59913.569667   55774.90426462  7056.23150718
 69129.28546558  6221.22003208  4698.64588263  8203.30996647
  6211.69854694  6275.47743517  5369.89904972  5140.17847673
  7392.423234    5648.44767615  6293.70391854  5888.87003538
  6792.11308756 67376.6673631  48727.71696867  5016.65873399
 62720.26088186  5245.71987567  6258.26304316  7140.7560424
  4612.92161541 65192.05811908  4422.95187789  7069.42072705
  4704.67299248  6847.4246812   6450.85079006  5760.61518304
  6818.26680066  5729.98689979  6476.25324001 57731.21185883
  6640.38345825  5587.29762193  6027.45174364  5477.98105654
  6865.52673133  5409.16181687  6211.35354673  6130.37793436
  6489.47941852  6473.91097966  4317.99948832  5637.64072182
  6252.74631755  5234.86054389  6364.46752703  6356.36031718
  5522.40553595 63915.8736663   4501.46337156  4963.51901014
  7176.82900779  5813.71682122  5514.03969812 71389.43093784
  4716.69258408  5871.87158236  6981.21257107 53748.51063596
 57588.82048271  7078.20722396  6625.42956303  6258.6202583
  4663.56583843  6021.53803356  5734.99553182  4908.26365053
  6761.34003151 57005.77886706  6771.51782397  5247.26891981
 60182.40803969  6348.50503989  5875.60946929  5647.27316049
  6730.35732859  5748.18463211  5219.48593765  5348.82750714
 70654.3149017   6504.68148373 62696.96359123  6090.08909732
  6444.50673395  5863.48670414  5486.68396148  5829.09621624
 64093.1808756   6464.45715216  6207.81420797 67406.68787733
  4598.57838202  5670.47190251  5583.05614289  5398.66358548
  6522.94135318  5504.92887819  5360.6492747   7363.13584657
  7486.03649758  5958.12078035 55930.22813373  4552.269688
  6407.40858582  5422.34372557  7166.41758731  6303.86644582
  7138.17506464  6236.23677     6622.83828489  7270.65057263
 57791.86268703  5158.31292716  5629.00433602  6144.70596306
  5861.28657388  5178.55122581  7882.6784926   6687.34023623
  5925.42035626 55963.74682053  6176.47619004  6261.40392756
  5156.7404187  58866.74929397 60646.73587959 57077.03816853
  5443.14041841  6767.77820101  7017.58486787 59985.65639965
  6091.44717408  4362.50533969  5194.98865662  5450.93936457
  7196.31826366  6904.10634677  5393.28193145  5933.79226411
  6333.64738447  7063.73899639  6211.31741309  5811.95288363
  7066.04519845  6550.96122256  6262.52662243  5610.10465331
  5719.12141442  5678.18144065  6792.4414838   6101.042651
  7424.24397621  6300.91955917 73975.628666    3686.86648619
  7169.87490334 67480.70249743  5451.64774448  7025.6389534
  6002.3192246  52744.33527031  6333.1906492   4775.65901186
  5516.97924559  5223.44722179  7041.5597052   6173.90340329
  5582.41482621  6387.109165    7712.73477784  5933.11629263
 56983.35513181  6764.4900246   5723.89800799  6705.15567536
 61453.75422338  4877.85199801  7279.68461941 56966.71125848
  6602.11514966  5491.21552072 74831.02757364 57757.57944133
  7048.42996149  6908.35530798  6360.63101064  6084.23403118
  5348.75971036  6605.49107407  5911.08244405  6168.94732096
  6329.1849428  56231.63163524  5797.34774815  5661.05304665
  6622.18209256  4800.45150931  6275.52016923  6147.52886364
  4781.23440666 69584.07864239  4648.71181149  9011.55092059
  5619.31613277  5202.6777602  64818.16949027 62138.12342085
  5322.52103615  5645.02190022  4479.72742341  8430.0037072
  6097.95595197  7656.59082421  4971.98172678  6416.83545961
  4631.65008946 64646.30097279 55992.58528439  5530.84388882
  6578.55769066  6199.45162779  5347.21006781  4931.98268457
  6825.17191881  6692.10233796  5811.84934051  4927.47181568
  6378.95619624  5149.93277458 66604.45564027  6415.14207662
 68876.87077962 61136.27407464  5710.26553476  7421.02500402
  4563.60237237  6471.17338595  6105.02119257  6038.13156023
  6615.63044405  4762.53020513  6164.34533993  5861.44275338
  6461.83256392 59438.6113843   6999.73429016  4915.99633582
  6395.53070021  6169.22757175  6887.97308527 64232.39611789
  7831.62091251 49741.64053893  4697.65473198 64206.57175291
  6012.35471194  7980.21953428 58058.46631402  5643.12686269
 76213.99456868  4328.73031709  6881.09532138  7453.45363848
  5678.11385809  7299.36014999 61833.74583786 56851.20433617
 51964.94150026  4749.56674587  6997.81762701  5488.25390067
  6018.83119213 74034.72553718  5746.9936133   5100.87803844
  7097.3678502   5564.43610085  6503.06909685  7019.83799716
  5404.15361148  7654.98658405  5223.42521058  6391.6164698
  5976.49239334  5436.37347086  7538.67145495  5390.49259696
  5970.56062359  6367.53310976  6018.83027941 66033.20993953
  4652.76526509  6018.31202538  7254.84961048  5038.33426076
  6923.68103899  5334.45136865  6242.2493656   5516.56180447
  7300.96773274 57478.91195754  6349.89020563  6510.05261943
  6923.52129352  6661.4044468   4533.90264716  6194.08992591
  5575.90702118  6603.75837556 65867.21184551  5957.38102554
  6242.49678118  4790.04005924 52161.64675825  5769.61173555
  5464.38218533  6334.68326032  8051.02096765  4661.03978835
  5679.18150229 78482.70137173 65295.21487134  6515.61784749
  4725.65825331  8675.62491429  5608.70259116  7085.53274606
  5853.31552711  5763.6747413   5380.6940951   6465.28613231
  6420.50294184  7373.45483104 64878.75182175 66124.33906658
  7221.64527106  6768.16673358  7626.52804829 70090.84587472
  5614.08750458  5208.53211395  8474.21102945  5885.41147342
  6899.30154549  5151.05692355  7273.45399159  4785.93791592
 66098.498627   64308.15843719  5928.84484653  6323.72445224
  6362.71543488  6355.54874033  5998.44162359  5699.22447936
  6359.69866339  6360.35273629  6308.92191476  6128.52354027
  6806.38586631  6612.77887821  5471.79669053  5057.86430425
  5303.40866033  6369.35710904  4604.11097692  5592.27594588
  6482.03273404  6459.81705765  4854.99597728  7278.50375746
  5024.49883722  6197.83694108  5209.46829917  5540.6469082
  7522.7058514   5805.2204071   6468.19581257  5782.46455314
  5692.33250491 72477.41115467 51600.06891208  8856.52166366
 62943.69318919  5752.15755694  6434.41781206  6175.45290944
  5454.62450261 66271.70139824  5796.18657665  5358.69525856
  8359.56566151  6360.01816964 51436.40368253  5348.09413797
  5474.96559347 69503.47674335  5128.33258009  6745.74691071
  6034.9807265   6557.05472839  6358.90583962 52248.4614654
  5467.35029669  5670.22454833  5901.50128919  6211.05044057
  6419.6837719  57295.7180111   6059.99133844  6167.11529196
 66304.30813631 66638.94487489  6477.28794424 64997.18334172
  5061.97648848  5718.96331458  7266.34446446  4885.84976324
  5609.05794961  5967.54222057  6838.951804    6767.75309854
  5341.33189646 68702.1067681   6136.13301701  7531.34189992
  5771.75567899  6450.78745202  7515.36460564  5578.52643622
  5966.11805694  6567.93556199  6055.758       5858.40265394
  5560.77844108  5323.65156574  5514.50148703  6111.62386056
  5710.73425763  6664.45013326  6872.66858031  7142.67696039
  6258.42906788 58905.44525643  5187.339974    7711.43811044
  5909.46572739  6164.18866056  5669.92212196 67986.63025219
  5200.24001547  5644.17726963  7102.82664257  6278.31092704
  5018.89011866  4533.60526563  5346.14468065  4620.71872829
  8291.18717421  4266.0339798   6146.59923246  6405.60007717
  6541.02315119 53744.82514093  5864.44067177 62094.83540211
 46544.69246588  6506.58119561  6513.09612723  7371.77330748
  4274.39219832  5812.37361055  6102.91272103  7330.97246074
  5612.03197893 48804.79188279  3661.3531037   6572.93458682
 62585.26270059  5597.99082873 58549.58618634  5737.26019309
 44498.49701452 26710.11728903  2436.89836843  6437.11472851
  7067.45995109  6229.9391521   7076.14268029  5488.82951338
  6016.26989173 54022.66049321  6007.4309339   6018.56254241
  5780.09617056  6067.16216127  5511.39281878  5942.52162396
  6958.84720921  6036.33310955  6101.41603375  7668.43229391
  6737.86458724  6201.01480059  5454.493183   49191.23289923
 54760.2065735   5638.24929873 61235.41406109 53379.09994062
  6090.7712035   6219.13954262  5453.58385823 79704.50675539
 52531.72283607 67821.90029971  5182.33097695 68251.06828595
 48526.45206025  5263.36786983  5206.60962733 62058.57697816
 50635.973715    7054.73486875  6434.25094218  6768.62213038
 61377.64716986  6623.11907275  6650.78234275  6048.18081994
  6459.48472417  5255.53414244]"
99,[-0.98627234 -0.6828209 ],5,-0.9640276,0.074012265,-6.479213526538231,45,"[5.07323997e-13 1.51795844e-08 3.91676171e-05 9.38906667e-03
 2.69425274e-01 2.20942977e+00 1.63988744e+01 8.65479679e+01
 2.69170416e+02 5.59816088e+02 7.59275541e+02 6.90460405e+02
 4.49526113e+02 2.36728562e+02 1.39117019e+02 8.83155135e+01
 4.84597529e+01 1.89886144e+01 4.91720432e+00 7.82640943e-01
 4.61022782e-02 4.46413775e-04]","[83547.96886933 39938.44376778 65923.18095353  6163.83542811
  5889.23172277  7597.16121379  5458.97519996  6260.41852912
  5889.43903787 60124.54262232 58707.18786805  5851.43124533
  6672.55804452  5899.10351205 54901.18107663  3644.02490659
 46254.96031654 19807.2909378   2326.02524704  5792.77152185
  5536.91404979  4654.00774886 67877.14051554  4136.45819079
 50771.22458257 14525.05551296  4539.41232926  5611.64923112
 61710.14521746  5713.59164764  6604.00346429  5830.8603772
  6564.76914371  6377.22090496  5261.8198347   6415.79012758
  6826.53181201 71882.37922307  5220.40878053  4181.49942301
  6950.7292965   4209.29943777  6043.26148879  6363.75416409
  6528.94947514  5421.49321377  6261.70483867  5271.17125533
  6332.14933623 58087.13920582  6123.14023328  6213.84116313
  5735.30728358  6108.2260058   6104.30179036  5702.85663063
  5188.08767313  7075.37523684 50842.68861214  4397.65102915
  6367.9726269   5206.98232144  5174.84663118  6228.96789701
  5050.79170005 60536.4950898  52610.9322741   5909.39309048
  6136.13349432 54368.42959847  5570.92941356  5611.58667665
  5665.99588761  5848.2613159  70508.76877362 56190.22131395
  6291.89627344  6033.13682373  6954.98415103  4960.59314019
 75418.2315406  51359.38950928  4930.31862205  6211.53141983
  7569.66145263  5905.22793962  5941.97319294  5713.54773683
  8099.39716895  4559.26102379  6003.30309475  5399.67422301
  6425.04099574 59913.569667   55774.90426462  7056.23150718
 69129.28546558  6221.22003208  4698.64588263  8203.30996647
  6211.69854694  6275.47743517  5369.89904972  5140.17847673
  7392.423234    5648.44767615  6293.70391854  5888.87003538
  6792.11308756 67376.6673631  48727.71696867  5016.65873399
 62720.26088186  5245.71987567  6258.26304316  7140.7560424
  4612.92161541 65192.05811908  4422.95187789  7069.42072705
  4704.67299248  6847.4246812   6450.85079006  5760.61518304
  6818.26680066  5729.98689979  6476.25324001 57731.21185883
  6640.38345825  5587.29762193  6027.45174364  5477.98105654
  6865.52673133  5409.16181687  6211.35354673  6130.37793436
  6489.47941852  6473.91097966  4317.99948832  5637.64072182
  6252.74631755  5234.86054389  6364.46752703  6356.36031718
  5522.40553595 63915.8736663   4501.46337156  4963.51901014
  7176.82900779  5813.71682122  5514.03969812 71389.43093784
  4716.69258408  5871.87158236  6981.21257107 53748.51063596
 57588.82048271  7078.20722396  6625.42956303  6258.6202583
  4663.56583843  6021.53803356  5734.99553182  4908.26365053
  6761.34003151 57005.77886706  6771.51782397  5247.26891981
 60182.40803969  6348.50503989  5875.60946929  5647.27316049
  6730.35732859  5748.18463211  5219.48593765  5348.82750714
 70654.3149017   6504.68148373 62696.96359123  6090.08909732
  6444.50673395  5863.48670414  5486.68396148  5829.09621624
 64093.1808756   6464.45715216  6207.81420797 67406.68787733
  4598.57838202  5670.47190251  5583.05614289  5398.66358548
  6522.94135318  5504.92887819  5360.6492747   7363.13584657
  7486.03649758  5958.12078035 55930.22813373  4552.269688
  6407.40858582  5422.34372557  7166.41758731  6303.86644582
  7138.17506464  6236.23677     6622.83828489  7270.65057263
 57791.86268703  5158.31292716  5629.00433602  6144.70596306
  5861.28657388  5178.55122581  7882.6784926   6687.34023623
  5925.42035626 55963.74682053  6176.47619004  6261.40392756
  5156.7404187  58866.74929397 60646.73587959 57077.03816853
  5443.14041841  6767.77820101  7017.58486787 59985.65639965
  6091.44717408  4362.50533969  5194.98865662  5450.93936457
  7196.31826366  6904.10634677  5393.28193145  5933.79226411
  6333.64738447  7063.73899639  6211.31741309  5811.95288363
  7066.04519845  6550.96122256  6262.52662243  5610.10465331
  5719.12141442  5678.18144065  6792.4414838   6101.042651
  7424.24397621  6300.91955917 73975.628666    3686.86648619
  7169.87490334 67480.70249743  5451.64774448  7025.6389534
  6002.3192246  52744.33527031  6333.1906492   4775.65901186
  5516.97924559  5223.44722179  7041.5597052   6173.90340329
  5582.41482621  6387.109165    7712.73477784  5933.11629263
 56983.35513181  6764.4900246   5723.89800799  6705.15567536
 61453.75422338  4877.85199801  7279.68461941 56966.71125848
  6602.11514966  5491.21552072 74831.02757364 57757.57944133
  7048.42996149  6908.35530798  6360.63101064  6084.23403118
  5348.75971036  6605.49107407  5911.08244405  6168.94732096
  6329.1849428  56231.63163524  5797.34774815  5661.05304665
  6622.18209256  4800.45150931  6275.52016923  6147.52886364
  4781.23440666 69584.07864239  4648.71181149  9011.55092059
  5619.31613277  5202.6777602  64818.16949027 62138.12342085
  5322.52103615  5645.02190022  4479.72742341  8430.0037072
  6097.95595197  7656.59082421  4971.98172678  6416.83545961
  4631.65008946 64646.30097279 55992.58528439  5530.84388882
  6578.55769066  6199.45162779  5347.21006781  4931.98268457
  6825.17191881  6692.10233796  5811.84934051  4927.47181568
  6378.95619624  5149.93277458 66604.45564027  6415.14207662
 68876.87077962 61136.27407464  5710.26553476  7421.02500402
  4563.60237237  6471.17338595  6105.02119257  6038.13156023
  6615.63044405  4762.53020513  6164.34533993  5861.44275338
  6461.83256392 59438.6113843   6999.73429016  4915.99633582
  6395.53070021  6169.22757175  6887.97308527 64232.39611789
  7831.62091251 49741.64053893  4697.65473198 64206.57175291
  6012.35471194  7980.21953428 58058.46631402  5643.12686269
 76213.99456868  4328.73031709  6881.09532138  7453.45363848
  5678.11385809  7299.36014999 61833.74583786 56851.20433617
 51964.94150026  4749.56674587  6997.81762701  5488.25390067
  6018.83119213 74034.72553718  5746.9936133   5100.87803844
  7097.3678502   5564.43610085  6503.06909685  7019.83799716
  5404.15361148  7654.98658405  5223.42521058  6391.6164698
  5976.49239334  5436.37347086  7538.67145495  5390.49259696
  5970.56062359  6367.53310976  6018.83027941 66033.20993953
  4652.76526509  6018.31202538  7254.84961048  5038.33426076
  6923.68103899  5334.45136865  6242.2493656   5516.56180447
  7300.96773274 57478.91195754  6349.89020563  6510.05261943
  6923.52129352  6661.4044468   4533.90264716  6194.08992591
  5575.90702118  6603.75837556 65867.21184551  5957.38102554
  6242.49678118  4790.04005924 52161.64675825  5769.61173555
  5464.38218533  6334.68326032  8051.02096765  4661.03978835
  5679.18150229 78482.70137173 65295.21487134  6515.61784749
  4725.65825331  8675.62491429  5608.70259116  7085.53274606
  5853.31552711  5763.6747413   5380.6940951   6465.28613231
  6420.50294184  7373.45483104 64878.75182175 66124.33906658
  7221.64527106  6768.16673358  7626.52804829 70090.84587472
  5614.08750458  5208.53211395  8474.21102945  5885.41147342
  6899.30154549  5151.05692355  7273.45399159  4785.93791592
 66098.498627   64308.15843719  5928.84484653  6323.72445224
  6362.71543488  6355.54874033  5998.44162359  5699.22447936
  6359.69866339  6360.35273629  6308.92191476  6128.52354027
  6806.38586631  6612.77887821  5471.79669053  5057.86430425
  5303.40866033  6369.35710904  4604.11097692  5592.27594588
  6482.03273404  6459.81705765  4854.99597728  7278.50375746
  5024.49883722  6197.83694108  5209.46829917  5540.6469082
  7522.7058514   5805.2204071   6468.19581257  5782.46455314
  5692.33250491 72477.41115467 51600.06891208  8856.52166366
 62943.69318919  5752.15755694  6434.41781206  6175.45290944
  5454.62450261 66271.70139824  5796.18657665  5358.69525856
  8359.56566151  6360.01816964 51436.40368253  5348.09413797
  5474.96559347 69503.47674335  5128.33258009  6745.74691071
  6034.9807265   6557.05472839  6358.90583962 52248.4614654
  5467.35029669  5670.22454833  5901.50128919  6211.05044057
  6419.6837719  57295.7180111   6059.99133844  6167.11529196
 66304.30813631 66638.94487489  6477.28794424 64997.18334172
  5061.97648848  5718.96331458  7266.34446446  4885.84976324
  5609.05794961  5967.54222057  6838.951804    6767.75309854
  5341.33189646 68702.1067681   6136.13301701  7531.34189992
  5771.75567899  6450.78745202  7515.36460564  5578.52643622
  5966.11805694  6567.93556199  6055.758       5858.40265394
  5560.77844108  5323.65156574  5514.50148703  6111.62386056
  5710.73425763  6664.45013326  6872.66858031  7142.67696039
  6258.42906788 58905.44525643  5187.339974    7711.43811044
  5909.46572739  6164.18866056  5669.92212196 67986.63025219
  5200.24001547  5644.17726963  7102.82664257  6278.31092704
  5018.89011866  4533.60526563  5346.14468065  4620.71872829
  8291.18717421  4266.0339798   6146.59923246  6405.60007717
  6541.02315119 53744.82514093  5864.44067177 62094.83540211
 46544.69246588  6506.58119561  6513.09612723  7371.77330748
  4274.39219832  5812.37361055  6102.91272103  7330.97246074
  5612.03197893 48804.79188279  3661.3531037   6572.93458682
 62585.26270059  5597.99082873 58549.58618634  5737.26019309
 44498.49701452 26710.11728903  2436.89836843  6437.11472851
  7067.45995109  6229.9391521   7076.14268029  5488.82951338
  6016.26989173 54022.66049321  6007.4309339   6018.56254241
  5780.09617056  6067.16216127  5511.39281878  5942.52162396
  6958.84720921  6036.33310955  6101.41603375  7668.43229391
  6737.86458724  6201.01480059  5454.493183   49191.23289923
 54760.2065735   5638.24929873 61235.41406109 53379.09994062
  6090.7712035   6219.13954262  5453.58385823 79704.50675539
 52531.72283607 67821.90029971  5182.33097695 68251.06828595
 48526.45206025  5263.36786983  5206.60962733 62058.57697816
 50635.973715    7054.73486875  6434.25094218  6768.62213038
 61377.64716986  6623.11907275  6650.78234275  6048.18081994
  6459.48472417  5255.53414244  6336.07152761  5712.8354574
 68366.93949887  6842.52107243  5849.27743201  5486.07822697
 73459.86911773  6067.86756842  6316.3333092   5335.03755213
  6777.97748822  6888.23236147  6829.60307726  6009.37798512]"
99,[-0.9781582  -0.68406373],5,-0.9640276,0.074012265,-6.682334990998517,46,"[5.92739038e-30 3.81976049e-21 6.64478351e-14 3.18371614e-08
 4.38457944e-04 2.00290428e-01 6.45094115e+00 6.11418420e+01
 2.80641508e+02 7.20418561e+02 1.17893908e+03 1.28452016e+03
 9.09361163e+02 4.53396635e+02 1.93043516e+02 9.82648899e+01
 5.08318098e+01 1.72024996e+01 2.70494887e+00 1.29645086e-01
 5.30182777e-04 7.58462698e-08]","[83547.96886933 39938.44376778 65923.18095353  6163.83542811
  5889.23172277  7597.16121379  5458.97519996  6260.41852912
  5889.43903787 60124.54262232 58707.18786805  5851.43124533
  6672.55804452  5899.10351205 54901.18107663  3644.02490659
 46254.96031654 19807.2909378   2326.02524704  5792.77152185
  5536.91404979  4654.00774886 67877.14051554  4136.45819079
 50771.22458257 14525.05551296  4539.41232926  5611.64923112
 61710.14521746  5713.59164764  6604.00346429  5830.8603772
  6564.76914371  6377.22090496  5261.8198347   6415.79012758
  6826.53181201 71882.37922307  5220.40878053  4181.49942301
  6950.7292965   4209.29943777  6043.26148879  6363.75416409
  6528.94947514  5421.49321377  6261.70483867  5271.17125533
  6332.14933623 58087.13920582  6123.14023328  6213.84116313
  5735.30728358  6108.2260058   6104.30179036  5702.85663063
  5188.08767313  7075.37523684 50842.68861214  4397.65102915
  6367.9726269   5206.98232144  5174.84663118  6228.96789701
  5050.79170005 60536.4950898  52610.9322741   5909.39309048
  6136.13349432 54368.42959847  5570.92941356  5611.58667665
  5665.99588761  5848.2613159  70508.76877362 56190.22131395
  6291.89627344  6033.13682373  6954.98415103  4960.59314019
 75418.2315406  51359.38950928  4930.31862205  6211.53141983
  7569.66145263  5905.22793962  5941.97319294  5713.54773683
  8099.39716895  4559.26102379  6003.30309475  5399.67422301
  6425.04099574 59913.569667   55774.90426462  7056.23150718
 69129.28546558  6221.22003208  4698.64588263  8203.30996647
  6211.69854694  6275.47743517  5369.89904972  5140.17847673
  7392.423234    5648.44767615  6293.70391854  5888.87003538
  6792.11308756 67376.6673631  48727.71696867  5016.65873399
 62720.26088186  5245.71987567  6258.26304316  7140.7560424
  4612.92161541 65192.05811908  4422.95187789  7069.42072705
  4704.67299248  6847.4246812   6450.85079006  5760.61518304
  6818.26680066  5729.98689979  6476.25324001 57731.21185883
  6640.38345825  5587.29762193  6027.45174364  5477.98105654
  6865.52673133  5409.16181687  6211.35354673  6130.37793436
  6489.47941852  6473.91097966  4317.99948832  5637.64072182
  6252.74631755  5234.86054389  6364.46752703  6356.36031718
  5522.40553595 63915.8736663   4501.46337156  4963.51901014
  7176.82900779  5813.71682122  5514.03969812 71389.43093784
  4716.69258408  5871.87158236  6981.21257107 53748.51063596
 57588.82048271  7078.20722396  6625.42956303  6258.6202583
  4663.56583843  6021.53803356  5734.99553182  4908.26365053
  6761.34003151 57005.77886706  6771.51782397  5247.26891981
 60182.40803969  6348.50503989  5875.60946929  5647.27316049
  6730.35732859  5748.18463211  5219.48593765  5348.82750714
 70654.3149017   6504.68148373 62696.96359123  6090.08909732
  6444.50673395  5863.48670414  5486.68396148  5829.09621624
 64093.1808756   6464.45715216  6207.81420797 67406.68787733
  4598.57838202  5670.47190251  5583.05614289  5398.66358548
  6522.94135318  5504.92887819  5360.6492747   7363.13584657
  7486.03649758  5958.12078035 55930.22813373  4552.269688
  6407.40858582  5422.34372557  7166.41758731  6303.86644582
  7138.17506464  6236.23677     6622.83828489  7270.65057263
 57791.86268703  5158.31292716  5629.00433602  6144.70596306
  5861.28657388  5178.55122581  7882.6784926   6687.34023623
  5925.42035626 55963.74682053  6176.47619004  6261.40392756
  5156.7404187  58866.74929397 60646.73587959 57077.03816853
  5443.14041841  6767.77820101  7017.58486787 59985.65639965
  6091.44717408  4362.50533969  5194.98865662  5450.93936457
  7196.31826366  6904.10634677  5393.28193145  5933.79226411
  6333.64738447  7063.73899639  6211.31741309  5811.95288363
  7066.04519845  6550.96122256  6262.52662243  5610.10465331
  5719.12141442  5678.18144065  6792.4414838   6101.042651
  7424.24397621  6300.91955917 73975.628666    3686.86648619
  7169.87490334 67480.70249743  5451.64774448  7025.6389534
  6002.3192246  52744.33527031  6333.1906492   4775.65901186
  5516.97924559  5223.44722179  7041.5597052   6173.90340329
  5582.41482621  6387.109165    7712.73477784  5933.11629263
 56983.35513181  6764.4900246   5723.89800799  6705.15567536
 61453.75422338  4877.85199801  7279.68461941 56966.71125848
  6602.11514966  5491.21552072 74831.02757364 57757.57944133
  7048.42996149  6908.35530798  6360.63101064  6084.23403118
  5348.75971036  6605.49107407  5911.08244405  6168.94732096
  6329.1849428  56231.63163524  5797.34774815  5661.05304665
  6622.18209256  4800.45150931  6275.52016923  6147.52886364
  4781.23440666 69584.07864239  4648.71181149  9011.55092059
  5619.31613277  5202.6777602  64818.16949027 62138.12342085
  5322.52103615  5645.02190022  4479.72742341  8430.0037072
  6097.95595197  7656.59082421  4971.98172678  6416.83545961
  4631.65008946 64646.30097279 55992.58528439  5530.84388882
  6578.55769066  6199.45162779  5347.21006781  4931.98268457
  6825.17191881  6692.10233796  5811.84934051  4927.47181568
  6378.95619624  5149.93277458 66604.45564027  6415.14207662
 68876.87077962 61136.27407464  5710.26553476  7421.02500402
  4563.60237237  6471.17338595  6105.02119257  6038.13156023
  6615.63044405  4762.53020513  6164.34533993  5861.44275338
  6461.83256392 59438.6113843   6999.73429016  4915.99633582
  6395.53070021  6169.22757175  6887.97308527 64232.39611789
  7831.62091251 49741.64053893  4697.65473198 64206.57175291
  6012.35471194  7980.21953428 58058.46631402  5643.12686269
 76213.99456868  4328.73031709  6881.09532138  7453.45363848
  5678.11385809  7299.36014999 61833.74583786 56851.20433617
 51964.94150026  4749.56674587  6997.81762701  5488.25390067
  6018.83119213 74034.72553718  5746.9936133   5100.87803844
  7097.3678502   5564.43610085  6503.06909685  7019.83799716
  5404.15361148  7654.98658405  5223.42521058  6391.6164698
  5976.49239334  5436.37347086  7538.67145495  5390.49259696
  5970.56062359  6367.53310976  6018.83027941 66033.20993953
  4652.76526509  6018.31202538  7254.84961048  5038.33426076
  6923.68103899  5334.45136865  6242.2493656   5516.56180447
  7300.96773274 57478.91195754  6349.89020563  6510.05261943
  6923.52129352  6661.4044468   4533.90264716  6194.08992591
  5575.90702118  6603.75837556 65867.21184551  5957.38102554
  6242.49678118  4790.04005924 52161.64675825  5769.61173555
  5464.38218533  6334.68326032  8051.02096765  4661.03978835
  5679.18150229 78482.70137173 65295.21487134  6515.61784749
  4725.65825331  8675.62491429  5608.70259116  7085.53274606
  5853.31552711  5763.6747413   5380.6940951   6465.28613231
  6420.50294184  7373.45483104 64878.75182175 66124.33906658
  7221.64527106  6768.16673358  7626.52804829 70090.84587472
  5614.08750458  5208.53211395  8474.21102945  5885.41147342
  6899.30154549  5151.05692355  7273.45399159  4785.93791592
 66098.498627   64308.15843719  5928.84484653  6323.72445224
  6362.71543488  6355.54874033  5998.44162359  5699.22447936
  6359.69866339  6360.35273629  6308.92191476  6128.52354027
  6806.38586631  6612.77887821  5471.79669053  5057.86430425
  5303.40866033  6369.35710904  4604.11097692  5592.27594588
  6482.03273404  6459.81705765  4854.99597728  7278.50375746
  5024.49883722  6197.83694108  5209.46829917  5540.6469082
  7522.7058514   5805.2204071   6468.19581257  5782.46455314
  5692.33250491 72477.41115467 51600.06891208  8856.52166366
 62943.69318919  5752.15755694  6434.41781206  6175.45290944
  5454.62450261 66271.70139824  5796.18657665  5358.69525856
  8359.56566151  6360.01816964 51436.40368253  5348.09413797
  5474.96559347 69503.47674335  5128.33258009  6745.74691071
  6034.9807265   6557.05472839  6358.90583962 52248.4614654
  5467.35029669  5670.22454833  5901.50128919  6211.05044057
  6419.6837719  57295.7180111   6059.99133844  6167.11529196
 66304.30813631 66638.94487489  6477.28794424 64997.18334172
  5061.97648848  5718.96331458  7266.34446446  4885.84976324
  5609.05794961  5967.54222057  6838.951804    6767.75309854
  5341.33189646 68702.1067681   6136.13301701  7531.34189992
  5771.75567899  6450.78745202  7515.36460564  5578.52643622
  5966.11805694  6567.93556199  6055.758       5858.40265394
  5560.77844108  5323.65156574  5514.50148703  6111.62386056
  5710.73425763  6664.45013326  6872.66858031  7142.67696039
  6258.42906788 58905.44525643  5187.339974    7711.43811044
  5909.46572739  6164.18866056  5669.92212196 67986.63025219
  5200.24001547  5644.17726963  7102.82664257  6278.31092704
  5018.89011866  4533.60526563  5346.14468065  4620.71872829
  8291.18717421  4266.0339798   6146.59923246  6405.60007717
  6541.02315119 53744.82514093  5864.44067177 62094.83540211
 46544.69246588  6506.58119561  6513.09612723  7371.77330748
  4274.39219832  5812.37361055  6102.91272103  7330.97246074
  5612.03197893 48804.79188279  3661.3531037   6572.93458682
 62585.26270059  5597.99082873 58549.58618634  5737.26019309
 44498.49701452 26710.11728903  2436.89836843  6437.11472851
  7067.45995109  6229.9391521   7076.14268029  5488.82951338
  6016.26989173 54022.66049321  6007.4309339   6018.56254241
  5780.09617056  6067.16216127  5511.39281878  5942.52162396
  6958.84720921  6036.33310955  6101.41603375  7668.43229391
  6737.86458724  6201.01480059  5454.493183   49191.23289923
 54760.2065735   5638.24929873 61235.41406109 53379.09994062
  6090.7712035   6219.13954262  5453.58385823 79704.50675539
 52531.72283607 67821.90029971  5182.33097695 68251.06828595
 48526.45206025  5263.36786983  5206.60962733 62058.57697816
 50635.973715    7054.73486875  6434.25094218  6768.62213038
 61377.64716986  6623.11907275  6650.78234275  6048.18081994
  6459.48472417  5255.53414244  6336.07152761  5712.8354574
 68366.93949887  6842.52107243  5849.27743201  5486.07822697
 73459.86911773  6067.86756842  6316.3333092   5335.03755213
  6777.97748822  6888.23236147  6829.60307726  6009.37798512
  5089.06513364  6957.68548656  6735.35360518  7319.01988886
 66958.89814405  5055.57269164  5475.33888718  5871.20140117
  7205.97997593  6587.82945276  5431.02408363  3872.55948362
 83426.39064094  5049.89165556]"
99,[-0.9863261 -0.6487017],5,-0.9640276,-0.11569941,-6.2355346823004405,47,"[7.32331864e-22 1.53721508e-15 2.37768651e-10 2.77386298e-06
 2.61500754e-03 2.65641731e-01 6.05524643e+00 4.98516101e+01
 2.03908808e+02 5.09188479e+02 7.93699094e+02 7.89764032e+02
 5.24491926e+02 2.68286061e+02 1.68134330e+02 1.28543611e+02
 7.13175051e+01 2.72989922e+01 7.35241652e+00 1.12376210e+00
 6.57527992e-02 6.73372745e-04]","[83547.96886933 39938.44376778 65923.18095353  6163.83542811
  5889.23172277  7597.16121379  5458.97519996  6260.41852912
  5889.43903787 60124.54262232 58707.18786805  5851.43124533
  6672.55804452  5899.10351205 54901.18107663  3644.02490659
 46254.96031654 19807.2909378   2326.02524704  5792.77152185
  5536.91404979  4654.00774886 67877.14051554  4136.45819079
 50771.22458257 14525.05551296  4539.41232926  5611.64923112
 61710.14521746  5713.59164764  6604.00346429  5830.8603772
  6564.76914371  6377.22090496  5261.8198347   6415.79012758
  6826.53181201 71882.37922307  5220.40878053  4181.49942301
  6950.7292965   4209.29943777  6043.26148879  6363.75416409
  6528.94947514  5421.49321377  6261.70483867  5271.17125533
  6332.14933623 58087.13920582  6123.14023328  6213.84116313
  5735.30728358  6108.2260058   6104.30179036  5702.85663063
  5188.08767313  7075.37523684 50842.68861214  4397.65102915
  6367.9726269   5206.98232144  5174.84663118  6228.96789701
  5050.79170005 60536.4950898  52610.9322741   5909.39309048
  6136.13349432 54368.42959847  5570.92941356  5611.58667665
  5665.99588761  5848.2613159  70508.76877362 56190.22131395
  6291.89627344  6033.13682373  6954.98415103  4960.59314019
 75418.2315406  51359.38950928  4930.31862205  6211.53141983
  7569.66145263  5905.22793962  5941.97319294  5713.54773683
  8099.39716895  4559.26102379  6003.30309475  5399.67422301
  6425.04099574 59913.569667   55774.90426462  7056.23150718
 69129.28546558  6221.22003208  4698.64588263  8203.30996647
  6211.69854694  6275.47743517  5369.89904972  5140.17847673
  7392.423234    5648.44767615  6293.70391854  5888.87003538
  6792.11308756 67376.6673631  48727.71696867  5016.65873399
 62720.26088186  5245.71987567  6258.26304316  7140.7560424
  4612.92161541 65192.05811908  4422.95187789  7069.42072705
  4704.67299248  6847.4246812   6450.85079006  5760.61518304
  6818.26680066  5729.98689979  6476.25324001 57731.21185883
  6640.38345825  5587.29762193  6027.45174364  5477.98105654
  6865.52673133  5409.16181687  6211.35354673  6130.37793436
  6489.47941852  6473.91097966  4317.99948832  5637.64072182
  6252.74631755  5234.86054389  6364.46752703  6356.36031718
  5522.40553595 63915.8736663   4501.46337156  4963.51901014
  7176.82900779  5813.71682122  5514.03969812 71389.43093784
  4716.69258408  5871.87158236  6981.21257107 53748.51063596
 57588.82048271  7078.20722396  6625.42956303  6258.6202583
  4663.56583843  6021.53803356  5734.99553182  4908.26365053
  6761.34003151 57005.77886706  6771.51782397  5247.26891981
 60182.40803969  6348.50503989  5875.60946929  5647.27316049
  6730.35732859  5748.18463211  5219.48593765  5348.82750714
 70654.3149017   6504.68148373 62696.96359123  6090.08909732
  6444.50673395  5863.48670414  5486.68396148  5829.09621624
 64093.1808756   6464.45715216  6207.81420797 67406.68787733
  4598.57838202  5670.47190251  5583.05614289  5398.66358548
  6522.94135318  5504.92887819  5360.6492747   7363.13584657
  7486.03649758  5958.12078035 55930.22813373  4552.269688
  6407.40858582  5422.34372557  7166.41758731  6303.86644582
  7138.17506464  6236.23677     6622.83828489  7270.65057263
 57791.86268703  5158.31292716  5629.00433602  6144.70596306
  5861.28657388  5178.55122581  7882.6784926   6687.34023623
  5925.42035626 55963.74682053  6176.47619004  6261.40392756
  5156.7404187  58866.74929397 60646.73587959 57077.03816853
  5443.14041841  6767.77820101  7017.58486787 59985.65639965
  6091.44717408  4362.50533969  5194.98865662  5450.93936457
  7196.31826366  6904.10634677  5393.28193145  5933.79226411
  6333.64738447  7063.73899639  6211.31741309  5811.95288363
  7066.04519845  6550.96122256  6262.52662243  5610.10465331
  5719.12141442  5678.18144065  6792.4414838   6101.042651
  7424.24397621  6300.91955917 73975.628666    3686.86648619
  7169.87490334 67480.70249743  5451.64774448  7025.6389534
  6002.3192246  52744.33527031  6333.1906492   4775.65901186
  5516.97924559  5223.44722179  7041.5597052   6173.90340329
  5582.41482621  6387.109165    7712.73477784  5933.11629263
 56983.35513181  6764.4900246   5723.89800799  6705.15567536
 61453.75422338  4877.85199801  7279.68461941 56966.71125848
  6602.11514966  5491.21552072 74831.02757364 57757.57944133
  7048.42996149  6908.35530798  6360.63101064  6084.23403118
  5348.75971036  6605.49107407  5911.08244405  6168.94732096
  6329.1849428  56231.63163524  5797.34774815  5661.05304665
  6622.18209256  4800.45150931  6275.52016923  6147.52886364
  4781.23440666 69584.07864239  4648.71181149  9011.55092059
  5619.31613277  5202.6777602  64818.16949027 62138.12342085
  5322.52103615  5645.02190022  4479.72742341  8430.0037072
  6097.95595197  7656.59082421  4971.98172678  6416.83545961
  4631.65008946 64646.30097279 55992.58528439  5530.84388882
  6578.55769066  6199.45162779  5347.21006781  4931.98268457
  6825.17191881  6692.10233796  5811.84934051  4927.47181568
  6378.95619624  5149.93277458 66604.45564027  6415.14207662
 68876.87077962 61136.27407464  5710.26553476  7421.02500402
  4563.60237237  6471.17338595  6105.02119257  6038.13156023
  6615.63044405  4762.53020513  6164.34533993  5861.44275338
  6461.83256392 59438.6113843   6999.73429016  4915.99633582
  6395.53070021  6169.22757175  6887.97308527 64232.39611789
  7831.62091251 49741.64053893  4697.65473198 64206.57175291
  6012.35471194  7980.21953428 58058.46631402  5643.12686269
 76213.99456868  4328.73031709  6881.09532138  7453.45363848
  5678.11385809  7299.36014999 61833.74583786 56851.20433617
 51964.94150026  4749.56674587  6997.81762701  5488.25390067
  6018.83119213 74034.72553718  5746.9936133   5100.87803844
  7097.3678502   5564.43610085  6503.06909685  7019.83799716
  5404.15361148  7654.98658405  5223.42521058  6391.6164698
  5976.49239334  5436.37347086  7538.67145495  5390.49259696
  5970.56062359  6367.53310976  6018.83027941 66033.20993953
  4652.76526509  6018.31202538  7254.84961048  5038.33426076
  6923.68103899  5334.45136865  6242.2493656   5516.56180447
  7300.96773274 57478.91195754  6349.89020563  6510.05261943
  6923.52129352  6661.4044468   4533.90264716  6194.08992591
  5575.90702118  6603.75837556 65867.21184551  5957.38102554
  6242.49678118  4790.04005924 52161.64675825  5769.61173555
  5464.38218533  6334.68326032  8051.02096765  4661.03978835
  5679.18150229 78482.70137173 65295.21487134  6515.61784749
  4725.65825331  8675.62491429  5608.70259116  7085.53274606
  5853.31552711  5763.6747413   5380.6940951   6465.28613231
  6420.50294184  7373.45483104 64878.75182175 66124.33906658
  7221.64527106  6768.16673358  7626.52804829 70090.84587472
  5614.08750458  5208.53211395  8474.21102945  5885.41147342
  6899.30154549  5151.05692355  7273.45399159  4785.93791592
 66098.498627   64308.15843719  5928.84484653  6323.72445224
  6362.71543488  6355.54874033  5998.44162359  5699.22447936
  6359.69866339  6360.35273629  6308.92191476  6128.52354027
  6806.38586631  6612.77887821  5471.79669053  5057.86430425
  5303.40866033  6369.35710904  4604.11097692  5592.27594588
  6482.03273404  6459.81705765  4854.99597728  7278.50375746
  5024.49883722  6197.83694108  5209.46829917  5540.6469082
  7522.7058514   5805.2204071   6468.19581257  5782.46455314
  5692.33250491 72477.41115467 51600.06891208  8856.52166366
 62943.69318919  5752.15755694  6434.41781206  6175.45290944
  5454.62450261 66271.70139824  5796.18657665  5358.69525856
  8359.56566151  6360.01816964 51436.40368253  5348.09413797
  5474.96559347 69503.47674335  5128.33258009  6745.74691071
  6034.9807265   6557.05472839  6358.90583962 52248.4614654
  5467.35029669  5670.22454833  5901.50128919  6211.05044057
  6419.6837719  57295.7180111   6059.99133844  6167.11529196
 66304.30813631 66638.94487489  6477.28794424 64997.18334172
  5061.97648848  5718.96331458  7266.34446446  4885.84976324
  5609.05794961  5967.54222057  6838.951804    6767.75309854
  5341.33189646 68702.1067681   6136.13301701  7531.34189992
  5771.75567899  6450.78745202  7515.36460564  5578.52643622
  5966.11805694  6567.93556199  6055.758       5858.40265394
  5560.77844108  5323.65156574  5514.50148703  6111.62386056
  5710.73425763  6664.45013326  6872.66858031  7142.67696039
  6258.42906788 58905.44525643  5187.339974    7711.43811044
  5909.46572739  6164.18866056  5669.92212196 67986.63025219
  5200.24001547  5644.17726963  7102.82664257  6278.31092704
  5018.89011866  4533.60526563  5346.14468065  4620.71872829
  8291.18717421  4266.0339798   6146.59923246  6405.60007717
  6541.02315119 53744.82514093  5864.44067177 62094.83540211
 46544.69246588  6506.58119561  6513.09612723  7371.77330748
  4274.39219832  5812.37361055  6102.91272103  7330.97246074
  5612.03197893 48804.79188279  3661.3531037   6572.93458682
 62585.26270059  5597.99082873 58549.58618634  5737.26019309
 44498.49701452 26710.11728903  2436.89836843  6437.11472851
  7067.45995109  6229.9391521   7076.14268029  5488.82951338
  6016.26989173 54022.66049321  6007.4309339   6018.56254241
  5780.09617056  6067.16216127  5511.39281878  5942.52162396
  6958.84720921  6036.33310955  6101.41603375  7668.43229391
  6737.86458724  6201.01480059  5454.493183   49191.23289923
 54760.2065735   5638.24929873 61235.41406109 53379.09994062
  6090.7712035   6219.13954262  5453.58385823 79704.50675539
 52531.72283607 67821.90029971  5182.33097695 68251.06828595
 48526.45206025  5263.36786983  5206.60962733 62058.57697816
 50635.973715    7054.73486875  6434.25094218  6768.62213038
 61377.64716986  6623.11907275  6650.78234275  6048.18081994
  6459.48472417  5255.53414244  6336.07152761  5712.8354574
 68366.93949887  6842.52107243  5849.27743201  5486.07822697
 73459.86911773  6067.86756842  6316.3333092   5335.03755213
  6777.97748822  6888.23236147  6829.60307726  6009.37798512
  5089.06513364  6957.68548656  6735.35360518  7319.01988886
 66958.89814405  5055.57269164  5475.33888718  5871.20140117
  7205.97997593  6587.82945276  5431.02408363  3872.55948362
 83426.39064094  5049.89165556  6313.32132379  7147.40739313
  6281.08256948 67073.2617105   6718.50368607  7853.21643755
  5408.81938451  5961.24928774  7543.9909818  64517.50046972
  7255.86400585  7711.8558246   6986.37585977  7111.40055011]"
99,[-0.98315    -0.63316476],5,-0.9640276,-0.11569941,-8.474088620250726,48,"[1.04443152e-29 4.86519156e-21 6.34939743e-14 2.36991838e-08
 2.64814915e-04 1.06060495e-01 3.90443232e+00 4.29075119e+01
 2.11692041e+02 6.20957117e+02 1.06476621e+03 1.03177100e+03
 6.50739022e+02 3.55329316e+02 2.84609070e+02 2.27145778e+02
 1.19668158e+02 4.28838960e+01 1.04296693e+01 7.50988913e-01
 3.60861965e-03 6.07027868e-07]","[83547.96886933 39938.44376778 65923.18095353  6163.83542811
  5889.23172277  7597.16121379  5458.97519996  6260.41852912
  5889.43903787 60124.54262232 58707.18786805  5851.43124533
  6672.55804452  5899.10351205 54901.18107663  3644.02490659
 46254.96031654 19807.2909378   2326.02524704  5792.77152185
  5536.91404979  4654.00774886 67877.14051554  4136.45819079
 50771.22458257 14525.05551296  4539.41232926  5611.64923112
 61710.14521746  5713.59164764  6604.00346429  5830.8603772
  6564.76914371  6377.22090496  5261.8198347   6415.79012758
  6826.53181201 71882.37922307  5220.40878053  4181.49942301
  6950.7292965   4209.29943777  6043.26148879  6363.75416409
  6528.94947514  5421.49321377  6261.70483867  5271.17125533
  6332.14933623 58087.13920582  6123.14023328  6213.84116313
  5735.30728358  6108.2260058   6104.30179036  5702.85663063
  5188.08767313  7075.37523684 50842.68861214  4397.65102915
  6367.9726269   5206.98232144  5174.84663118  6228.96789701
  5050.79170005 60536.4950898  52610.9322741   5909.39309048
  6136.13349432 54368.42959847  5570.92941356  5611.58667665
  5665.99588761  5848.2613159  70508.76877362 56190.22131395
  6291.89627344  6033.13682373  6954.98415103  4960.59314019
 75418.2315406  51359.38950928  4930.31862205  6211.53141983
  7569.66145263  5905.22793962  5941.97319294  5713.54773683
  8099.39716895  4559.26102379  6003.30309475  5399.67422301
  6425.04099574 59913.569667   55774.90426462  7056.23150718
 69129.28546558  6221.22003208  4698.64588263  8203.30996647
  6211.69854694  6275.47743517  5369.89904972  5140.17847673
  7392.423234    5648.44767615  6293.70391854  5888.87003538
  6792.11308756 67376.6673631  48727.71696867  5016.65873399
 62720.26088186  5245.71987567  6258.26304316  7140.7560424
  4612.92161541 65192.05811908  4422.95187789  7069.42072705
  4704.67299248  6847.4246812   6450.85079006  5760.61518304
  6818.26680066  5729.98689979  6476.25324001 57731.21185883
  6640.38345825  5587.29762193  6027.45174364  5477.98105654
  6865.52673133  5409.16181687  6211.35354673  6130.37793436
  6489.47941852  6473.91097966  4317.99948832  5637.64072182
  6252.74631755  5234.86054389  6364.46752703  6356.36031718
  5522.40553595 63915.8736663   4501.46337156  4963.51901014
  7176.82900779  5813.71682122  5514.03969812 71389.43093784
  4716.69258408  5871.87158236  6981.21257107 53748.51063596
 57588.82048271  7078.20722396  6625.42956303  6258.6202583
  4663.56583843  6021.53803356  5734.99553182  4908.26365053
  6761.34003151 57005.77886706  6771.51782397  5247.26891981
 60182.40803969  6348.50503989  5875.60946929  5647.27316049
  6730.35732859  5748.18463211  5219.48593765  5348.82750714
 70654.3149017   6504.68148373 62696.96359123  6090.08909732
  6444.50673395  5863.48670414  5486.68396148  5829.09621624
 64093.1808756   6464.45715216  6207.81420797 67406.68787733
  4598.57838202  5670.47190251  5583.05614289  5398.66358548
  6522.94135318  5504.92887819  5360.6492747   7363.13584657
  7486.03649758  5958.12078035 55930.22813373  4552.269688
  6407.40858582  5422.34372557  7166.41758731  6303.86644582
  7138.17506464  6236.23677     6622.83828489  7270.65057263
 57791.86268703  5158.31292716  5629.00433602  6144.70596306
  5861.28657388  5178.55122581  7882.6784926   6687.34023623
  5925.42035626 55963.74682053  6176.47619004  6261.40392756
  5156.7404187  58866.74929397 60646.73587959 57077.03816853
  5443.14041841  6767.77820101  7017.58486787 59985.65639965
  6091.44717408  4362.50533969  5194.98865662  5450.93936457
  7196.31826366  6904.10634677  5393.28193145  5933.79226411
  6333.64738447  7063.73899639  6211.31741309  5811.95288363
  7066.04519845  6550.96122256  6262.52662243  5610.10465331
  5719.12141442  5678.18144065  6792.4414838   6101.042651
  7424.24397621  6300.91955917 73975.628666    3686.86648619
  7169.87490334 67480.70249743  5451.64774448  7025.6389534
  6002.3192246  52744.33527031  6333.1906492   4775.65901186
  5516.97924559  5223.44722179  7041.5597052   6173.90340329
  5582.41482621  6387.109165    7712.73477784  5933.11629263
 56983.35513181  6764.4900246   5723.89800799  6705.15567536
 61453.75422338  4877.85199801  7279.68461941 56966.71125848
  6602.11514966  5491.21552072 74831.02757364 57757.57944133
  7048.42996149  6908.35530798  6360.63101064  6084.23403118
  5348.75971036  6605.49107407  5911.08244405  6168.94732096
  6329.1849428  56231.63163524  5797.34774815  5661.05304665
  6622.18209256  4800.45150931  6275.52016923  6147.52886364
  4781.23440666 69584.07864239  4648.71181149  9011.55092059
  5619.31613277  5202.6777602  64818.16949027 62138.12342085
  5322.52103615  5645.02190022  4479.72742341  8430.0037072
  6097.95595197  7656.59082421  4971.98172678  6416.83545961
  4631.65008946 64646.30097279 55992.58528439  5530.84388882
  6578.55769066  6199.45162779  5347.21006781  4931.98268457
  6825.17191881  6692.10233796  5811.84934051  4927.47181568
  6378.95619624  5149.93277458 66604.45564027  6415.14207662
 68876.87077962 61136.27407464  5710.26553476  7421.02500402
  4563.60237237  6471.17338595  6105.02119257  6038.13156023
  6615.63044405  4762.53020513  6164.34533993  5861.44275338
  6461.83256392 59438.6113843   6999.73429016  4915.99633582
  6395.53070021  6169.22757175  6887.97308527 64232.39611789
  7831.62091251 49741.64053893  4697.65473198 64206.57175291
  6012.35471194  7980.21953428 58058.46631402  5643.12686269
 76213.99456868  4328.73031709  6881.09532138  7453.45363848
  5678.11385809  7299.36014999 61833.74583786 56851.20433617
 51964.94150026  4749.56674587  6997.81762701  5488.25390067
  6018.83119213 74034.72553718  5746.9936133   5100.87803844
  7097.3678502   5564.43610085  6503.06909685  7019.83799716
  5404.15361148  7654.98658405  5223.42521058  6391.6164698
  5976.49239334  5436.37347086  7538.67145495  5390.49259696
  5970.56062359  6367.53310976  6018.83027941 66033.20993953
  4652.76526509  6018.31202538  7254.84961048  5038.33426076
  6923.68103899  5334.45136865  6242.2493656   5516.56180447
  7300.96773274 57478.91195754  6349.89020563  6510.05261943
  6923.52129352  6661.4044468   4533.90264716  6194.08992591
  5575.90702118  6603.75837556 65867.21184551  5957.38102554
  6242.49678118  4790.04005924 52161.64675825  5769.61173555
  5464.38218533  6334.68326032  8051.02096765  4661.03978835
  5679.18150229 78482.70137173 65295.21487134  6515.61784749
  4725.65825331  8675.62491429  5608.70259116  7085.53274606
  5853.31552711  5763.6747413   5380.6940951   6465.28613231
  6420.50294184  7373.45483104 64878.75182175 66124.33906658
  7221.64527106  6768.16673358  7626.52804829 70090.84587472
  5614.08750458  5208.53211395  8474.21102945  5885.41147342
  6899.30154549  5151.05692355  7273.45399159  4785.93791592
 66098.498627   64308.15843719  5928.84484653  6323.72445224
  6362.71543488  6355.54874033  5998.44162359  5699.22447936
  6359.69866339  6360.35273629  6308.92191476  6128.52354027
  6806.38586631  6612.77887821  5471.79669053  5057.86430425
  5303.40866033  6369.35710904  4604.11097692  5592.27594588
  6482.03273404  6459.81705765  4854.99597728  7278.50375746
  5024.49883722  6197.83694108  5209.46829917  5540.6469082
  7522.7058514   5805.2204071   6468.19581257  5782.46455314
  5692.33250491 72477.41115467 51600.06891208  8856.52166366
 62943.69318919  5752.15755694  6434.41781206  6175.45290944
  5454.62450261 66271.70139824  5796.18657665  5358.69525856
  8359.56566151  6360.01816964 51436.40368253  5348.09413797
  5474.96559347 69503.47674335  5128.33258009  6745.74691071
  6034.9807265   6557.05472839  6358.90583962 52248.4614654
  5467.35029669  5670.22454833  5901.50128919  6211.05044057
  6419.6837719  57295.7180111   6059.99133844  6167.11529196
 66304.30813631 66638.94487489  6477.28794424 64997.18334172
  5061.97648848  5718.96331458  7266.34446446  4885.84976324
  5609.05794961  5967.54222057  6838.951804    6767.75309854
  5341.33189646 68702.1067681   6136.13301701  7531.34189992
  5771.75567899  6450.78745202  7515.36460564  5578.52643622
  5966.11805694  6567.93556199  6055.758       5858.40265394
  5560.77844108  5323.65156574  5514.50148703  6111.62386056
  5710.73425763  6664.45013326  6872.66858031  7142.67696039
  6258.42906788 58905.44525643  5187.339974    7711.43811044
  5909.46572739  6164.18866056  5669.92212196 67986.63025219
  5200.24001547  5644.17726963  7102.82664257  6278.31092704
  5018.89011866  4533.60526563  5346.14468065  4620.71872829
  8291.18717421  4266.0339798   6146.59923246  6405.60007717
  6541.02315119 53744.82514093  5864.44067177 62094.83540211
 46544.69246588  6506.58119561  6513.09612723  7371.77330748
  4274.39219832  5812.37361055  6102.91272103  7330.97246074
  5612.03197893 48804.79188279  3661.3531037   6572.93458682
 62585.26270059  5597.99082873 58549.58618634  5737.26019309
 44498.49701452 26710.11728903  2436.89836843  6437.11472851
  7067.45995109  6229.9391521   7076.14268029  5488.82951338
  6016.26989173 54022.66049321  6007.4309339   6018.56254241
  5780.09617056  6067.16216127  5511.39281878  5942.52162396
  6958.84720921  6036.33310955  6101.41603375  7668.43229391
  6737.86458724  6201.01480059  5454.493183   49191.23289923
 54760.2065735   5638.24929873 61235.41406109 53379.09994062
  6090.7712035   6219.13954262  5453.58385823 79704.50675539
 52531.72283607 67821.90029971  5182.33097695 68251.06828595
 48526.45206025  5263.36786983  5206.60962733 62058.57697816
 50635.973715    7054.73486875  6434.25094218  6768.62213038
 61377.64716986  6623.11907275  6650.78234275  6048.18081994
  6459.48472417  5255.53414244  6336.07152761  5712.8354574
 68366.93949887  6842.52107243  5849.27743201  5486.07822697
 73459.86911773  6067.86756842  6316.3333092   5335.03755213
  6777.97748822  6888.23236147  6829.60307726  6009.37798512
  5089.06513364  6957.68548656  6735.35360518  7319.01988886
 66958.89814405  5055.57269164  5475.33888718  5871.20140117
  7205.97997593  6587.82945276  5431.02408363  3872.55948362
 83426.39064094  5049.89165556  6313.32132379  7147.40739313
  6281.08256948 67073.2617105   6718.50368607  7853.21643755
  5408.81938451  5961.24928774  7543.9909818  64517.50046972
  7255.86400585  7711.8558246   6986.37585977  7111.40055011
  6688.13578273  4406.68412387  6366.24421357 53413.44332333
  5240.49949138  5556.721681    6427.72065557  6614.68026129
  6852.86951835  4739.52961736 52670.16539111  6116.14212862
  6355.36668485  5465.98099482]"
99,[-0.98587537 -0.68588954],5,-0.9640276,0.074012265,-6.948995257187152,49,"[3.94535175e-20 6.80270260e-14 7.10496473e-09 4.63575546e-05
 2.06902890e-02 9.12379683e-01 1.09481227e+01 7.78610616e+01
 3.04969608e+02 6.93562753e+02 9.46317860e+02 8.10379857e+02
 4.61270353e+02 2.17988151e+02 1.33737152e+02 9.22031020e+01
 4.65012759e+01 1.67030063e+01 3.34087886e+00 5.51879629e-01
 3.37231091e-02 2.07998491e-04]","[83547.96886933 39938.44376778 65923.18095353  6163.83542811
  5889.23172277  7597.16121379  5458.97519996  6260.41852912
  5889.43903787 60124.54262232 58707.18786805  5851.43124533
  6672.55804452  5899.10351205 54901.18107663  3644.02490659
 46254.96031654 19807.2909378   2326.02524704  5792.77152185
  5536.91404979  4654.00774886 67877.14051554  4136.45819079
 50771.22458257 14525.05551296  4539.41232926  5611.64923112
 61710.14521746  5713.59164764  6604.00346429  5830.8603772
  6564.76914371  6377.22090496  5261.8198347   6415.79012758
  6826.53181201 71882.37922307  5220.40878053  4181.49942301
  6950.7292965   4209.29943777  6043.26148879  6363.75416409
  6528.94947514  5421.49321377  6261.70483867  5271.17125533
  6332.14933623 58087.13920582  6123.14023328  6213.84116313
  5735.30728358  6108.2260058   6104.30179036  5702.85663063
  5188.08767313  7075.37523684 50842.68861214  4397.65102915
  6367.9726269   5206.98232144  5174.84663118  6228.96789701
  5050.79170005 60536.4950898  52610.9322741   5909.39309048
  6136.13349432 54368.42959847  5570.92941356  5611.58667665
  5665.99588761  5848.2613159  70508.76877362 56190.22131395
  6291.89627344  6033.13682373  6954.98415103  4960.59314019
 75418.2315406  51359.38950928  4930.31862205  6211.53141983
  7569.66145263  5905.22793962  5941.97319294  5713.54773683
  8099.39716895  4559.26102379  6003.30309475  5399.67422301
  6425.04099574 59913.569667   55774.90426462  7056.23150718
 69129.28546558  6221.22003208  4698.64588263  8203.30996647
  6211.69854694  6275.47743517  5369.89904972  5140.17847673
  7392.423234    5648.44767615  6293.70391854  5888.87003538
  6792.11308756 67376.6673631  48727.71696867  5016.65873399
 62720.26088186  5245.71987567  6258.26304316  7140.7560424
  4612.92161541 65192.05811908  4422.95187789  7069.42072705
  4704.67299248  6847.4246812   6450.85079006  5760.61518304
  6818.26680066  5729.98689979  6476.25324001 57731.21185883
  6640.38345825  5587.29762193  6027.45174364  5477.98105654
  6865.52673133  5409.16181687  6211.35354673  6130.37793436
  6489.47941852  6473.91097966  4317.99948832  5637.64072182
  6252.74631755  5234.86054389  6364.46752703  6356.36031718
  5522.40553595 63915.8736663   4501.46337156  4963.51901014
  7176.82900779  5813.71682122  5514.03969812 71389.43093784
  4716.69258408  5871.87158236  6981.21257107 53748.51063596
 57588.82048271  7078.20722396  6625.42956303  6258.6202583
  4663.56583843  6021.53803356  5734.99553182  4908.26365053
  6761.34003151 57005.77886706  6771.51782397  5247.26891981
 60182.40803969  6348.50503989  5875.60946929  5647.27316049
  6730.35732859  5748.18463211  5219.48593765  5348.82750714
 70654.3149017   6504.68148373 62696.96359123  6090.08909732
  6444.50673395  5863.48670414  5486.68396148  5829.09621624
 64093.1808756   6464.45715216  6207.81420797 67406.68787733
  4598.57838202  5670.47190251  5583.05614289  5398.66358548
  6522.94135318  5504.92887819  5360.6492747   7363.13584657
  7486.03649758  5958.12078035 55930.22813373  4552.269688
  6407.40858582  5422.34372557  7166.41758731  6303.86644582
  7138.17506464  6236.23677     6622.83828489  7270.65057263
 57791.86268703  5158.31292716  5629.00433602  6144.70596306
  5861.28657388  5178.55122581  7882.6784926   6687.34023623
  5925.42035626 55963.74682053  6176.47619004  6261.40392756
  5156.7404187  58866.74929397 60646.73587959 57077.03816853
  5443.14041841  6767.77820101  7017.58486787 59985.65639965
  6091.44717408  4362.50533969  5194.98865662  5450.93936457
  7196.31826366  6904.10634677  5393.28193145  5933.79226411
  6333.64738447  7063.73899639  6211.31741309  5811.95288363
  7066.04519845  6550.96122256  6262.52662243  5610.10465331
  5719.12141442  5678.18144065  6792.4414838   6101.042651
  7424.24397621  6300.91955917 73975.628666    3686.86648619
  7169.87490334 67480.70249743  5451.64774448  7025.6389534
  6002.3192246  52744.33527031  6333.1906492   4775.65901186
  5516.97924559  5223.44722179  7041.5597052   6173.90340329
  5582.41482621  6387.109165    7712.73477784  5933.11629263
 56983.35513181  6764.4900246   5723.89800799  6705.15567536
 61453.75422338  4877.85199801  7279.68461941 56966.71125848
  6602.11514966  5491.21552072 74831.02757364 57757.57944133
  7048.42996149  6908.35530798  6360.63101064  6084.23403118
  5348.75971036  6605.49107407  5911.08244405  6168.94732096
  6329.1849428  56231.63163524  5797.34774815  5661.05304665
  6622.18209256  4800.45150931  6275.52016923  6147.52886364
  4781.23440666 69584.07864239  4648.71181149  9011.55092059
  5619.31613277  5202.6777602  64818.16949027 62138.12342085
  5322.52103615  5645.02190022  4479.72742341  8430.0037072
  6097.95595197  7656.59082421  4971.98172678  6416.83545961
  4631.65008946 64646.30097279 55992.58528439  5530.84388882
  6578.55769066  6199.45162779  5347.21006781  4931.98268457
  6825.17191881  6692.10233796  5811.84934051  4927.47181568
  6378.95619624  5149.93277458 66604.45564027  6415.14207662
 68876.87077962 61136.27407464  5710.26553476  7421.02500402
  4563.60237237  6471.17338595  6105.02119257  6038.13156023
  6615.63044405  4762.53020513  6164.34533993  5861.44275338
  6461.83256392 59438.6113843   6999.73429016  4915.99633582
  6395.53070021  6169.22757175  6887.97308527 64232.39611789
  7831.62091251 49741.64053893  4697.65473198 64206.57175291
  6012.35471194  7980.21953428 58058.46631402  5643.12686269
 76213.99456868  4328.73031709  6881.09532138  7453.45363848
  5678.11385809  7299.36014999 61833.74583786 56851.20433617
 51964.94150026  4749.56674587  6997.81762701  5488.25390067
  6018.83119213 74034.72553718  5746.9936133   5100.87803844
  7097.3678502   5564.43610085  6503.06909685  7019.83799716
  5404.15361148  7654.98658405  5223.42521058  6391.6164698
  5976.49239334  5436.37347086  7538.67145495  5390.49259696
  5970.56062359  6367.53310976  6018.83027941 66033.20993953
  4652.76526509  6018.31202538  7254.84961048  5038.33426076
  6923.68103899  5334.45136865  6242.2493656   5516.56180447
  7300.96773274 57478.91195754  6349.89020563  6510.05261943
  6923.52129352  6661.4044468   4533.90264716  6194.08992591
  5575.90702118  6603.75837556 65867.21184551  5957.38102554
  6242.49678118  4790.04005924 52161.64675825  5769.61173555
  5464.38218533  6334.68326032  8051.02096765  4661.03978835
  5679.18150229 78482.70137173 65295.21487134  6515.61784749
  4725.65825331  8675.62491429  5608.70259116  7085.53274606
  5853.31552711  5763.6747413   5380.6940951   6465.28613231
  6420.50294184  7373.45483104 64878.75182175 66124.33906658
  7221.64527106  6768.16673358  7626.52804829 70090.84587472
  5614.08750458  5208.53211395  8474.21102945  5885.41147342
  6899.30154549  5151.05692355  7273.45399159  4785.93791592
 66098.498627   64308.15843719  5928.84484653  6323.72445224
  6362.71543488  6355.54874033  5998.44162359  5699.22447936
  6359.69866339  6360.35273629  6308.92191476  6128.52354027
  6806.38586631  6612.77887821  5471.79669053  5057.86430425
  5303.40866033  6369.35710904  4604.11097692  5592.27594588
  6482.03273404  6459.81705765  4854.99597728  7278.50375746
  5024.49883722  6197.83694108  5209.46829917  5540.6469082
  7522.7058514   5805.2204071   6468.19581257  5782.46455314
  5692.33250491 72477.41115467 51600.06891208  8856.52166366
 62943.69318919  5752.15755694  6434.41781206  6175.45290944
  5454.62450261 66271.70139824  5796.18657665  5358.69525856
  8359.56566151  6360.01816964 51436.40368253  5348.09413797
  5474.96559347 69503.47674335  5128.33258009  6745.74691071
  6034.9807265   6557.05472839  6358.90583962 52248.4614654
  5467.35029669  5670.22454833  5901.50128919  6211.05044057
  6419.6837719  57295.7180111   6059.99133844  6167.11529196
 66304.30813631 66638.94487489  6477.28794424 64997.18334172
  5061.97648848  5718.96331458  7266.34446446  4885.84976324
  5609.05794961  5967.54222057  6838.951804    6767.75309854
  5341.33189646 68702.1067681   6136.13301701  7531.34189992
  5771.75567899  6450.78745202  7515.36460564  5578.52643622
  5966.11805694  6567.93556199  6055.758       5858.40265394
  5560.77844108  5323.65156574  5514.50148703  6111.62386056
  5710.73425763  6664.45013326  6872.66858031  7142.67696039
  6258.42906788 58905.44525643  5187.339974    7711.43811044
  5909.46572739  6164.18866056  5669.92212196 67986.63025219
  5200.24001547  5644.17726963  7102.82664257  6278.31092704
  5018.89011866  4533.60526563  5346.14468065  4620.71872829
  8291.18717421  4266.0339798   6146.59923246  6405.60007717
  6541.02315119 53744.82514093  5864.44067177 62094.83540211
 46544.69246588  6506.58119561  6513.09612723  7371.77330748
  4274.39219832  5812.37361055  6102.91272103  7330.97246074
  5612.03197893 48804.79188279  3661.3531037   6572.93458682
 62585.26270059  5597.99082873 58549.58618634  5737.26019309
 44498.49701452 26710.11728903  2436.89836843  6437.11472851
  7067.45995109  6229.9391521   7076.14268029  5488.82951338
  6016.26989173 54022.66049321  6007.4309339   6018.56254241
  5780.09617056  6067.16216127  5511.39281878  5942.52162396
  6958.84720921  6036.33310955  6101.41603375  7668.43229391
  6737.86458724  6201.01480059  5454.493183   49191.23289923
 54760.2065735   5638.24929873 61235.41406109 53379.09994062
  6090.7712035   6219.13954262  5453.58385823 79704.50675539
 52531.72283607 67821.90029971  5182.33097695 68251.06828595
 48526.45206025  5263.36786983  5206.60962733 62058.57697816
 50635.973715    7054.73486875  6434.25094218  6768.62213038
 61377.64716986  6623.11907275  6650.78234275  6048.18081994
  6459.48472417  5255.53414244  6336.07152761  5712.8354574
 68366.93949887  6842.52107243  5849.27743201  5486.07822697
 73459.86911773  6067.86756842  6316.3333092   5335.03755213
  6777.97748822  6888.23236147  6829.60307726  6009.37798512
  5089.06513364  6957.68548656  6735.35360518  7319.01988886
 66958.89814405  5055.57269164  5475.33888718  5871.20140117
  7205.97997593  6587.82945276  5431.02408363  3872.55948362
 83426.39064094  5049.89165556  6313.32132379  7147.40739313
  6281.08256948 67073.2617105   6718.50368607  7853.21643755
  5408.81938451  5961.24928774  7543.9909818  64517.50046972
  7255.86400585  7711.8558246   6986.37585977  7111.40055011
  6688.13578273  4406.68412387  6366.24421357 53413.44332333
  5240.49949138  5556.721681    6427.72065557  6614.68026129
  6852.86951835  4739.52961736 52670.16539111  6116.14212862
  6355.36668485  5465.98099482  5792.2486926  64990.92604669
  5994.44445172  3990.10264563  5333.27744334  6950.00297577
  4756.3050704  65656.20730969  5326.2478625   6131.154278
  5891.08429632  7135.81404557  6309.44781531  6037.7622878 ]"
99,[-0.9849553 -0.6323085],5,-0.9640276,-0.11569941,-6.9906641424434275,50,"[6.53337828e-23 2.84774094e-16 8.15646018e-11 1.56788122e-06
 2.13469091e-03 2.54214850e-01 5.34509913e+00 4.23332509e+01
 1.76688624e+02 4.61005395e+02 7.66164873e+02 8.06634379e+02
 5.76747878e+02 3.31624680e+02 2.25873092e+02 1.65224092e+02
 9.43200083e+01 3.64656568e+01 1.01226536e+01 1.80070505e+00
 1.14251055e-01 1.02219150e-03]","[83547.96886933 39938.44376778 65923.18095353  6163.83542811
  5889.23172277  7597.16121379  5458.97519996  6260.41852912
  5889.43903787 60124.54262232 58707.18786805  5851.43124533
  6672.55804452  5899.10351205 54901.18107663  3644.02490659
 46254.96031654 19807.2909378   2326.02524704  5792.77152185
  5536.91404979  4654.00774886 67877.14051554  4136.45819079
 50771.22458257 14525.05551296  4539.41232926  5611.64923112
 61710.14521746  5713.59164764  6604.00346429  5830.8603772
  6564.76914371  6377.22090496  5261.8198347   6415.79012758
  6826.53181201 71882.37922307  5220.40878053  4181.49942301
  6950.7292965   4209.29943777  6043.26148879  6363.75416409
  6528.94947514  5421.49321377  6261.70483867  5271.17125533
  6332.14933623 58087.13920582  6123.14023328  6213.84116313
  5735.30728358  6108.2260058   6104.30179036  5702.85663063
  5188.08767313  7075.37523684 50842.68861214  4397.65102915
  6367.9726269   5206.98232144  5174.84663118  6228.96789701
  5050.79170005 60536.4950898  52610.9322741   5909.39309048
  6136.13349432 54368.42959847  5570.92941356  5611.58667665
  5665.99588761  5848.2613159  70508.76877362 56190.22131395
  6291.89627344  6033.13682373  6954.98415103  4960.59314019
 75418.2315406  51359.38950928  4930.31862205  6211.53141983
  7569.66145263  5905.22793962  5941.97319294  5713.54773683
  8099.39716895  4559.26102379  6003.30309475  5399.67422301
  6425.04099574 59913.569667   55774.90426462  7056.23150718
 69129.28546558  6221.22003208  4698.64588263  8203.30996647
  6211.69854694  6275.47743517  5369.89904972  5140.17847673
  7392.423234    5648.44767615  6293.70391854  5888.87003538
  6792.11308756 67376.6673631  48727.71696867  5016.65873399
 62720.26088186  5245.71987567  6258.26304316  7140.7560424
  4612.92161541 65192.05811908  4422.95187789  7069.42072705
  4704.67299248  6847.4246812   6450.85079006  5760.61518304
  6818.26680066  5729.98689979  6476.25324001 57731.21185883
  6640.38345825  5587.29762193  6027.45174364  5477.98105654
  6865.52673133  5409.16181687  6211.35354673  6130.37793436
  6489.47941852  6473.91097966  4317.99948832  5637.64072182
  6252.74631755  5234.86054389  6364.46752703  6356.36031718
  5522.40553595 63915.8736663   4501.46337156  4963.51901014
  7176.82900779  5813.71682122  5514.03969812 71389.43093784
  4716.69258408  5871.87158236  6981.21257107 53748.51063596
 57588.82048271  7078.20722396  6625.42956303  6258.6202583
  4663.56583843  6021.53803356  5734.99553182  4908.26365053
  6761.34003151 57005.77886706  6771.51782397  5247.26891981
 60182.40803969  6348.50503989  5875.60946929  5647.27316049
  6730.35732859  5748.18463211  5219.48593765  5348.82750714
 70654.3149017   6504.68148373 62696.96359123  6090.08909732
  6444.50673395  5863.48670414  5486.68396148  5829.09621624
 64093.1808756   6464.45715216  6207.81420797 67406.68787733
  4598.57838202  5670.47190251  5583.05614289  5398.66358548
  6522.94135318  5504.92887819  5360.6492747   7363.13584657
  7486.03649758  5958.12078035 55930.22813373  4552.269688
  6407.40858582  5422.34372557  7166.41758731  6303.86644582
  7138.17506464  6236.23677     6622.83828489  7270.65057263
 57791.86268703  5158.31292716  5629.00433602  6144.70596306
  5861.28657388  5178.55122581  7882.6784926   6687.34023623
  5925.42035626 55963.74682053  6176.47619004  6261.40392756
  5156.7404187  58866.74929397 60646.73587959 57077.03816853
  5443.14041841  6767.77820101  7017.58486787 59985.65639965
  6091.44717408  4362.50533969  5194.98865662  5450.93936457
  7196.31826366  6904.10634677  5393.28193145  5933.79226411
  6333.64738447  7063.73899639  6211.31741309  5811.95288363
  7066.04519845  6550.96122256  6262.52662243  5610.10465331
  5719.12141442  5678.18144065  6792.4414838   6101.042651
  7424.24397621  6300.91955917 73975.628666    3686.86648619
  7169.87490334 67480.70249743  5451.64774448  7025.6389534
  6002.3192246  52744.33527031  6333.1906492   4775.65901186
  5516.97924559  5223.44722179  7041.5597052   6173.90340329
  5582.41482621  6387.109165    7712.73477784  5933.11629263
 56983.35513181  6764.4900246   5723.89800799  6705.15567536
 61453.75422338  4877.85199801  7279.68461941 56966.71125848
  6602.11514966  5491.21552072 74831.02757364 57757.57944133
  7048.42996149  6908.35530798  6360.63101064  6084.23403118
  5348.75971036  6605.49107407  5911.08244405  6168.94732096
  6329.1849428  56231.63163524  5797.34774815  5661.05304665
  6622.18209256  4800.45150931  6275.52016923  6147.52886364
  4781.23440666 69584.07864239  4648.71181149  9011.55092059
  5619.31613277  5202.6777602  64818.16949027 62138.12342085
  5322.52103615  5645.02190022  4479.72742341  8430.0037072
  6097.95595197  7656.59082421  4971.98172678  6416.83545961
  4631.65008946 64646.30097279 55992.58528439  5530.84388882
  6578.55769066  6199.45162779  5347.21006781  4931.98268457
  6825.17191881  6692.10233796  5811.84934051  4927.47181568
  6378.95619624  5149.93277458 66604.45564027  6415.14207662
 68876.87077962 61136.27407464  5710.26553476  7421.02500402
  4563.60237237  6471.17338595  6105.02119257  6038.13156023
  6615.63044405  4762.53020513  6164.34533993  5861.44275338
  6461.83256392 59438.6113843   6999.73429016  4915.99633582
  6395.53070021  6169.22757175  6887.97308527 64232.39611789
  7831.62091251 49741.64053893  4697.65473198 64206.57175291
  6012.35471194  7980.21953428 58058.46631402  5643.12686269
 76213.99456868  4328.73031709  6881.09532138  7453.45363848
  5678.11385809  7299.36014999 61833.74583786 56851.20433617
 51964.94150026  4749.56674587  6997.81762701  5488.25390067
  6018.83119213 74034.72553718  5746.9936133   5100.87803844
  7097.3678502   5564.43610085  6503.06909685  7019.83799716
  5404.15361148  7654.98658405  5223.42521058  6391.6164698
  5976.49239334  5436.37347086  7538.67145495  5390.49259696
  5970.56062359  6367.53310976  6018.83027941 66033.20993953
  4652.76526509  6018.31202538  7254.84961048  5038.33426076
  6923.68103899  5334.45136865  6242.2493656   5516.56180447
  7300.96773274 57478.91195754  6349.89020563  6510.05261943
  6923.52129352  6661.4044468   4533.90264716  6194.08992591
  5575.90702118  6603.75837556 65867.21184551  5957.38102554
  6242.49678118  4790.04005924 52161.64675825  5769.61173555
  5464.38218533  6334.68326032  8051.02096765  4661.03978835
  5679.18150229 78482.70137173 65295.21487134  6515.61784749
  4725.65825331  8675.62491429  5608.70259116  7085.53274606
  5853.31552711  5763.6747413   5380.6940951   6465.28613231
  6420.50294184  7373.45483104 64878.75182175 66124.33906658
  7221.64527106  6768.16673358  7626.52804829 70090.84587472
  5614.08750458  5208.53211395  8474.21102945  5885.41147342
  6899.30154549  5151.05692355  7273.45399159  4785.93791592
 66098.498627   64308.15843719  5928.84484653  6323.72445224
  6362.71543488  6355.54874033  5998.44162359  5699.22447936
  6359.69866339  6360.35273629  6308.92191476  6128.52354027
  6806.38586631  6612.77887821  5471.79669053  5057.86430425
  5303.40866033  6369.35710904  4604.11097692  5592.27594588
  6482.03273404  6459.81705765  4854.99597728  7278.50375746
  5024.49883722  6197.83694108  5209.46829917  5540.6469082
  7522.7058514   5805.2204071   6468.19581257  5782.46455314
  5692.33250491 72477.41115467 51600.06891208  8856.52166366
 62943.69318919  5752.15755694  6434.41781206  6175.45290944
  5454.62450261 66271.70139824  5796.18657665  5358.69525856
  8359.56566151  6360.01816964 51436.40368253  5348.09413797
  5474.96559347 69503.47674335  5128.33258009  6745.74691071
  6034.9807265   6557.05472839  6358.90583962 52248.4614654
  5467.35029669  5670.22454833  5901.50128919  6211.05044057
  6419.6837719  57295.7180111   6059.99133844  6167.11529196
 66304.30813631 66638.94487489  6477.28794424 64997.18334172
  5061.97648848  5718.96331458  7266.34446446  4885.84976324
  5609.05794961  5967.54222057  6838.951804    6767.75309854
  5341.33189646 68702.1067681   6136.13301701  7531.34189992
  5771.75567899  6450.78745202  7515.36460564  5578.52643622
  5966.11805694  6567.93556199  6055.758       5858.40265394
  5560.77844108  5323.65156574  5514.50148703  6111.62386056
  5710.73425763  6664.45013326  6872.66858031  7142.67696039
  6258.42906788 58905.44525643  5187.339974    7711.43811044
  5909.46572739  6164.18866056  5669.92212196 67986.63025219
  5200.24001547  5644.17726963  7102.82664257  6278.31092704
  5018.89011866  4533.60526563  5346.14468065  4620.71872829
  8291.18717421  4266.0339798   6146.59923246  6405.60007717
  6541.02315119 53744.82514093  5864.44067177 62094.83540211
 46544.69246588  6506.58119561  6513.09612723  7371.77330748
  4274.39219832  5812.37361055  6102.91272103  7330.97246074
  5612.03197893 48804.79188279  3661.3531037   6572.93458682
 62585.26270059  5597.99082873 58549.58618634  5737.26019309
 44498.49701452 26710.11728903  2436.89836843  6437.11472851
  7067.45995109  6229.9391521   7076.14268029  5488.82951338
  6016.26989173 54022.66049321  6007.4309339   6018.56254241
  5780.09617056  6067.16216127  5511.39281878  5942.52162396
  6958.84720921  6036.33310955  6101.41603375  7668.43229391
  6737.86458724  6201.01480059  5454.493183   49191.23289923
 54760.2065735   5638.24929873 61235.41406109 53379.09994062
  6090.7712035   6219.13954262  5453.58385823 79704.50675539
 52531.72283607 67821.90029971  5182.33097695 68251.06828595
 48526.45206025  5263.36786983  5206.60962733 62058.57697816
 50635.973715    7054.73486875  6434.25094218  6768.62213038
 61377.64716986  6623.11907275  6650.78234275  6048.18081994
  6459.48472417  5255.53414244  6336.07152761  5712.8354574
 68366.93949887  6842.52107243  5849.27743201  5486.07822697
 73459.86911773  6067.86756842  6316.3333092   5335.03755213
  6777.97748822  6888.23236147  6829.60307726  6009.37798512
  5089.06513364  6957.68548656  6735.35360518  7319.01988886
 66958.89814405  5055.57269164  5475.33888718  5871.20140117
  7205.97997593  6587.82945276  5431.02408363  3872.55948362
 83426.39064094  5049.89165556  6313.32132379  7147.40739313
  6281.08256948 67073.2617105   6718.50368607  7853.21643755
  5408.81938451  5961.24928774  7543.9909818  64517.50046972
  7255.86400585  7711.8558246   6986.37585977  7111.40055011
  6688.13578273  4406.68412387  6366.24421357 53413.44332333
  5240.49949138  5556.721681    6427.72065557  6614.68026129
  6852.86951835  4739.52961736 52670.16539111  6116.14212862
  6355.36668485  5465.98099482  5792.2486926  64990.92604669
  5994.44445172  3990.10264563  5333.27744334  6950.00297577
  4756.3050704  65656.20730969  5326.2478625   6131.154278
  5891.08429632  7135.81404557  6309.44781531  6037.7622878
  6073.72701386  6051.68538535  6199.53774946  6014.97592548
  6474.33142109  6600.67237045 56438.62693176  6937.08201409
  5602.36272726 77975.12645521  4339.96904506  9033.06777606
  6677.82967524 69897.44041875]"
99,[-0.98357606 -0.65923625],5,-0.9640276,-0.11569941,-6.514420561065676,51,"[9.04371250e-36 6.77902930e-26 1.20802888e-17 5.19553521e-11
 5.55019200e-06 1.58080481e-02 1.67970928e+00 2.71670386e+01
 1.72372185e+02 5.61154055e+02 1.01176822e+03 1.01722339e+03
 6.01237914e+02 2.69581386e+02 1.57318028e+02 1.10754115e+02
 5.65754697e+01 1.71005139e+01 3.38172349e+00 2.44882582e-01
 1.18621012e-03 1.75237611e-07]","[83547.96886933 39938.44376778 65923.18095353  6163.83542811
  5889.23172277  7597.16121379  5458.97519996  6260.41852912
  5889.43903787 60124.54262232 58707.18786805  5851.43124533
  6672.55804452  5899.10351205 54901.18107663  3644.02490659
 46254.96031654 19807.2909378   2326.02524704  5792.77152185
  5536.91404979  4654.00774886 67877.14051554  4136.45819079
 50771.22458257 14525.05551296  4539.41232926  5611.64923112
 61710.14521746  5713.59164764  6604.00346429  5830.8603772
  6564.76914371  6377.22090496  5261.8198347   6415.79012758
  6826.53181201 71882.37922307  5220.40878053  4181.49942301
  6950.7292965   4209.29943777  6043.26148879  6363.75416409
  6528.94947514  5421.49321377  6261.70483867  5271.17125533
  6332.14933623 58087.13920582  6123.14023328  6213.84116313
  5735.30728358  6108.2260058   6104.30179036  5702.85663063
  5188.08767313  7075.37523684 50842.68861214  4397.65102915
  6367.9726269   5206.98232144  5174.84663118  6228.96789701
  5050.79170005 60536.4950898  52610.9322741   5909.39309048
  6136.13349432 54368.42959847  5570.92941356  5611.58667665
  5665.99588761  5848.2613159  70508.76877362 56190.22131395
  6291.89627344  6033.13682373  6954.98415103  4960.59314019
 75418.2315406  51359.38950928  4930.31862205  6211.53141983
  7569.66145263  5905.22793962  5941.97319294  5713.54773683
  8099.39716895  4559.26102379  6003.30309475  5399.67422301
  6425.04099574 59913.569667   55774.90426462  7056.23150718
 69129.28546558  6221.22003208  4698.64588263  8203.30996647
  6211.69854694  6275.47743517  5369.89904972  5140.17847673
  7392.423234    5648.44767615  6293.70391854  5888.87003538
  6792.11308756 67376.6673631  48727.71696867  5016.65873399
 62720.26088186  5245.71987567  6258.26304316  7140.7560424
  4612.92161541 65192.05811908  4422.95187789  7069.42072705
  4704.67299248  6847.4246812   6450.85079006  5760.61518304
  6818.26680066  5729.98689979  6476.25324001 57731.21185883
  6640.38345825  5587.29762193  6027.45174364  5477.98105654
  6865.52673133  5409.16181687  6211.35354673  6130.37793436
  6489.47941852  6473.91097966  4317.99948832  5637.64072182
  6252.74631755  5234.86054389  6364.46752703  6356.36031718
  5522.40553595 63915.8736663   4501.46337156  4963.51901014
  7176.82900779  5813.71682122  5514.03969812 71389.43093784
  4716.69258408  5871.87158236  6981.21257107 53748.51063596
 57588.82048271  7078.20722396  6625.42956303  6258.6202583
  4663.56583843  6021.53803356  5734.99553182  4908.26365053
  6761.34003151 57005.77886706  6771.51782397  5247.26891981
 60182.40803969  6348.50503989  5875.60946929  5647.27316049
  6730.35732859  5748.18463211  5219.48593765  5348.82750714
 70654.3149017   6504.68148373 62696.96359123  6090.08909732
  6444.50673395  5863.48670414  5486.68396148  5829.09621624
 64093.1808756   6464.45715216  6207.81420797 67406.68787733
  4598.57838202  5670.47190251  5583.05614289  5398.66358548
  6522.94135318  5504.92887819  5360.6492747   7363.13584657
  7486.03649758  5958.12078035 55930.22813373  4552.269688
  6407.40858582  5422.34372557  7166.41758731  6303.86644582
  7138.17506464  6236.23677     6622.83828489  7270.65057263
 57791.86268703  5158.31292716  5629.00433602  6144.70596306
  5861.28657388  5178.55122581  7882.6784926   6687.34023623
  5925.42035626 55963.74682053  6176.47619004  6261.40392756
  5156.7404187  58866.74929397 60646.73587959 57077.03816853
  5443.14041841  6767.77820101  7017.58486787 59985.65639965
  6091.44717408  4362.50533969  5194.98865662  5450.93936457
  7196.31826366  6904.10634677  5393.28193145  5933.79226411
  6333.64738447  7063.73899639  6211.31741309  5811.95288363
  7066.04519845  6550.96122256  6262.52662243  5610.10465331
  5719.12141442  5678.18144065  6792.4414838   6101.042651
  7424.24397621  6300.91955917 73975.628666    3686.86648619
  7169.87490334 67480.70249743  5451.64774448  7025.6389534
  6002.3192246  52744.33527031  6333.1906492   4775.65901186
  5516.97924559  5223.44722179  7041.5597052   6173.90340329
  5582.41482621  6387.109165    7712.73477784  5933.11629263
 56983.35513181  6764.4900246   5723.89800799  6705.15567536
 61453.75422338  4877.85199801  7279.68461941 56966.71125848
  6602.11514966  5491.21552072 74831.02757364 57757.57944133
  7048.42996149  6908.35530798  6360.63101064  6084.23403118
  5348.75971036  6605.49107407  5911.08244405  6168.94732096
  6329.1849428  56231.63163524  5797.34774815  5661.05304665
  6622.18209256  4800.45150931  6275.52016923  6147.52886364
  4781.23440666 69584.07864239  4648.71181149  9011.55092059
  5619.31613277  5202.6777602  64818.16949027 62138.12342085
  5322.52103615  5645.02190022  4479.72742341  8430.0037072
  6097.95595197  7656.59082421  4971.98172678  6416.83545961
  4631.65008946 64646.30097279 55992.58528439  5530.84388882
  6578.55769066  6199.45162779  5347.21006781  4931.98268457
  6825.17191881  6692.10233796  5811.84934051  4927.47181568
  6378.95619624  5149.93277458 66604.45564027  6415.14207662
 68876.87077962 61136.27407464  5710.26553476  7421.02500402
  4563.60237237  6471.17338595  6105.02119257  6038.13156023
  6615.63044405  4762.53020513  6164.34533993  5861.44275338
  6461.83256392 59438.6113843   6999.73429016  4915.99633582
  6395.53070021  6169.22757175  6887.97308527 64232.39611789
  7831.62091251 49741.64053893  4697.65473198 64206.57175291
  6012.35471194  7980.21953428 58058.46631402  5643.12686269
 76213.99456868  4328.73031709  6881.09532138  7453.45363848
  5678.11385809  7299.36014999 61833.74583786 56851.20433617
 51964.94150026  4749.56674587  6997.81762701  5488.25390067
  6018.83119213 74034.72553718  5746.9936133   5100.87803844
  7097.3678502   5564.43610085  6503.06909685  7019.83799716
  5404.15361148  7654.98658405  5223.42521058  6391.6164698
  5976.49239334  5436.37347086  7538.67145495  5390.49259696
  5970.56062359  6367.53310976  6018.83027941 66033.20993953
  4652.76526509  6018.31202538  7254.84961048  5038.33426076
  6923.68103899  5334.45136865  6242.2493656   5516.56180447
  7300.96773274 57478.91195754  6349.89020563  6510.05261943
  6923.52129352  6661.4044468   4533.90264716  6194.08992591
  5575.90702118  6603.75837556 65867.21184551  5957.38102554
  6242.49678118  4790.04005924 52161.64675825  5769.61173555
  5464.38218533  6334.68326032  8051.02096765  4661.03978835
  5679.18150229 78482.70137173 65295.21487134  6515.61784749
  4725.65825331  8675.62491429  5608.70259116  7085.53274606
  5853.31552711  5763.6747413   5380.6940951   6465.28613231
  6420.50294184  7373.45483104 64878.75182175 66124.33906658
  7221.64527106  6768.16673358  7626.52804829 70090.84587472
  5614.08750458  5208.53211395  8474.21102945  5885.41147342
  6899.30154549  5151.05692355  7273.45399159  4785.93791592
 66098.498627   64308.15843719  5928.84484653  6323.72445224
  6362.71543488  6355.54874033  5998.44162359  5699.22447936
  6359.69866339  6360.35273629  6308.92191476  6128.52354027
  6806.38586631  6612.77887821  5471.79669053  5057.86430425
  5303.40866033  6369.35710904  4604.11097692  5592.27594588
  6482.03273404  6459.81705765  4854.99597728  7278.50375746
  5024.49883722  6197.83694108  5209.46829917  5540.6469082
  7522.7058514   5805.2204071   6468.19581257  5782.46455314
  5692.33250491 72477.41115467 51600.06891208  8856.52166366
 62943.69318919  5752.15755694  6434.41781206  6175.45290944
  5454.62450261 66271.70139824  5796.18657665  5358.69525856
  8359.56566151  6360.01816964 51436.40368253  5348.09413797
  5474.96559347 69503.47674335  5128.33258009  6745.74691071
  6034.9807265   6557.05472839  6358.90583962 52248.4614654
  5467.35029669  5670.22454833  5901.50128919  6211.05044057
  6419.6837719  57295.7180111   6059.99133844  6167.11529196
 66304.30813631 66638.94487489  6477.28794424 64997.18334172
  5061.97648848  5718.96331458  7266.34446446  4885.84976324
  5609.05794961  5967.54222057  6838.951804    6767.75309854
  5341.33189646 68702.1067681   6136.13301701  7531.34189992
  5771.75567899  6450.78745202  7515.36460564  5578.52643622
  5966.11805694  6567.93556199  6055.758       5858.40265394
  5560.77844108  5323.65156574  5514.50148703  6111.62386056
  5710.73425763  6664.45013326  6872.66858031  7142.67696039
  6258.42906788 58905.44525643  5187.339974    7711.43811044
  5909.46572739  6164.18866056  5669.92212196 67986.63025219
  5200.24001547  5644.17726963  7102.82664257  6278.31092704
  5018.89011866  4533.60526563  5346.14468065  4620.71872829
  8291.18717421  4266.0339798   6146.59923246  6405.60007717
  6541.02315119 53744.82514093  5864.44067177 62094.83540211
 46544.69246588  6506.58119561  6513.09612723  7371.77330748
  4274.39219832  5812.37361055  6102.91272103  7330.97246074
  5612.03197893 48804.79188279  3661.3531037   6572.93458682
 62585.26270059  5597.99082873 58549.58618634  5737.26019309
 44498.49701452 26710.11728903  2436.89836843  6437.11472851
  7067.45995109  6229.9391521   7076.14268029  5488.82951338
  6016.26989173 54022.66049321  6007.4309339   6018.56254241
  5780.09617056  6067.16216127  5511.39281878  5942.52162396
  6958.84720921  6036.33310955  6101.41603375  7668.43229391
  6737.86458724  6201.01480059  5454.493183   49191.23289923
 54760.2065735   5638.24929873 61235.41406109 53379.09994062
  6090.7712035   6219.13954262  5453.58385823 79704.50675539
 52531.72283607 67821.90029971  5182.33097695 68251.06828595
 48526.45206025  5263.36786983  5206.60962733 62058.57697816
 50635.973715    7054.73486875  6434.25094218  6768.62213038
 61377.64716986  6623.11907275  6650.78234275  6048.18081994
  6459.48472417  5255.53414244  6336.07152761  5712.8354574
 68366.93949887  6842.52107243  5849.27743201  5486.07822697
 73459.86911773  6067.86756842  6316.3333092   5335.03755213
  6777.97748822  6888.23236147  6829.60307726  6009.37798512
  5089.06513364  6957.68548656  6735.35360518  7319.01988886
 66958.89814405  5055.57269164  5475.33888718  5871.20140117
  7205.97997593  6587.82945276  5431.02408363  3872.55948362
 83426.39064094  5049.89165556  6313.32132379  7147.40739313
  6281.08256948 67073.2617105   6718.50368607  7853.21643755
  5408.81938451  5961.24928774  7543.9909818  64517.50046972
  7255.86400585  7711.8558246   6986.37585977  7111.40055011
  6688.13578273  4406.68412387  6366.24421357 53413.44332333
  5240.49949138  5556.721681    6427.72065557  6614.68026129
  6852.86951835  4739.52961736 52670.16539111  6116.14212862
  6355.36668485  5465.98099482  5792.2486926  64990.92604669
  5994.44445172  3990.10264563  5333.27744334  6950.00297577
  4756.3050704  65656.20730969  5326.2478625   6131.154278
  5891.08429632  7135.81404557  6309.44781531  6037.7622878
  6073.72701386  6051.68538535  6199.53774946  6014.97592548
  6474.33142109  6600.67237045 56438.62693176  6937.08201409
  5602.36272726 77975.12645521  4339.96904506  9033.06777606
  6677.82967524 69897.44041875  6575.8007806   6214.41840904
  6888.69290131 44517.86540616  6004.24458225  5671.89876059
  7536.81231556  6205.60616601  6347.56890759  5764.9516347
  5049.54580346  6554.04031211  7001.58081658 61988.91059094]"
99,[-0.9844246 -0.6651815],5,-0.9640276,-0.11569941,-5.3991222770489795,52,"[4.44610393e-27 4.37971202e-19 1.40112483e-12 1.49088418e-07
 5.59226891e-04 9.66734016e-02 2.44569821e+00 2.52345302e+01
 1.50551350e+02 5.00632397e+02 9.03229618e+02 9.52816073e+02
 6.10202283e+02 2.98583517e+02 1.97546426e+02 1.55316236e+02
 8.19672314e+01 2.69074387e+01 5.98403386e+00 9.44911677e-01
 5.27462135e-02 2.30389852e-04]","[83547.96886933 39938.44376778 65923.18095353  6163.83542811
  5889.23172277  7597.16121379  5458.97519996  6260.41852912
  5889.43903787 60124.54262232 58707.18786805  5851.43124533
  6672.55804452  5899.10351205 54901.18107663  3644.02490659
 46254.96031654 19807.2909378   2326.02524704  5792.77152185
  5536.91404979  4654.00774886 67877.14051554  4136.45819079
 50771.22458257 14525.05551296  4539.41232926  5611.64923112
 61710.14521746  5713.59164764  6604.00346429  5830.8603772
  6564.76914371  6377.22090496  5261.8198347   6415.79012758
  6826.53181201 71882.37922307  5220.40878053  4181.49942301
  6950.7292965   4209.29943777  6043.26148879  6363.75416409
  6528.94947514  5421.49321377  6261.70483867  5271.17125533
  6332.14933623 58087.13920582  6123.14023328  6213.84116313
  5735.30728358  6108.2260058   6104.30179036  5702.85663063
  5188.08767313  7075.37523684 50842.68861214  4397.65102915
  6367.9726269   5206.98232144  5174.84663118  6228.96789701
  5050.79170005 60536.4950898  52610.9322741   5909.39309048
  6136.13349432 54368.42959847  5570.92941356  5611.58667665
  5665.99588761  5848.2613159  70508.76877362 56190.22131395
  6291.89627344  6033.13682373  6954.98415103  4960.59314019
 75418.2315406  51359.38950928  4930.31862205  6211.53141983
  7569.66145263  5905.22793962  5941.97319294  5713.54773683
  8099.39716895  4559.26102379  6003.30309475  5399.67422301
  6425.04099574 59913.569667   55774.90426462  7056.23150718
 69129.28546558  6221.22003208  4698.64588263  8203.30996647
  6211.69854694  6275.47743517  5369.89904972  5140.17847673
  7392.423234    5648.44767615  6293.70391854  5888.87003538
  6792.11308756 67376.6673631  48727.71696867  5016.65873399
 62720.26088186  5245.71987567  6258.26304316  7140.7560424
  4612.92161541 65192.05811908  4422.95187789  7069.42072705
  4704.67299248  6847.4246812   6450.85079006  5760.61518304
  6818.26680066  5729.98689979  6476.25324001 57731.21185883
  6640.38345825  5587.29762193  6027.45174364  5477.98105654
  6865.52673133  5409.16181687  6211.35354673  6130.37793436
  6489.47941852  6473.91097966  4317.99948832  5637.64072182
  6252.74631755  5234.86054389  6364.46752703  6356.36031718
  5522.40553595 63915.8736663   4501.46337156  4963.51901014
  7176.82900779  5813.71682122  5514.03969812 71389.43093784
  4716.69258408  5871.87158236  6981.21257107 53748.51063596
 57588.82048271  7078.20722396  6625.42956303  6258.6202583
  4663.56583843  6021.53803356  5734.99553182  4908.26365053
  6761.34003151 57005.77886706  6771.51782397  5247.26891981
 60182.40803969  6348.50503989  5875.60946929  5647.27316049
  6730.35732859  5748.18463211  5219.48593765  5348.82750714
 70654.3149017   6504.68148373 62696.96359123  6090.08909732
  6444.50673395  5863.48670414  5486.68396148  5829.09621624
 64093.1808756   6464.45715216  6207.81420797 67406.68787733
  4598.57838202  5670.47190251  5583.05614289  5398.66358548
  6522.94135318  5504.92887819  5360.6492747   7363.13584657
  7486.03649758  5958.12078035 55930.22813373  4552.269688
  6407.40858582  5422.34372557  7166.41758731  6303.86644582
  7138.17506464  6236.23677     6622.83828489  7270.65057263
 57791.86268703  5158.31292716  5629.00433602  6144.70596306
  5861.28657388  5178.55122581  7882.6784926   6687.34023623
  5925.42035626 55963.74682053  6176.47619004  6261.40392756
  5156.7404187  58866.74929397 60646.73587959 57077.03816853
  5443.14041841  6767.77820101  7017.58486787 59985.65639965
  6091.44717408  4362.50533969  5194.98865662  5450.93936457
  7196.31826366  6904.10634677  5393.28193145  5933.79226411
  6333.64738447  7063.73899639  6211.31741309  5811.95288363
  7066.04519845  6550.96122256  6262.52662243  5610.10465331
  5719.12141442  5678.18144065  6792.4414838   6101.042651
  7424.24397621  6300.91955917 73975.628666    3686.86648619
  7169.87490334 67480.70249743  5451.64774448  7025.6389534
  6002.3192246  52744.33527031  6333.1906492   4775.65901186
  5516.97924559  5223.44722179  7041.5597052   6173.90340329
  5582.41482621  6387.109165    7712.73477784  5933.11629263
 56983.35513181  6764.4900246   5723.89800799  6705.15567536
 61453.75422338  4877.85199801  7279.68461941 56966.71125848
  6602.11514966  5491.21552072 74831.02757364 57757.57944133
  7048.42996149  6908.35530798  6360.63101064  6084.23403118
  5348.75971036  6605.49107407  5911.08244405  6168.94732096
  6329.1849428  56231.63163524  5797.34774815  5661.05304665
  6622.18209256  4800.45150931  6275.52016923  6147.52886364
  4781.23440666 69584.07864239  4648.71181149  9011.55092059
  5619.31613277  5202.6777602  64818.16949027 62138.12342085
  5322.52103615  5645.02190022  4479.72742341  8430.0037072
  6097.95595197  7656.59082421  4971.98172678  6416.83545961
  4631.65008946 64646.30097279 55992.58528439  5530.84388882
  6578.55769066  6199.45162779  5347.21006781  4931.98268457
  6825.17191881  6692.10233796  5811.84934051  4927.47181568
  6378.95619624  5149.93277458 66604.45564027  6415.14207662
 68876.87077962 61136.27407464  5710.26553476  7421.02500402
  4563.60237237  6471.17338595  6105.02119257  6038.13156023
  6615.63044405  4762.53020513  6164.34533993  5861.44275338
  6461.83256392 59438.6113843   6999.73429016  4915.99633582
  6395.53070021  6169.22757175  6887.97308527 64232.39611789
  7831.62091251 49741.64053893  4697.65473198 64206.57175291
  6012.35471194  7980.21953428 58058.46631402  5643.12686269
 76213.99456868  4328.73031709  6881.09532138  7453.45363848
  5678.11385809  7299.36014999 61833.74583786 56851.20433617
 51964.94150026  4749.56674587  6997.81762701  5488.25390067
  6018.83119213 74034.72553718  5746.9936133   5100.87803844
  7097.3678502   5564.43610085  6503.06909685  7019.83799716
  5404.15361148  7654.98658405  5223.42521058  6391.6164698
  5976.49239334  5436.37347086  7538.67145495  5390.49259696
  5970.56062359  6367.53310976  6018.83027941 66033.20993953
  4652.76526509  6018.31202538  7254.84961048  5038.33426076
  6923.68103899  5334.45136865  6242.2493656   5516.56180447
  7300.96773274 57478.91195754  6349.89020563  6510.05261943
  6923.52129352  6661.4044468   4533.90264716  6194.08992591
  5575.90702118  6603.75837556 65867.21184551  5957.38102554
  6242.49678118  4790.04005924 52161.64675825  5769.61173555
  5464.38218533  6334.68326032  8051.02096765  4661.03978835
  5679.18150229 78482.70137173 65295.21487134  6515.61784749
  4725.65825331  8675.62491429  5608.70259116  7085.53274606
  5853.31552711  5763.6747413   5380.6940951   6465.28613231
  6420.50294184  7373.45483104 64878.75182175 66124.33906658
  7221.64527106  6768.16673358  7626.52804829 70090.84587472
  5614.08750458  5208.53211395  8474.21102945  5885.41147342
  6899.30154549  5151.05692355  7273.45399159  4785.93791592
 66098.498627   64308.15843719  5928.84484653  6323.72445224
  6362.71543488  6355.54874033  5998.44162359  5699.22447936
  6359.69866339  6360.35273629  6308.92191476  6128.52354027
  6806.38586631  6612.77887821  5471.79669053  5057.86430425
  5303.40866033  6369.35710904  4604.11097692  5592.27594588
  6482.03273404  6459.81705765  4854.99597728  7278.50375746
  5024.49883722  6197.83694108  5209.46829917  5540.6469082
  7522.7058514   5805.2204071   6468.19581257  5782.46455314
  5692.33250491 72477.41115467 51600.06891208  8856.52166366
 62943.69318919  5752.15755694  6434.41781206  6175.45290944
  5454.62450261 66271.70139824  5796.18657665  5358.69525856
  8359.56566151  6360.01816964 51436.40368253  5348.09413797
  5474.96559347 69503.47674335  5128.33258009  6745.74691071
  6034.9807265   6557.05472839  6358.90583962 52248.4614654
  5467.35029669  5670.22454833  5901.50128919  6211.05044057
  6419.6837719  57295.7180111   6059.99133844  6167.11529196
 66304.30813631 66638.94487489  6477.28794424 64997.18334172
  5061.97648848  5718.96331458  7266.34446446  4885.84976324
  5609.05794961  5967.54222057  6838.951804    6767.75309854
  5341.33189646 68702.1067681   6136.13301701  7531.34189992
  5771.75567899  6450.78745202  7515.36460564  5578.52643622
  5966.11805694  6567.93556199  6055.758       5858.40265394
  5560.77844108  5323.65156574  5514.50148703  6111.62386056
  5710.73425763  6664.45013326  6872.66858031  7142.67696039
  6258.42906788 58905.44525643  5187.339974    7711.43811044
  5909.46572739  6164.18866056  5669.92212196 67986.63025219
  5200.24001547  5644.17726963  7102.82664257  6278.31092704
  5018.89011866  4533.60526563  5346.14468065  4620.71872829
  8291.18717421  4266.0339798   6146.59923246  6405.60007717
  6541.02315119 53744.82514093  5864.44067177 62094.83540211
 46544.69246588  6506.58119561  6513.09612723  7371.77330748
  4274.39219832  5812.37361055  6102.91272103  7330.97246074
  5612.03197893 48804.79188279  3661.3531037   6572.93458682
 62585.26270059  5597.99082873 58549.58618634  5737.26019309
 44498.49701452 26710.11728903  2436.89836843  6437.11472851
  7067.45995109  6229.9391521   7076.14268029  5488.82951338
  6016.26989173 54022.66049321  6007.4309339   6018.56254241
  5780.09617056  6067.16216127  5511.39281878  5942.52162396
  6958.84720921  6036.33310955  6101.41603375  7668.43229391
  6737.86458724  6201.01480059  5454.493183   49191.23289923
 54760.2065735   5638.24929873 61235.41406109 53379.09994062
  6090.7712035   6219.13954262  5453.58385823 79704.50675539
 52531.72283607 67821.90029971  5182.33097695 68251.06828595
 48526.45206025  5263.36786983  5206.60962733 62058.57697816
 50635.973715    7054.73486875  6434.25094218  6768.62213038
 61377.64716986  6623.11907275  6650.78234275  6048.18081994
  6459.48472417  5255.53414244  6336.07152761  5712.8354574
 68366.93949887  6842.52107243  5849.27743201  5486.07822697
 73459.86911773  6067.86756842  6316.3333092   5335.03755213
  6777.97748822  6888.23236147  6829.60307726  6009.37798512
  5089.06513364  6957.68548656  6735.35360518  7319.01988886
 66958.89814405  5055.57269164  5475.33888718  5871.20140117
  7205.97997593  6587.82945276  5431.02408363  3872.55948362
 83426.39064094  5049.89165556  6313.32132379  7147.40739313
  6281.08256948 67073.2617105   6718.50368607  7853.21643755
  5408.81938451  5961.24928774  7543.9909818  64517.50046972
  7255.86400585  7711.8558246   6986.37585977  7111.40055011
  6688.13578273  4406.68412387  6366.24421357 53413.44332333
  5240.49949138  5556.721681    6427.72065557  6614.68026129
  6852.86951835  4739.52961736 52670.16539111  6116.14212862
  6355.36668485  5465.98099482  5792.2486926  64990.92604669
  5994.44445172  3990.10264563  5333.27744334  6950.00297577
  4756.3050704  65656.20730969  5326.2478625   6131.154278
  5891.08429632  7135.81404557  6309.44781531  6037.7622878
  6073.72701386  6051.68538535  6199.53774946  6014.97592548
  6474.33142109  6600.67237045 56438.62693176  6937.08201409
  5602.36272726 77975.12645521  4339.96904506  9033.06777606
  6677.82967524 69897.44041875  6575.8007806   6214.41840904
  6888.69290131 44517.86540616  6004.24458225  5671.89876059
  7536.81231556  6205.60616601  6347.56890759  5764.9516347
  5049.54580346  6554.04031211  7001.58081658 61988.91059094
  6574.39609647  5396.11985525  7247.6111163   5662.30904433
  6348.50720356  5984.31857841  6237.42258857  5260.89370849
  6422.36188613  6499.52067089  6592.81506165  5508.47589306
  7128.63901863 44601.5291943 ]"
99,[-0.98658836 -0.66393185],5,-0.9640276,-0.11569941,-9.120077686611948,53,"[2.43074434e-18 1.77303579e-12 8.00086697e-08 2.32912602e-04
 5.09327011e-02 1.51506818e+00 1.49111744e+01 7.15907642e+01
 2.03097520e+02 4.06860330e+02 6.37644487e+02 7.46274156e+02
 5.70729352e+02 2.95029365e+02 1.40254207e+02 8.12771014e+01
 4.15392733e+01 1.64303276e+01 4.83495259e+00 8.31308787e-01
 4.76993710e-02 3.50677124e-04]","[83547.96886933 39938.44376778 65923.18095353  6163.83542811
  5889.23172277  7597.16121379  5458.97519996  6260.41852912
  5889.43903787 60124.54262232 58707.18786805  5851.43124533
  6672.55804452  5899.10351205 54901.18107663  3644.02490659
 46254.96031654 19807.2909378   2326.02524704  5792.77152185
  5536.91404979  4654.00774886 67877.14051554  4136.45819079
 50771.22458257 14525.05551296  4539.41232926  5611.64923112
 61710.14521746  5713.59164764  6604.00346429  5830.8603772
  6564.76914371  6377.22090496  5261.8198347   6415.79012758
  6826.53181201 71882.37922307  5220.40878053  4181.49942301
  6950.7292965   4209.29943777  6043.26148879  6363.75416409
  6528.94947514  5421.49321377  6261.70483867  5271.17125533
  6332.14933623 58087.13920582  6123.14023328  6213.84116313
  5735.30728358  6108.2260058   6104.30179036  5702.85663063
  5188.08767313  7075.37523684 50842.68861214  4397.65102915
  6367.9726269   5206.98232144  5174.84663118  6228.96789701
  5050.79170005 60536.4950898  52610.9322741   5909.39309048
  6136.13349432 54368.42959847  5570.92941356  5611.58667665
  5665.99588761  5848.2613159  70508.76877362 56190.22131395
  6291.89627344  6033.13682373  6954.98415103  4960.59314019
 75418.2315406  51359.38950928  4930.31862205  6211.53141983
  7569.66145263  5905.22793962  5941.97319294  5713.54773683
  8099.39716895  4559.26102379  6003.30309475  5399.67422301
  6425.04099574 59913.569667   55774.90426462  7056.23150718
 69129.28546558  6221.22003208  4698.64588263  8203.30996647
  6211.69854694  6275.47743517  5369.89904972  5140.17847673
  7392.423234    5648.44767615  6293.70391854  5888.87003538
  6792.11308756 67376.6673631  48727.71696867  5016.65873399
 62720.26088186  5245.71987567  6258.26304316  7140.7560424
  4612.92161541 65192.05811908  4422.95187789  7069.42072705
  4704.67299248  6847.4246812   6450.85079006  5760.61518304
  6818.26680066  5729.98689979  6476.25324001 57731.21185883
  6640.38345825  5587.29762193  6027.45174364  5477.98105654
  6865.52673133  5409.16181687  6211.35354673  6130.37793436
  6489.47941852  6473.91097966  4317.99948832  5637.64072182
  6252.74631755  5234.86054389  6364.46752703  6356.36031718
  5522.40553595 63915.8736663   4501.46337156  4963.51901014
  7176.82900779  5813.71682122  5514.03969812 71389.43093784
  4716.69258408  5871.87158236  6981.21257107 53748.51063596
 57588.82048271  7078.20722396  6625.42956303  6258.6202583
  4663.56583843  6021.53803356  5734.99553182  4908.26365053
  6761.34003151 57005.77886706  6771.51782397  5247.26891981
 60182.40803969  6348.50503989  5875.60946929  5647.27316049
  6730.35732859  5748.18463211  5219.48593765  5348.82750714
 70654.3149017   6504.68148373 62696.96359123  6090.08909732
  6444.50673395  5863.48670414  5486.68396148  5829.09621624
 64093.1808756   6464.45715216  6207.81420797 67406.68787733
  4598.57838202  5670.47190251  5583.05614289  5398.66358548
  6522.94135318  5504.92887819  5360.6492747   7363.13584657
  7486.03649758  5958.12078035 55930.22813373  4552.269688
  6407.40858582  5422.34372557  7166.41758731  6303.86644582
  7138.17506464  6236.23677     6622.83828489  7270.65057263
 57791.86268703  5158.31292716  5629.00433602  6144.70596306
  5861.28657388  5178.55122581  7882.6784926   6687.34023623
  5925.42035626 55963.74682053  6176.47619004  6261.40392756
  5156.7404187  58866.74929397 60646.73587959 57077.03816853
  5443.14041841  6767.77820101  7017.58486787 59985.65639965
  6091.44717408  4362.50533969  5194.98865662  5450.93936457
  7196.31826366  6904.10634677  5393.28193145  5933.79226411
  6333.64738447  7063.73899639  6211.31741309  5811.95288363
  7066.04519845  6550.96122256  6262.52662243  5610.10465331
  5719.12141442  5678.18144065  6792.4414838   6101.042651
  7424.24397621  6300.91955917 73975.628666    3686.86648619
  7169.87490334 67480.70249743  5451.64774448  7025.6389534
  6002.3192246  52744.33527031  6333.1906492   4775.65901186
  5516.97924559  5223.44722179  7041.5597052   6173.90340329
  5582.41482621  6387.109165    7712.73477784  5933.11629263
 56983.35513181  6764.4900246   5723.89800799  6705.15567536
 61453.75422338  4877.85199801  7279.68461941 56966.71125848
  6602.11514966  5491.21552072 74831.02757364 57757.57944133
  7048.42996149  6908.35530798  6360.63101064  6084.23403118
  5348.75971036  6605.49107407  5911.08244405  6168.94732096
  6329.1849428  56231.63163524  5797.34774815  5661.05304665
  6622.18209256  4800.45150931  6275.52016923  6147.52886364
  4781.23440666 69584.07864239  4648.71181149  9011.55092059
  5619.31613277  5202.6777602  64818.16949027 62138.12342085
  5322.52103615  5645.02190022  4479.72742341  8430.0037072
  6097.95595197  7656.59082421  4971.98172678  6416.83545961
  4631.65008946 64646.30097279 55992.58528439  5530.84388882
  6578.55769066  6199.45162779  5347.21006781  4931.98268457
  6825.17191881  6692.10233796  5811.84934051  4927.47181568
  6378.95619624  5149.93277458 66604.45564027  6415.14207662
 68876.87077962 61136.27407464  5710.26553476  7421.02500402
  4563.60237237  6471.17338595  6105.02119257  6038.13156023
  6615.63044405  4762.53020513  6164.34533993  5861.44275338
  6461.83256392 59438.6113843   6999.73429016  4915.99633582
  6395.53070021  6169.22757175  6887.97308527 64232.39611789
  7831.62091251 49741.64053893  4697.65473198 64206.57175291
  6012.35471194  7980.21953428 58058.46631402  5643.12686269
 76213.99456868  4328.73031709  6881.09532138  7453.45363848
  5678.11385809  7299.36014999 61833.74583786 56851.20433617
 51964.94150026  4749.56674587  6997.81762701  5488.25390067
  6018.83119213 74034.72553718  5746.9936133   5100.87803844
  7097.3678502   5564.43610085  6503.06909685  7019.83799716
  5404.15361148  7654.98658405  5223.42521058  6391.6164698
  5976.49239334  5436.37347086  7538.67145495  5390.49259696
  5970.56062359  6367.53310976  6018.83027941 66033.20993953
  4652.76526509  6018.31202538  7254.84961048  5038.33426076
  6923.68103899  5334.45136865  6242.2493656   5516.56180447
  7300.96773274 57478.91195754  6349.89020563  6510.05261943
  6923.52129352  6661.4044468   4533.90264716  6194.08992591
  5575.90702118  6603.75837556 65867.21184551  5957.38102554
  6242.49678118  4790.04005924 52161.64675825  5769.61173555
  5464.38218533  6334.68326032  8051.02096765  4661.03978835
  5679.18150229 78482.70137173 65295.21487134  6515.61784749
  4725.65825331  8675.62491429  5608.70259116  7085.53274606
  5853.31552711  5763.6747413   5380.6940951   6465.28613231
  6420.50294184  7373.45483104 64878.75182175 66124.33906658
  7221.64527106  6768.16673358  7626.52804829 70090.84587472
  5614.08750458  5208.53211395  8474.21102945  5885.41147342
  6899.30154549  5151.05692355  7273.45399159  4785.93791592
 66098.498627   64308.15843719  5928.84484653  6323.72445224
  6362.71543488  6355.54874033  5998.44162359  5699.22447936
  6359.69866339  6360.35273629  6308.92191476  6128.52354027
  6806.38586631  6612.77887821  5471.79669053  5057.86430425
  5303.40866033  6369.35710904  4604.11097692  5592.27594588
  6482.03273404  6459.81705765  4854.99597728  7278.50375746
  5024.49883722  6197.83694108  5209.46829917  5540.6469082
  7522.7058514   5805.2204071   6468.19581257  5782.46455314
  5692.33250491 72477.41115467 51600.06891208  8856.52166366
 62943.69318919  5752.15755694  6434.41781206  6175.45290944
  5454.62450261 66271.70139824  5796.18657665  5358.69525856
  8359.56566151  6360.01816964 51436.40368253  5348.09413797
  5474.96559347 69503.47674335  5128.33258009  6745.74691071
  6034.9807265   6557.05472839  6358.90583962 52248.4614654
  5467.35029669  5670.22454833  5901.50128919  6211.05044057
  6419.6837719  57295.7180111   6059.99133844  6167.11529196
 66304.30813631 66638.94487489  6477.28794424 64997.18334172
  5061.97648848  5718.96331458  7266.34446446  4885.84976324
  5609.05794961  5967.54222057  6838.951804    6767.75309854
  5341.33189646 68702.1067681   6136.13301701  7531.34189992
  5771.75567899  6450.78745202  7515.36460564  5578.52643622
  5966.11805694  6567.93556199  6055.758       5858.40265394
  5560.77844108  5323.65156574  5514.50148703  6111.62386056
  5710.73425763  6664.45013326  6872.66858031  7142.67696039
  6258.42906788 58905.44525643  5187.339974    7711.43811044
  5909.46572739  6164.18866056  5669.92212196 67986.63025219
  5200.24001547  5644.17726963  7102.82664257  6278.31092704
  5018.89011866  4533.60526563  5346.14468065  4620.71872829
  8291.18717421  4266.0339798   6146.59923246  6405.60007717
  6541.02315119 53744.82514093  5864.44067177 62094.83540211
 46544.69246588  6506.58119561  6513.09612723  7371.77330748
  4274.39219832  5812.37361055  6102.91272103  7330.97246074
  5612.03197893 48804.79188279  3661.3531037   6572.93458682
 62585.26270059  5597.99082873 58549.58618634  5737.26019309
 44498.49701452 26710.11728903  2436.89836843  6437.11472851
  7067.45995109  6229.9391521   7076.14268029  5488.82951338
  6016.26989173 54022.66049321  6007.4309339   6018.56254241
  5780.09617056  6067.16216127  5511.39281878  5942.52162396
  6958.84720921  6036.33310955  6101.41603375  7668.43229391
  6737.86458724  6201.01480059  5454.493183   49191.23289923
 54760.2065735   5638.24929873 61235.41406109 53379.09994062
  6090.7712035   6219.13954262  5453.58385823 79704.50675539
 52531.72283607 67821.90029971  5182.33097695 68251.06828595
 48526.45206025  5263.36786983  5206.60962733 62058.57697816
 50635.973715    7054.73486875  6434.25094218  6768.62213038
 61377.64716986  6623.11907275  6650.78234275  6048.18081994
  6459.48472417  5255.53414244  6336.07152761  5712.8354574
 68366.93949887  6842.52107243  5849.27743201  5486.07822697
 73459.86911773  6067.86756842  6316.3333092   5335.03755213
  6777.97748822  6888.23236147  6829.60307726  6009.37798512
  5089.06513364  6957.68548656  6735.35360518  7319.01988886
 66958.89814405  5055.57269164  5475.33888718  5871.20140117
  7205.97997593  6587.82945276  5431.02408363  3872.55948362
 83426.39064094  5049.89165556  6313.32132379  7147.40739313
  6281.08256948 67073.2617105   6718.50368607  7853.21643755
  5408.81938451  5961.24928774  7543.9909818  64517.50046972
  7255.86400585  7711.8558246   6986.37585977  7111.40055011
  6688.13578273  4406.68412387  6366.24421357 53413.44332333
  5240.49949138  5556.721681    6427.72065557  6614.68026129
  6852.86951835  4739.52961736 52670.16539111  6116.14212862
  6355.36668485  5465.98099482  5792.2486926  64990.92604669
  5994.44445172  3990.10264563  5333.27744334  6950.00297577
  4756.3050704  65656.20730969  5326.2478625   6131.154278
  5891.08429632  7135.81404557  6309.44781531  6037.7622878
  6073.72701386  6051.68538535  6199.53774946  6014.97592548
  6474.33142109  6600.67237045 56438.62693176  6937.08201409
  5602.36272726 77975.12645521  4339.96904506  9033.06777606
  6677.82967524 69897.44041875  6575.8007806   6214.41840904
  6888.69290131 44517.86540616  6004.24458225  5671.89876059
  7536.81231556  6205.60616601  6347.56890759  5764.9516347
  5049.54580346  6554.04031211  7001.58081658 61988.91059094
  6574.39609647  5396.11985525  7247.6111163   5662.30904433
  6348.50720356  5984.31857841  6237.42258857  5260.89370849
  6422.36188613  6499.52067089  6592.81506165  5508.47589306
  7128.63901863 44601.5291943   7603.98968401  7138.11837187
  6585.38046401  6596.20835365 56421.43414045  5538.40468649
  6159.76490891  6596.61747978  6077.59043593 49534.62578375
 62172.40110078  5395.51217456 50791.99673851  5737.62055884]"
99,[-0.98744935 -0.6734044 ],5,-0.9640276,0.074012265,-5.408090749043523,54,"[4.87474891e-24 4.57650084e-17 2.59198890e-11 9.02761283e-07
 2.02059447e-03 3.39329338e-01 7.69741754e+00 5.75152958e+01
 2.16948701e+02 5.00648731e+02 7.41681758e+02 7.04403260e+02
 4.42027195e+02 2.15539449e+02 1.28055563e+02 9.91957743e+01
 6.09254000e+01 2.30375550e+01 5.29051797e+00 8.59618250e-01
 5.71566673e-02 4.83754031e-04]","[83547.96886933 39938.44376778 65923.18095353  6163.83542811
  5889.23172277  7597.16121379  5458.97519996  6260.41852912
  5889.43903787 60124.54262232 58707.18786805  5851.43124533
  6672.55804452  5899.10351205 54901.18107663  3644.02490659
 46254.96031654 19807.2909378   2326.02524704  5792.77152185
  5536.91404979  4654.00774886 67877.14051554  4136.45819079
 50771.22458257 14525.05551296  4539.41232926  5611.64923112
 61710.14521746  5713.59164764  6604.00346429  5830.8603772
  6564.76914371  6377.22090496  5261.8198347   6415.79012758
  6826.53181201 71882.37922307  5220.40878053  4181.49942301
  6950.7292965   4209.29943777  6043.26148879  6363.75416409
  6528.94947514  5421.49321377  6261.70483867  5271.17125533
  6332.14933623 58087.13920582  6123.14023328  6213.84116313
  5735.30728358  6108.2260058   6104.30179036  5702.85663063
  5188.08767313  7075.37523684 50842.68861214  4397.65102915
  6367.9726269   5206.98232144  5174.84663118  6228.96789701
  5050.79170005 60536.4950898  52610.9322741   5909.39309048
  6136.13349432 54368.42959847  5570.92941356  5611.58667665
  5665.99588761  5848.2613159  70508.76877362 56190.22131395
  6291.89627344  6033.13682373  6954.98415103  4960.59314019
 75418.2315406  51359.38950928  4930.31862205  6211.53141983
  7569.66145263  5905.22793962  5941.97319294  5713.54773683
  8099.39716895  4559.26102379  6003.30309475  5399.67422301
  6425.04099574 59913.569667   55774.90426462  7056.23150718
 69129.28546558  6221.22003208  4698.64588263  8203.30996647
  6211.69854694  6275.47743517  5369.89904972  5140.17847673
  7392.423234    5648.44767615  6293.70391854  5888.87003538
  6792.11308756 67376.6673631  48727.71696867  5016.65873399
 62720.26088186  5245.71987567  6258.26304316  7140.7560424
  4612.92161541 65192.05811908  4422.95187789  7069.42072705
  4704.67299248  6847.4246812   6450.85079006  5760.61518304
  6818.26680066  5729.98689979  6476.25324001 57731.21185883
  6640.38345825  5587.29762193  6027.45174364  5477.98105654
  6865.52673133  5409.16181687  6211.35354673  6130.37793436
  6489.47941852  6473.91097966  4317.99948832  5637.64072182
  6252.74631755  5234.86054389  6364.46752703  6356.36031718
  5522.40553595 63915.8736663   4501.46337156  4963.51901014
  7176.82900779  5813.71682122  5514.03969812 71389.43093784
  4716.69258408  5871.87158236  6981.21257107 53748.51063596
 57588.82048271  7078.20722396  6625.42956303  6258.6202583
  4663.56583843  6021.53803356  5734.99553182  4908.26365053
  6761.34003151 57005.77886706  6771.51782397  5247.26891981
 60182.40803969  6348.50503989  5875.60946929  5647.27316049
  6730.35732859  5748.18463211  5219.48593765  5348.82750714
 70654.3149017   6504.68148373 62696.96359123  6090.08909732
  6444.50673395  5863.48670414  5486.68396148  5829.09621624
 64093.1808756   6464.45715216  6207.81420797 67406.68787733
  4598.57838202  5670.47190251  5583.05614289  5398.66358548
  6522.94135318  5504.92887819  5360.6492747   7363.13584657
  7486.03649758  5958.12078035 55930.22813373  4552.269688
  6407.40858582  5422.34372557  7166.41758731  6303.86644582
  7138.17506464  6236.23677     6622.83828489  7270.65057263
 57791.86268703  5158.31292716  5629.00433602  6144.70596306
  5861.28657388  5178.55122581  7882.6784926   6687.34023623
  5925.42035626 55963.74682053  6176.47619004  6261.40392756
  5156.7404187  58866.74929397 60646.73587959 57077.03816853
  5443.14041841  6767.77820101  7017.58486787 59985.65639965
  6091.44717408  4362.50533969  5194.98865662  5450.93936457
  7196.31826366  6904.10634677  5393.28193145  5933.79226411
  6333.64738447  7063.73899639  6211.31741309  5811.95288363
  7066.04519845  6550.96122256  6262.52662243  5610.10465331
  5719.12141442  5678.18144065  6792.4414838   6101.042651
  7424.24397621  6300.91955917 73975.628666    3686.86648619
  7169.87490334 67480.70249743  5451.64774448  7025.6389534
  6002.3192246  52744.33527031  6333.1906492   4775.65901186
  5516.97924559  5223.44722179  7041.5597052   6173.90340329
  5582.41482621  6387.109165    7712.73477784  5933.11629263
 56983.35513181  6764.4900246   5723.89800799  6705.15567536
 61453.75422338  4877.85199801  7279.68461941 56966.71125848
  6602.11514966  5491.21552072 74831.02757364 57757.57944133
  7048.42996149  6908.35530798  6360.63101064  6084.23403118
  5348.75971036  6605.49107407  5911.08244405  6168.94732096
  6329.1849428  56231.63163524  5797.34774815  5661.05304665
  6622.18209256  4800.45150931  6275.52016923  6147.52886364
  4781.23440666 69584.07864239  4648.71181149  9011.55092059
  5619.31613277  5202.6777602  64818.16949027 62138.12342085
  5322.52103615  5645.02190022  4479.72742341  8430.0037072
  6097.95595197  7656.59082421  4971.98172678  6416.83545961
  4631.65008946 64646.30097279 55992.58528439  5530.84388882
  6578.55769066  6199.45162779  5347.21006781  4931.98268457
  6825.17191881  6692.10233796  5811.84934051  4927.47181568
  6378.95619624  5149.93277458 66604.45564027  6415.14207662
 68876.87077962 61136.27407464  5710.26553476  7421.02500402
  4563.60237237  6471.17338595  6105.02119257  6038.13156023
  6615.63044405  4762.53020513  6164.34533993  5861.44275338
  6461.83256392 59438.6113843   6999.73429016  4915.99633582
  6395.53070021  6169.22757175  6887.97308527 64232.39611789
  7831.62091251 49741.64053893  4697.65473198 64206.57175291
  6012.35471194  7980.21953428 58058.46631402  5643.12686269
 76213.99456868  4328.73031709  6881.09532138  7453.45363848
  5678.11385809  7299.36014999 61833.74583786 56851.20433617
 51964.94150026  4749.56674587  6997.81762701  5488.25390067
  6018.83119213 74034.72553718  5746.9936133   5100.87803844
  7097.3678502   5564.43610085  6503.06909685  7019.83799716
  5404.15361148  7654.98658405  5223.42521058  6391.6164698
  5976.49239334  5436.37347086  7538.67145495  5390.49259696
  5970.56062359  6367.53310976  6018.83027941 66033.20993953
  4652.76526509  6018.31202538  7254.84961048  5038.33426076
  6923.68103899  5334.45136865  6242.2493656   5516.56180447
  7300.96773274 57478.91195754  6349.89020563  6510.05261943
  6923.52129352  6661.4044468   4533.90264716  6194.08992591
  5575.90702118  6603.75837556 65867.21184551  5957.38102554
  6242.49678118  4790.04005924 52161.64675825  5769.61173555
  5464.38218533  6334.68326032  8051.02096765  4661.03978835
  5679.18150229 78482.70137173 65295.21487134  6515.61784749
  4725.65825331  8675.62491429  5608.70259116  7085.53274606
  5853.31552711  5763.6747413   5380.6940951   6465.28613231
  6420.50294184  7373.45483104 64878.75182175 66124.33906658
  7221.64527106  6768.16673358  7626.52804829 70090.84587472
  5614.08750458  5208.53211395  8474.21102945  5885.41147342
  6899.30154549  5151.05692355  7273.45399159  4785.93791592
 66098.498627   64308.15843719  5928.84484653  6323.72445224
  6362.71543488  6355.54874033  5998.44162359  5699.22447936
  6359.69866339  6360.35273629  6308.92191476  6128.52354027
  6806.38586631  6612.77887821  5471.79669053  5057.86430425
  5303.40866033  6369.35710904  4604.11097692  5592.27594588
  6482.03273404  6459.81705765  4854.99597728  7278.50375746
  5024.49883722  6197.83694108  5209.46829917  5540.6469082
  7522.7058514   5805.2204071   6468.19581257  5782.46455314
  5692.33250491 72477.41115467 51600.06891208  8856.52166366
 62943.69318919  5752.15755694  6434.41781206  6175.45290944
  5454.62450261 66271.70139824  5796.18657665  5358.69525856
  8359.56566151  6360.01816964 51436.40368253  5348.09413797
  5474.96559347 69503.47674335  5128.33258009  6745.74691071
  6034.9807265   6557.05472839  6358.90583962 52248.4614654
  5467.35029669  5670.22454833  5901.50128919  6211.05044057
  6419.6837719  57295.7180111   6059.99133844  6167.11529196
 66304.30813631 66638.94487489  6477.28794424 64997.18334172
  5061.97648848  5718.96331458  7266.34446446  4885.84976324
  5609.05794961  5967.54222057  6838.951804    6767.75309854
  5341.33189646 68702.1067681   6136.13301701  7531.34189992
  5771.75567899  6450.78745202  7515.36460564  5578.52643622
  5966.11805694  6567.93556199  6055.758       5858.40265394
  5560.77844108  5323.65156574  5514.50148703  6111.62386056
  5710.73425763  6664.45013326  6872.66858031  7142.67696039
  6258.42906788 58905.44525643  5187.339974    7711.43811044
  5909.46572739  6164.18866056  5669.92212196 67986.63025219
  5200.24001547  5644.17726963  7102.82664257  6278.31092704
  5018.89011866  4533.60526563  5346.14468065  4620.71872829
  8291.18717421  4266.0339798   6146.59923246  6405.60007717
  6541.02315119 53744.82514093  5864.44067177 62094.83540211
 46544.69246588  6506.58119561  6513.09612723  7371.77330748
  4274.39219832  5812.37361055  6102.91272103  7330.97246074
  5612.03197893 48804.79188279  3661.3531037   6572.93458682
 62585.26270059  5597.99082873 58549.58618634  5737.26019309
 44498.49701452 26710.11728903  2436.89836843  6437.11472851
  7067.45995109  6229.9391521   7076.14268029  5488.82951338
  6016.26989173 54022.66049321  6007.4309339   6018.56254241
  5780.09617056  6067.16216127  5511.39281878  5942.52162396
  6958.84720921  6036.33310955  6101.41603375  7668.43229391
  6737.86458724  6201.01480059  5454.493183   49191.23289923
 54760.2065735   5638.24929873 61235.41406109 53379.09994062
  6090.7712035   6219.13954262  5453.58385823 79704.50675539
 52531.72283607 67821.90029971  5182.33097695 68251.06828595
 48526.45206025  5263.36786983  5206.60962733 62058.57697816
 50635.973715    7054.73486875  6434.25094218  6768.62213038
 61377.64716986  6623.11907275  6650.78234275  6048.18081994
  6459.48472417  5255.53414244  6336.07152761  5712.8354574
 68366.93949887  6842.52107243  5849.27743201  5486.07822697
 73459.86911773  6067.86756842  6316.3333092   5335.03755213
  6777.97748822  6888.23236147  6829.60307726  6009.37798512
  5089.06513364  6957.68548656  6735.35360518  7319.01988886
 66958.89814405  5055.57269164  5475.33888718  5871.20140117
  7205.97997593  6587.82945276  5431.02408363  3872.55948362
 83426.39064094  5049.89165556  6313.32132379  7147.40739313
  6281.08256948 67073.2617105   6718.50368607  7853.21643755
  5408.81938451  5961.24928774  7543.9909818  64517.50046972
  7255.86400585  7711.8558246   6986.37585977  7111.40055011
  6688.13578273  4406.68412387  6366.24421357 53413.44332333
  5240.49949138  5556.721681    6427.72065557  6614.68026129
  6852.86951835  4739.52961736 52670.16539111  6116.14212862
  6355.36668485  5465.98099482  5792.2486926  64990.92604669
  5994.44445172  3990.10264563  5333.27744334  6950.00297577
  4756.3050704  65656.20730969  5326.2478625   6131.154278
  5891.08429632  7135.81404557  6309.44781531  6037.7622878
  6073.72701386  6051.68538535  6199.53774946  6014.97592548
  6474.33142109  6600.67237045 56438.62693176  6937.08201409
  5602.36272726 77975.12645521  4339.96904506  9033.06777606
  6677.82967524 69897.44041875  6575.8007806   6214.41840904
  6888.69290131 44517.86540616  6004.24458225  5671.89876059
  7536.81231556  6205.60616601  6347.56890759  5764.9516347
  5049.54580346  6554.04031211  7001.58081658 61988.91059094
  6574.39609647  5396.11985525  7247.6111163   5662.30904433
  6348.50720356  5984.31857841  6237.42258857  5260.89370849
  6422.36188613  6499.52067089  6592.81506165  5508.47589306
  7128.63901863 44601.5291943   7603.98968401  7138.11837187
  6585.38046401  6596.20835365 56421.43414045  5538.40468649
  6159.76490891  6596.61747978  6077.59043593 49534.62578375
 62172.40110078  5395.51217456 50791.99673851  5737.62055884
  5756.80080629 53869.04043454  5222.98793473  6762.72306905
  6242.59444598  5793.67834264  6126.77150755  6209.28570253
  6803.27998184  6448.25925102  6867.2019113   5922.59669055
  6047.46050561  5902.61894044]"
99,[-0.9873625 -0.6118613],5,-0.9640276,-0.11569941,-7.002194580197177,55,"[2.47448981e-19 7.39214577e-14 2.48825915e-09 9.64966644e-06
 4.58159023e-03 3.25575663e-01 5.69762923e+00 4.18793200e+01
 1.64660695e+02 3.98506040e+02 6.56165979e+02 7.27897073e+02
 5.79101116e+02 3.97529727e+02 2.80726795e+02 2.04949693e+02
 1.22145617e+02 5.26695475e+01 1.58013993e+01 3.00193511e+00
 2.28976550e-01 3.56961438e-03]","[83547.96886933 39938.44376778 65923.18095353  6163.83542811
  5889.23172277  7597.16121379  5458.97519996  6260.41852912
  5889.43903787 60124.54262232 58707.18786805  5851.43124533
  6672.55804452  5899.10351205 54901.18107663  3644.02490659
 46254.96031654 19807.2909378   2326.02524704  5792.77152185
  5536.91404979  4654.00774886 67877.14051554  4136.45819079
 50771.22458257 14525.05551296  4539.41232926  5611.64923112
 61710.14521746  5713.59164764  6604.00346429  5830.8603772
  6564.76914371  6377.22090496  5261.8198347   6415.79012758
  6826.53181201 71882.37922307  5220.40878053  4181.49942301
  6950.7292965   4209.29943777  6043.26148879  6363.75416409
  6528.94947514  5421.49321377  6261.70483867  5271.17125533
  6332.14933623 58087.13920582  6123.14023328  6213.84116313
  5735.30728358  6108.2260058   6104.30179036  5702.85663063
  5188.08767313  7075.37523684 50842.68861214  4397.65102915
  6367.9726269   5206.98232144  5174.84663118  6228.96789701
  5050.79170005 60536.4950898  52610.9322741   5909.39309048
  6136.13349432 54368.42959847  5570.92941356  5611.58667665
  5665.99588761  5848.2613159  70508.76877362 56190.22131395
  6291.89627344  6033.13682373  6954.98415103  4960.59314019
 75418.2315406  51359.38950928  4930.31862205  6211.53141983
  7569.66145263  5905.22793962  5941.97319294  5713.54773683
  8099.39716895  4559.26102379  6003.30309475  5399.67422301
  6425.04099574 59913.569667   55774.90426462  7056.23150718
 69129.28546558  6221.22003208  4698.64588263  8203.30996647
  6211.69854694  6275.47743517  5369.89904972  5140.17847673
  7392.423234    5648.44767615  6293.70391854  5888.87003538
  6792.11308756 67376.6673631  48727.71696867  5016.65873399
 62720.26088186  5245.71987567  6258.26304316  7140.7560424
  4612.92161541 65192.05811908  4422.95187789  7069.42072705
  4704.67299248  6847.4246812   6450.85079006  5760.61518304
  6818.26680066  5729.98689979  6476.25324001 57731.21185883
  6640.38345825  5587.29762193  6027.45174364  5477.98105654
  6865.52673133  5409.16181687  6211.35354673  6130.37793436
  6489.47941852  6473.91097966  4317.99948832  5637.64072182
  6252.74631755  5234.86054389  6364.46752703  6356.36031718
  5522.40553595 63915.8736663   4501.46337156  4963.51901014
  7176.82900779  5813.71682122  5514.03969812 71389.43093784
  4716.69258408  5871.87158236  6981.21257107 53748.51063596
 57588.82048271  7078.20722396  6625.42956303  6258.6202583
  4663.56583843  6021.53803356  5734.99553182  4908.26365053
  6761.34003151 57005.77886706  6771.51782397  5247.26891981
 60182.40803969  6348.50503989  5875.60946929  5647.27316049
  6730.35732859  5748.18463211  5219.48593765  5348.82750714
 70654.3149017   6504.68148373 62696.96359123  6090.08909732
  6444.50673395  5863.48670414  5486.68396148  5829.09621624
 64093.1808756   6464.45715216  6207.81420797 67406.68787733
  4598.57838202  5670.47190251  5583.05614289  5398.66358548
  6522.94135318  5504.92887819  5360.6492747   7363.13584657
  7486.03649758  5958.12078035 55930.22813373  4552.269688
  6407.40858582  5422.34372557  7166.41758731  6303.86644582
  7138.17506464  6236.23677     6622.83828489  7270.65057263
 57791.86268703  5158.31292716  5629.00433602  6144.70596306
  5861.28657388  5178.55122581  7882.6784926   6687.34023623
  5925.42035626 55963.74682053  6176.47619004  6261.40392756
  5156.7404187  58866.74929397 60646.73587959 57077.03816853
  5443.14041841  6767.77820101  7017.58486787 59985.65639965
  6091.44717408  4362.50533969  5194.98865662  5450.93936457
  7196.31826366  6904.10634677  5393.28193145  5933.79226411
  6333.64738447  7063.73899639  6211.31741309  5811.95288363
  7066.04519845  6550.96122256  6262.52662243  5610.10465331
  5719.12141442  5678.18144065  6792.4414838   6101.042651
  7424.24397621  6300.91955917 73975.628666    3686.86648619
  7169.87490334 67480.70249743  5451.64774448  7025.6389534
  6002.3192246  52744.33527031  6333.1906492   4775.65901186
  5516.97924559  5223.44722179  7041.5597052   6173.90340329
  5582.41482621  6387.109165    7712.73477784  5933.11629263
 56983.35513181  6764.4900246   5723.89800799  6705.15567536
 61453.75422338  4877.85199801  7279.68461941 56966.71125848
  6602.11514966  5491.21552072 74831.02757364 57757.57944133
  7048.42996149  6908.35530798  6360.63101064  6084.23403118
  5348.75971036  6605.49107407  5911.08244405  6168.94732096
  6329.1849428  56231.63163524  5797.34774815  5661.05304665
  6622.18209256  4800.45150931  6275.52016923  6147.52886364
  4781.23440666 69584.07864239  4648.71181149  9011.55092059
  5619.31613277  5202.6777602  64818.16949027 62138.12342085
  5322.52103615  5645.02190022  4479.72742341  8430.0037072
  6097.95595197  7656.59082421  4971.98172678  6416.83545961
  4631.65008946 64646.30097279 55992.58528439  5530.84388882
  6578.55769066  6199.45162779  5347.21006781  4931.98268457
  6825.17191881  6692.10233796  5811.84934051  4927.47181568
  6378.95619624  5149.93277458 66604.45564027  6415.14207662
 68876.87077962 61136.27407464  5710.26553476  7421.02500402
  4563.60237237  6471.17338595  6105.02119257  6038.13156023
  6615.63044405  4762.53020513  6164.34533993  5861.44275338
  6461.83256392 59438.6113843   6999.73429016  4915.99633582
  6395.53070021  6169.22757175  6887.97308527 64232.39611789
  7831.62091251 49741.64053893  4697.65473198 64206.57175291
  6012.35471194  7980.21953428 58058.46631402  5643.12686269
 76213.99456868  4328.73031709  6881.09532138  7453.45363848
  5678.11385809  7299.36014999 61833.74583786 56851.20433617
 51964.94150026  4749.56674587  6997.81762701  5488.25390067
  6018.83119213 74034.72553718  5746.9936133   5100.87803844
  7097.3678502   5564.43610085  6503.06909685  7019.83799716
  5404.15361148  7654.98658405  5223.42521058  6391.6164698
  5976.49239334  5436.37347086  7538.67145495  5390.49259696
  5970.56062359  6367.53310976  6018.83027941 66033.20993953
  4652.76526509  6018.31202538  7254.84961048  5038.33426076
  6923.68103899  5334.45136865  6242.2493656   5516.56180447
  7300.96773274 57478.91195754  6349.89020563  6510.05261943
  6923.52129352  6661.4044468   4533.90264716  6194.08992591
  5575.90702118  6603.75837556 65867.21184551  5957.38102554
  6242.49678118  4790.04005924 52161.64675825  5769.61173555
  5464.38218533  6334.68326032  8051.02096765  4661.03978835
  5679.18150229 78482.70137173 65295.21487134  6515.61784749
  4725.65825331  8675.62491429  5608.70259116  7085.53274606
  5853.31552711  5763.6747413   5380.6940951   6465.28613231
  6420.50294184  7373.45483104 64878.75182175 66124.33906658
  7221.64527106  6768.16673358  7626.52804829 70090.84587472
  5614.08750458  5208.53211395  8474.21102945  5885.41147342
  6899.30154549  5151.05692355  7273.45399159  4785.93791592
 66098.498627   64308.15843719  5928.84484653  6323.72445224
  6362.71543488  6355.54874033  5998.44162359  5699.22447936
  6359.69866339  6360.35273629  6308.92191476  6128.52354027
  6806.38586631  6612.77887821  5471.79669053  5057.86430425
  5303.40866033  6369.35710904  4604.11097692  5592.27594588
  6482.03273404  6459.81705765  4854.99597728  7278.50375746
  5024.49883722  6197.83694108  5209.46829917  5540.6469082
  7522.7058514   5805.2204071   6468.19581257  5782.46455314
  5692.33250491 72477.41115467 51600.06891208  8856.52166366
 62943.69318919  5752.15755694  6434.41781206  6175.45290944
  5454.62450261 66271.70139824  5796.18657665  5358.69525856
  8359.56566151  6360.01816964 51436.40368253  5348.09413797
  5474.96559347 69503.47674335  5128.33258009  6745.74691071
  6034.9807265   6557.05472839  6358.90583962 52248.4614654
  5467.35029669  5670.22454833  5901.50128919  6211.05044057
  6419.6837719  57295.7180111   6059.99133844  6167.11529196
 66304.30813631 66638.94487489  6477.28794424 64997.18334172
  5061.97648848  5718.96331458  7266.34446446  4885.84976324
  5609.05794961  5967.54222057  6838.951804    6767.75309854
  5341.33189646 68702.1067681   6136.13301701  7531.34189992
  5771.75567899  6450.78745202  7515.36460564  5578.52643622
  5966.11805694  6567.93556199  6055.758       5858.40265394
  5560.77844108  5323.65156574  5514.50148703  6111.62386056
  5710.73425763  6664.45013326  6872.66858031  7142.67696039
  6258.42906788 58905.44525643  5187.339974    7711.43811044
  5909.46572739  6164.18866056  5669.92212196 67986.63025219
  5200.24001547  5644.17726963  7102.82664257  6278.31092704
  5018.89011866  4533.60526563  5346.14468065  4620.71872829
  8291.18717421  4266.0339798   6146.59923246  6405.60007717
  6541.02315119 53744.82514093  5864.44067177 62094.83540211
 46544.69246588  6506.58119561  6513.09612723  7371.77330748
  4274.39219832  5812.37361055  6102.91272103  7330.97246074
  5612.03197893 48804.79188279  3661.3531037   6572.93458682
 62585.26270059  5597.99082873 58549.58618634  5737.26019309
 44498.49701452 26710.11728903  2436.89836843  6437.11472851
  7067.45995109  6229.9391521   7076.14268029  5488.82951338
  6016.26989173 54022.66049321  6007.4309339   6018.56254241
  5780.09617056  6067.16216127  5511.39281878  5942.52162396
  6958.84720921  6036.33310955  6101.41603375  7668.43229391
  6737.86458724  6201.01480059  5454.493183   49191.23289923
 54760.2065735   5638.24929873 61235.41406109 53379.09994062
  6090.7712035   6219.13954262  5453.58385823 79704.50675539
 52531.72283607 67821.90029971  5182.33097695 68251.06828595
 48526.45206025  5263.36786983  5206.60962733 62058.57697816
 50635.973715    7054.73486875  6434.25094218  6768.62213038
 61377.64716986  6623.11907275  6650.78234275  6048.18081994
  6459.48472417  5255.53414244  6336.07152761  5712.8354574
 68366.93949887  6842.52107243  5849.27743201  5486.07822697
 73459.86911773  6067.86756842  6316.3333092   5335.03755213
  6777.97748822  6888.23236147  6829.60307726  6009.37798512
  5089.06513364  6957.68548656  6735.35360518  7319.01988886
 66958.89814405  5055.57269164  5475.33888718  5871.20140117
  7205.97997593  6587.82945276  5431.02408363  3872.55948362
 83426.39064094  5049.89165556  6313.32132379  7147.40739313
  6281.08256948 67073.2617105   6718.50368607  7853.21643755
  5408.81938451  5961.24928774  7543.9909818  64517.50046972
  7255.86400585  7711.8558246   6986.37585977  7111.40055011
  6688.13578273  4406.68412387  6366.24421357 53413.44332333
  5240.49949138  5556.721681    6427.72065557  6614.68026129
  6852.86951835  4739.52961736 52670.16539111  6116.14212862
  6355.36668485  5465.98099482  5792.2486926  64990.92604669
  5994.44445172  3990.10264563  5333.27744334  6950.00297577
  4756.3050704  65656.20730969  5326.2478625   6131.154278
  5891.08429632  7135.81404557  6309.44781531  6037.7622878
  6073.72701386  6051.68538535  6199.53774946  6014.97592548
  6474.33142109  6600.67237045 56438.62693176  6937.08201409
  5602.36272726 77975.12645521  4339.96904506  9033.06777606
  6677.82967524 69897.44041875  6575.8007806   6214.41840904
  6888.69290131 44517.86540616  6004.24458225  5671.89876059
  7536.81231556  6205.60616601  6347.56890759  5764.9516347
  5049.54580346  6554.04031211  7001.58081658 61988.91059094
  6574.39609647  5396.11985525  7247.6111163   5662.30904433
  6348.50720356  5984.31857841  6237.42258857  5260.89370849
  6422.36188613  6499.52067089  6592.81506165  5508.47589306
  7128.63901863 44601.5291943   7603.98968401  7138.11837187
  6585.38046401  6596.20835365 56421.43414045  5538.40468649
  6159.76490891  6596.61747978  6077.59043593 49534.62578375
 62172.40110078  5395.51217456 50791.99673851  5737.62055884
  5756.80080629 53869.04043454  5222.98793473  6762.72306905
  6242.59444598  5793.67834264  6126.77150755  6209.28570253
  6803.27998184  6448.25925102  6867.2019113   5922.59669055
  6047.46050561  5902.61894044  5773.43881077  6601.11073588
  6205.51941981  7165.52589596  6562.00851932  5248.22429406
  5969.10210566  6999.65362447  6646.3273887   5636.17857057
 79100.02352639  4484.90288342  4944.95058149 43202.15090913]"
99,[-0.98296016 -0.6865578 ],5,-0.9640276,0.074012265,-7.470991464341368,56,"[2.92337774e-33 1.21661475e-23 1.07536592e-15 2.05650421e-09
 8.83501231e-05 9.53666784e-02 4.77068718e+00 5.06057745e+01
 2.24698339e+02 6.55599355e+02 1.10733602e+03 1.01893161e+03
 5.70062693e+02 2.83617715e+02 2.22981864e+02 1.63367319e+02
 8.09912033e+01 2.45317925e+01 4.71946265e+00 2.64307416e-01
 7.81696141e-04 6.12682321e-08]","[83547.96886933 39938.44376778 65923.18095353  6163.83542811
  5889.23172277  7597.16121379  5458.97519996  6260.41852912
  5889.43903787 60124.54262232 58707.18786805  5851.43124533
  6672.55804452  5899.10351205 54901.18107663  3644.02490659
 46254.96031654 19807.2909378   2326.02524704  5792.77152185
  5536.91404979  4654.00774886 67877.14051554  4136.45819079
 50771.22458257 14525.05551296  4539.41232926  5611.64923112
 61710.14521746  5713.59164764  6604.00346429  5830.8603772
  6564.76914371  6377.22090496  5261.8198347   6415.79012758
  6826.53181201 71882.37922307  5220.40878053  4181.49942301
  6950.7292965   4209.29943777  6043.26148879  6363.75416409
  6528.94947514  5421.49321377  6261.70483867  5271.17125533
  6332.14933623 58087.13920582  6123.14023328  6213.84116313
  5735.30728358  6108.2260058   6104.30179036  5702.85663063
  5188.08767313  7075.37523684 50842.68861214  4397.65102915
  6367.9726269   5206.98232144  5174.84663118  6228.96789701
  5050.79170005 60536.4950898  52610.9322741   5909.39309048
  6136.13349432 54368.42959847  5570.92941356  5611.58667665
  5665.99588761  5848.2613159  70508.76877362 56190.22131395
  6291.89627344  6033.13682373  6954.98415103  4960.59314019
 75418.2315406  51359.38950928  4930.31862205  6211.53141983
  7569.66145263  5905.22793962  5941.97319294  5713.54773683
  8099.39716895  4559.26102379  6003.30309475  5399.67422301
  6425.04099574 59913.569667   55774.90426462  7056.23150718
 69129.28546558  6221.22003208  4698.64588263  8203.30996647
  6211.69854694  6275.47743517  5369.89904972  5140.17847673
  7392.423234    5648.44767615  6293.70391854  5888.87003538
  6792.11308756 67376.6673631  48727.71696867  5016.65873399
 62720.26088186  5245.71987567  6258.26304316  7140.7560424
  4612.92161541 65192.05811908  4422.95187789  7069.42072705
  4704.67299248  6847.4246812   6450.85079006  5760.61518304
  6818.26680066  5729.98689979  6476.25324001 57731.21185883
  6640.38345825  5587.29762193  6027.45174364  5477.98105654
  6865.52673133  5409.16181687  6211.35354673  6130.37793436
  6489.47941852  6473.91097966  4317.99948832  5637.64072182
  6252.74631755  5234.86054389  6364.46752703  6356.36031718
  5522.40553595 63915.8736663   4501.46337156  4963.51901014
  7176.82900779  5813.71682122  5514.03969812 71389.43093784
  4716.69258408  5871.87158236  6981.21257107 53748.51063596
 57588.82048271  7078.20722396  6625.42956303  6258.6202583
  4663.56583843  6021.53803356  5734.99553182  4908.26365053
  6761.34003151 57005.77886706  6771.51782397  5247.26891981
 60182.40803969  6348.50503989  5875.60946929  5647.27316049
  6730.35732859  5748.18463211  5219.48593765  5348.82750714
 70654.3149017   6504.68148373 62696.96359123  6090.08909732
  6444.50673395  5863.48670414  5486.68396148  5829.09621624
 64093.1808756   6464.45715216  6207.81420797 67406.68787733
  4598.57838202  5670.47190251  5583.05614289  5398.66358548
  6522.94135318  5504.92887819  5360.6492747   7363.13584657
  7486.03649758  5958.12078035 55930.22813373  4552.269688
  6407.40858582  5422.34372557  7166.41758731  6303.86644582
  7138.17506464  6236.23677     6622.83828489  7270.65057263
 57791.86268703  5158.31292716  5629.00433602  6144.70596306
  5861.28657388  5178.55122581  7882.6784926   6687.34023623
  5925.42035626 55963.74682053  6176.47619004  6261.40392756
  5156.7404187  58866.74929397 60646.73587959 57077.03816853
  5443.14041841  6767.77820101  7017.58486787 59985.65639965
  6091.44717408  4362.50533969  5194.98865662  5450.93936457
  7196.31826366  6904.10634677  5393.28193145  5933.79226411
  6333.64738447  7063.73899639  6211.31741309  5811.95288363
  7066.04519845  6550.96122256  6262.52662243  5610.10465331
  5719.12141442  5678.18144065  6792.4414838   6101.042651
  7424.24397621  6300.91955917 73975.628666    3686.86648619
  7169.87490334 67480.70249743  5451.64774448  7025.6389534
  6002.3192246  52744.33527031  6333.1906492   4775.65901186
  5516.97924559  5223.44722179  7041.5597052   6173.90340329
  5582.41482621  6387.109165    7712.73477784  5933.11629263
 56983.35513181  6764.4900246   5723.89800799  6705.15567536
 61453.75422338  4877.85199801  7279.68461941 56966.71125848
  6602.11514966  5491.21552072 74831.02757364 57757.57944133
  7048.42996149  6908.35530798  6360.63101064  6084.23403118
  5348.75971036  6605.49107407  5911.08244405  6168.94732096
  6329.1849428  56231.63163524  5797.34774815  5661.05304665
  6622.18209256  4800.45150931  6275.52016923  6147.52886364
  4781.23440666 69584.07864239  4648.71181149  9011.55092059
  5619.31613277  5202.6777602  64818.16949027 62138.12342085
  5322.52103615  5645.02190022  4479.72742341  8430.0037072
  6097.95595197  7656.59082421  4971.98172678  6416.83545961
  4631.65008946 64646.30097279 55992.58528439  5530.84388882
  6578.55769066  6199.45162779  5347.21006781  4931.98268457
  6825.17191881  6692.10233796  5811.84934051  4927.47181568
  6378.95619624  5149.93277458 66604.45564027  6415.14207662
 68876.87077962 61136.27407464  5710.26553476  7421.02500402
  4563.60237237  6471.17338595  6105.02119257  6038.13156023
  6615.63044405  4762.53020513  6164.34533993  5861.44275338
  6461.83256392 59438.6113843   6999.73429016  4915.99633582
  6395.53070021  6169.22757175  6887.97308527 64232.39611789
  7831.62091251 49741.64053893  4697.65473198 64206.57175291
  6012.35471194  7980.21953428 58058.46631402  5643.12686269
 76213.99456868  4328.73031709  6881.09532138  7453.45363848
  5678.11385809  7299.36014999 61833.74583786 56851.20433617
 51964.94150026  4749.56674587  6997.81762701  5488.25390067
  6018.83119213 74034.72553718  5746.9936133   5100.87803844
  7097.3678502   5564.43610085  6503.06909685  7019.83799716
  5404.15361148  7654.98658405  5223.42521058  6391.6164698
  5976.49239334  5436.37347086  7538.67145495  5390.49259696
  5970.56062359  6367.53310976  6018.83027941 66033.20993953
  4652.76526509  6018.31202538  7254.84961048  5038.33426076
  6923.68103899  5334.45136865  6242.2493656   5516.56180447
  7300.96773274 57478.91195754  6349.89020563  6510.05261943
  6923.52129352  6661.4044468   4533.90264716  6194.08992591
  5575.90702118  6603.75837556 65867.21184551  5957.38102554
  6242.49678118  4790.04005924 52161.64675825  5769.61173555
  5464.38218533  6334.68326032  8051.02096765  4661.03978835
  5679.18150229 78482.70137173 65295.21487134  6515.61784749
  4725.65825331  8675.62491429  5608.70259116  7085.53274606
  5853.31552711  5763.6747413   5380.6940951   6465.28613231
  6420.50294184  7373.45483104 64878.75182175 66124.33906658
  7221.64527106  6768.16673358  7626.52804829 70090.84587472
  5614.08750458  5208.53211395  8474.21102945  5885.41147342
  6899.30154549  5151.05692355  7273.45399159  4785.93791592
 66098.498627   64308.15843719  5928.84484653  6323.72445224
  6362.71543488  6355.54874033  5998.44162359  5699.22447936
  6359.69866339  6360.35273629  6308.92191476  6128.52354027
  6806.38586631  6612.77887821  5471.79669053  5057.86430425
  5303.40866033  6369.35710904  4604.11097692  5592.27594588
  6482.03273404  6459.81705765  4854.99597728  7278.50375746
  5024.49883722  6197.83694108  5209.46829917  5540.6469082
  7522.7058514   5805.2204071   6468.19581257  5782.46455314
  5692.33250491 72477.41115467 51600.06891208  8856.52166366
 62943.69318919  5752.15755694  6434.41781206  6175.45290944
  5454.62450261 66271.70139824  5796.18657665  5358.69525856
  8359.56566151  6360.01816964 51436.40368253  5348.09413797
  5474.96559347 69503.47674335  5128.33258009  6745.74691071
  6034.9807265   6557.05472839  6358.90583962 52248.4614654
  5467.35029669  5670.22454833  5901.50128919  6211.05044057
  6419.6837719  57295.7180111   6059.99133844  6167.11529196
 66304.30813631 66638.94487489  6477.28794424 64997.18334172
  5061.97648848  5718.96331458  7266.34446446  4885.84976324
  5609.05794961  5967.54222057  6838.951804    6767.75309854
  5341.33189646 68702.1067681   6136.13301701  7531.34189992
  5771.75567899  6450.78745202  7515.36460564  5578.52643622
  5966.11805694  6567.93556199  6055.758       5858.40265394
  5560.77844108  5323.65156574  5514.50148703  6111.62386056
  5710.73425763  6664.45013326  6872.66858031  7142.67696039
  6258.42906788 58905.44525643  5187.339974    7711.43811044
  5909.46572739  6164.18866056  5669.92212196 67986.63025219
  5200.24001547  5644.17726963  7102.82664257  6278.31092704
  5018.89011866  4533.60526563  5346.14468065  4620.71872829
  8291.18717421  4266.0339798   6146.59923246  6405.60007717
  6541.02315119 53744.82514093  5864.44067177 62094.83540211
 46544.69246588  6506.58119561  6513.09612723  7371.77330748
  4274.39219832  5812.37361055  6102.91272103  7330.97246074
  5612.03197893 48804.79188279  3661.3531037   6572.93458682
 62585.26270059  5597.99082873 58549.58618634  5737.26019309
 44498.49701452 26710.11728903  2436.89836843  6437.11472851
  7067.45995109  6229.9391521   7076.14268029  5488.82951338
  6016.26989173 54022.66049321  6007.4309339   6018.56254241
  5780.09617056  6067.16216127  5511.39281878  5942.52162396
  6958.84720921  6036.33310955  6101.41603375  7668.43229391
  6737.86458724  6201.01480059  5454.493183   49191.23289923
 54760.2065735   5638.24929873 61235.41406109 53379.09994062
  6090.7712035   6219.13954262  5453.58385823 79704.50675539
 52531.72283607 67821.90029971  5182.33097695 68251.06828595
 48526.45206025  5263.36786983  5206.60962733 62058.57697816
 50635.973715    7054.73486875  6434.25094218  6768.62213038
 61377.64716986  6623.11907275  6650.78234275  6048.18081994
  6459.48472417  5255.53414244  6336.07152761  5712.8354574
 68366.93949887  6842.52107243  5849.27743201  5486.07822697
 73459.86911773  6067.86756842  6316.3333092   5335.03755213
  6777.97748822  6888.23236147  6829.60307726  6009.37798512
  5089.06513364  6957.68548656  6735.35360518  7319.01988886
 66958.89814405  5055.57269164  5475.33888718  5871.20140117
  7205.97997593  6587.82945276  5431.02408363  3872.55948362
 83426.39064094  5049.89165556  6313.32132379  7147.40739313
  6281.08256948 67073.2617105   6718.50368607  7853.21643755
  5408.81938451  5961.24928774  7543.9909818  64517.50046972
  7255.86400585  7711.8558246   6986.37585977  7111.40055011
  6688.13578273  4406.68412387  6366.24421357 53413.44332333
  5240.49949138  5556.721681    6427.72065557  6614.68026129
  6852.86951835  4739.52961736 52670.16539111  6116.14212862
  6355.36668485  5465.98099482  5792.2486926  64990.92604669
  5994.44445172  3990.10264563  5333.27744334  6950.00297577
  4756.3050704  65656.20730969  5326.2478625   6131.154278
  5891.08429632  7135.81404557  6309.44781531  6037.7622878
  6073.72701386  6051.68538535  6199.53774946  6014.97592548
  6474.33142109  6600.67237045 56438.62693176  6937.08201409
  5602.36272726 77975.12645521  4339.96904506  9033.06777606
  6677.82967524 69897.44041875  6575.8007806   6214.41840904
  6888.69290131 44517.86540616  6004.24458225  5671.89876059
  7536.81231556  6205.60616601  6347.56890759  5764.9516347
  5049.54580346  6554.04031211  7001.58081658 61988.91059094
  6574.39609647  5396.11985525  7247.6111163   5662.30904433
  6348.50720356  5984.31857841  6237.42258857  5260.89370849
  6422.36188613  6499.52067089  6592.81506165  5508.47589306
  7128.63901863 44601.5291943   7603.98968401  7138.11837187
  6585.38046401  6596.20835365 56421.43414045  5538.40468649
  6159.76490891  6596.61747978  6077.59043593 49534.62578375
 62172.40110078  5395.51217456 50791.99673851  5737.62055884
  5756.80080629 53869.04043454  5222.98793473  6762.72306905
  6242.59444598  5793.67834264  6126.77150755  6209.28570253
  6803.27998184  6448.25925102  6867.2019113   5922.59669055
  6047.46050561  5902.61894044  5773.43881077  6601.11073588
  6205.51941981  7165.52589596  6562.00851932  5248.22429406
  5969.10210566  6999.65362447  6646.3273887   5636.17857057
 79100.02352639  4484.90288342  4944.95058149 43202.15090913
  5794.80258143 52786.39427646  7160.46914491  5436.61839379
  6366.53501618  5976.14390765  6504.80858371  5727.01171504
  6109.23617367  5377.0887071   5765.30604669 72058.83685306
  6061.55808443  5487.97385497]"
99,[-0.98744607 -0.64602417],5,-0.9640276,-0.11569941,-6.023880054786954,57,"[5.68053694e-27 5.84010112e-19 1.97601352e-12 2.25193190e-07
 9.11406258e-04 1.61197333e-01 3.33568152e+00 3.20101090e+01
 1.66626845e+02 4.70726958e+02 7.98681742e+02 8.02191062e+02
 4.91961627e+02 2.50160615e+02 1.86517712e+02 1.51091977e+02
 8.45884467e+01 3.22142386e+01 9.37347990e+00 1.79960857e+00
 1.05230145e-01 4.68182010e-04]","[83547.96886933 39938.44376778 65923.18095353  6163.83542811
  5889.23172277  7597.16121379  5458.97519996  6260.41852912
  5889.43903787 60124.54262232 58707.18786805  5851.43124533
  6672.55804452  5899.10351205 54901.18107663  3644.02490659
 46254.96031654 19807.2909378   2326.02524704  5792.77152185
  5536.91404979  4654.00774886 67877.14051554  4136.45819079
 50771.22458257 14525.05551296  4539.41232926  5611.64923112
 61710.14521746  5713.59164764  6604.00346429  5830.8603772
  6564.76914371  6377.22090496  5261.8198347   6415.79012758
  6826.53181201 71882.37922307  5220.40878053  4181.49942301
  6950.7292965   4209.29943777  6043.26148879  6363.75416409
  6528.94947514  5421.49321377  6261.70483867  5271.17125533
  6332.14933623 58087.13920582  6123.14023328  6213.84116313
  5735.30728358  6108.2260058   6104.30179036  5702.85663063
  5188.08767313  7075.37523684 50842.68861214  4397.65102915
  6367.9726269   5206.98232144  5174.84663118  6228.96789701
  5050.79170005 60536.4950898  52610.9322741   5909.39309048
  6136.13349432 54368.42959847  5570.92941356  5611.58667665
  5665.99588761  5848.2613159  70508.76877362 56190.22131395
  6291.89627344  6033.13682373  6954.98415103  4960.59314019
 75418.2315406  51359.38950928  4930.31862205  6211.53141983
  7569.66145263  5905.22793962  5941.97319294  5713.54773683
  8099.39716895  4559.26102379  6003.30309475  5399.67422301
  6425.04099574 59913.569667   55774.90426462  7056.23150718
 69129.28546558  6221.22003208  4698.64588263  8203.30996647
  6211.69854694  6275.47743517  5369.89904972  5140.17847673
  7392.423234    5648.44767615  6293.70391854  5888.87003538
  6792.11308756 67376.6673631  48727.71696867  5016.65873399
 62720.26088186  5245.71987567  6258.26304316  7140.7560424
  4612.92161541 65192.05811908  4422.95187789  7069.42072705
  4704.67299248  6847.4246812   6450.85079006  5760.61518304
  6818.26680066  5729.98689979  6476.25324001 57731.21185883
  6640.38345825  5587.29762193  6027.45174364  5477.98105654
  6865.52673133  5409.16181687  6211.35354673  6130.37793436
  6489.47941852  6473.91097966  4317.99948832  5637.64072182
  6252.74631755  5234.86054389  6364.46752703  6356.36031718
  5522.40553595 63915.8736663   4501.46337156  4963.51901014
  7176.82900779  5813.71682122  5514.03969812 71389.43093784
  4716.69258408  5871.87158236  6981.21257107 53748.51063596
 57588.82048271  7078.20722396  6625.42956303  6258.6202583
  4663.56583843  6021.53803356  5734.99553182  4908.26365053
  6761.34003151 57005.77886706  6771.51782397  5247.26891981
 60182.40803969  6348.50503989  5875.60946929  5647.27316049
  6730.35732859  5748.18463211  5219.48593765  5348.82750714
 70654.3149017   6504.68148373 62696.96359123  6090.08909732
  6444.50673395  5863.48670414  5486.68396148  5829.09621624
 64093.1808756   6464.45715216  6207.81420797 67406.68787733
  4598.57838202  5670.47190251  5583.05614289  5398.66358548
  6522.94135318  5504.92887819  5360.6492747   7363.13584657
  7486.03649758  5958.12078035 55930.22813373  4552.269688
  6407.40858582  5422.34372557  7166.41758731  6303.86644582
  7138.17506464  6236.23677     6622.83828489  7270.65057263
 57791.86268703  5158.31292716  5629.00433602  6144.70596306
  5861.28657388  5178.55122581  7882.6784926   6687.34023623
  5925.42035626 55963.74682053  6176.47619004  6261.40392756
  5156.7404187  58866.74929397 60646.73587959 57077.03816853
  5443.14041841  6767.77820101  7017.58486787 59985.65639965
  6091.44717408  4362.50533969  5194.98865662  5450.93936457
  7196.31826366  6904.10634677  5393.28193145  5933.79226411
  6333.64738447  7063.73899639  6211.31741309  5811.95288363
  7066.04519845  6550.96122256  6262.52662243  5610.10465331
  5719.12141442  5678.18144065  6792.4414838   6101.042651
  7424.24397621  6300.91955917 73975.628666    3686.86648619
  7169.87490334 67480.70249743  5451.64774448  7025.6389534
  6002.3192246  52744.33527031  6333.1906492   4775.65901186
  5516.97924559  5223.44722179  7041.5597052   6173.90340329
  5582.41482621  6387.109165    7712.73477784  5933.11629263
 56983.35513181  6764.4900246   5723.89800799  6705.15567536
 61453.75422338  4877.85199801  7279.68461941 56966.71125848
  6602.11514966  5491.21552072 74831.02757364 57757.57944133
  7048.42996149  6908.35530798  6360.63101064  6084.23403118
  5348.75971036  6605.49107407  5911.08244405  6168.94732096
  6329.1849428  56231.63163524  5797.34774815  5661.05304665
  6622.18209256  4800.45150931  6275.52016923  6147.52886364
  4781.23440666 69584.07864239  4648.71181149  9011.55092059
  5619.31613277  5202.6777602  64818.16949027 62138.12342085
  5322.52103615  5645.02190022  4479.72742341  8430.0037072
  6097.95595197  7656.59082421  4971.98172678  6416.83545961
  4631.65008946 64646.30097279 55992.58528439  5530.84388882
  6578.55769066  6199.45162779  5347.21006781  4931.98268457
  6825.17191881  6692.10233796  5811.84934051  4927.47181568
  6378.95619624  5149.93277458 66604.45564027  6415.14207662
 68876.87077962 61136.27407464  5710.26553476  7421.02500402
  4563.60237237  6471.17338595  6105.02119257  6038.13156023
  6615.63044405  4762.53020513  6164.34533993  5861.44275338
  6461.83256392 59438.6113843   6999.73429016  4915.99633582
  6395.53070021  6169.22757175  6887.97308527 64232.39611789
  7831.62091251 49741.64053893  4697.65473198 64206.57175291
  6012.35471194  7980.21953428 58058.46631402  5643.12686269
 76213.99456868  4328.73031709  6881.09532138  7453.45363848
  5678.11385809  7299.36014999 61833.74583786 56851.20433617
 51964.94150026  4749.56674587  6997.81762701  5488.25390067
  6018.83119213 74034.72553718  5746.9936133   5100.87803844
  7097.3678502   5564.43610085  6503.06909685  7019.83799716
  5404.15361148  7654.98658405  5223.42521058  6391.6164698
  5976.49239334  5436.37347086  7538.67145495  5390.49259696
  5970.56062359  6367.53310976  6018.83027941 66033.20993953
  4652.76526509  6018.31202538  7254.84961048  5038.33426076
  6923.68103899  5334.45136865  6242.2493656   5516.56180447
  7300.96773274 57478.91195754  6349.89020563  6510.05261943
  6923.52129352  6661.4044468   4533.90264716  6194.08992591
  5575.90702118  6603.75837556 65867.21184551  5957.38102554
  6242.49678118  4790.04005924 52161.64675825  5769.61173555
  5464.38218533  6334.68326032  8051.02096765  4661.03978835
  5679.18150229 78482.70137173 65295.21487134  6515.61784749
  4725.65825331  8675.62491429  5608.70259116  7085.53274606
  5853.31552711  5763.6747413   5380.6940951   6465.28613231
  6420.50294184  7373.45483104 64878.75182175 66124.33906658
  7221.64527106  6768.16673358  7626.52804829 70090.84587472
  5614.08750458  5208.53211395  8474.21102945  5885.41147342
  6899.30154549  5151.05692355  7273.45399159  4785.93791592
 66098.498627   64308.15843719  5928.84484653  6323.72445224
  6362.71543488  6355.54874033  5998.44162359  5699.22447936
  6359.69866339  6360.35273629  6308.92191476  6128.52354027
  6806.38586631  6612.77887821  5471.79669053  5057.86430425
  5303.40866033  6369.35710904  4604.11097692  5592.27594588
  6482.03273404  6459.81705765  4854.99597728  7278.50375746
  5024.49883722  6197.83694108  5209.46829917  5540.6469082
  7522.7058514   5805.2204071   6468.19581257  5782.46455314
  5692.33250491 72477.41115467 51600.06891208  8856.52166366
 62943.69318919  5752.15755694  6434.41781206  6175.45290944
  5454.62450261 66271.70139824  5796.18657665  5358.69525856
  8359.56566151  6360.01816964 51436.40368253  5348.09413797
  5474.96559347 69503.47674335  5128.33258009  6745.74691071
  6034.9807265   6557.05472839  6358.90583962 52248.4614654
  5467.35029669  5670.22454833  5901.50128919  6211.05044057
  6419.6837719  57295.7180111   6059.99133844  6167.11529196
 66304.30813631 66638.94487489  6477.28794424 64997.18334172
  5061.97648848  5718.96331458  7266.34446446  4885.84976324
  5609.05794961  5967.54222057  6838.951804    6767.75309854
  5341.33189646 68702.1067681   6136.13301701  7531.34189992
  5771.75567899  6450.78745202  7515.36460564  5578.52643622
  5966.11805694  6567.93556199  6055.758       5858.40265394
  5560.77844108  5323.65156574  5514.50148703  6111.62386056
  5710.73425763  6664.45013326  6872.66858031  7142.67696039
  6258.42906788 58905.44525643  5187.339974    7711.43811044
  5909.46572739  6164.18866056  5669.92212196 67986.63025219
  5200.24001547  5644.17726963  7102.82664257  6278.31092704
  5018.89011866  4533.60526563  5346.14468065  4620.71872829
  8291.18717421  4266.0339798   6146.59923246  6405.60007717
  6541.02315119 53744.82514093  5864.44067177 62094.83540211
 46544.69246588  6506.58119561  6513.09612723  7371.77330748
  4274.39219832  5812.37361055  6102.91272103  7330.97246074
  5612.03197893 48804.79188279  3661.3531037   6572.93458682
 62585.26270059  5597.99082873 58549.58618634  5737.26019309
 44498.49701452 26710.11728903  2436.89836843  6437.11472851
  7067.45995109  6229.9391521   7076.14268029  5488.82951338
  6016.26989173 54022.66049321  6007.4309339   6018.56254241
  5780.09617056  6067.16216127  5511.39281878  5942.52162396
  6958.84720921  6036.33310955  6101.41603375  7668.43229391
  6737.86458724  6201.01480059  5454.493183   49191.23289923
 54760.2065735   5638.24929873 61235.41406109 53379.09994062
  6090.7712035   6219.13954262  5453.58385823 79704.50675539
 52531.72283607 67821.90029971  5182.33097695 68251.06828595
 48526.45206025  5263.36786983  5206.60962733 62058.57697816
 50635.973715    7054.73486875  6434.25094218  6768.62213038
 61377.64716986  6623.11907275  6650.78234275  6048.18081994
  6459.48472417  5255.53414244  6336.07152761  5712.8354574
 68366.93949887  6842.52107243  5849.27743201  5486.07822697
 73459.86911773  6067.86756842  6316.3333092   5335.03755213
  6777.97748822  6888.23236147  6829.60307726  6009.37798512
  5089.06513364  6957.68548656  6735.35360518  7319.01988886
 66958.89814405  5055.57269164  5475.33888718  5871.20140117
  7205.97997593  6587.82945276  5431.02408363  3872.55948362
 83426.39064094  5049.89165556  6313.32132379  7147.40739313
  6281.08256948 67073.2617105   6718.50368607  7853.21643755
  5408.81938451  5961.24928774  7543.9909818  64517.50046972
  7255.86400585  7711.8558246   6986.37585977  7111.40055011
  6688.13578273  4406.68412387  6366.24421357 53413.44332333
  5240.49949138  5556.721681    6427.72065557  6614.68026129
  6852.86951835  4739.52961736 52670.16539111  6116.14212862
  6355.36668485  5465.98099482  5792.2486926  64990.92604669
  5994.44445172  3990.10264563  5333.27744334  6950.00297577
  4756.3050704  65656.20730969  5326.2478625   6131.154278
  5891.08429632  7135.81404557  6309.44781531  6037.7622878
  6073.72701386  6051.68538535  6199.53774946  6014.97592548
  6474.33142109  6600.67237045 56438.62693176  6937.08201409
  5602.36272726 77975.12645521  4339.96904506  9033.06777606
  6677.82967524 69897.44041875  6575.8007806   6214.41840904
  6888.69290131 44517.86540616  6004.24458225  5671.89876059
  7536.81231556  6205.60616601  6347.56890759  5764.9516347
  5049.54580346  6554.04031211  7001.58081658 61988.91059094
  6574.39609647  5396.11985525  7247.6111163   5662.30904433
  6348.50720356  5984.31857841  6237.42258857  5260.89370849
  6422.36188613  6499.52067089  6592.81506165  5508.47589306
  7128.63901863 44601.5291943   7603.98968401  7138.11837187
  6585.38046401  6596.20835365 56421.43414045  5538.40468649
  6159.76490891  6596.61747978  6077.59043593 49534.62578375
 62172.40110078  5395.51217456 50791.99673851  5737.62055884
  5756.80080629 53869.04043454  5222.98793473  6762.72306905
  6242.59444598  5793.67834264  6126.77150755  6209.28570253
  6803.27998184  6448.25925102  6867.2019113   5922.59669055
  6047.46050561  5902.61894044  5773.43881077  6601.11073588
  6205.51941981  7165.52589596  6562.00851932  5248.22429406
  5969.10210566  6999.65362447  6646.3273887   5636.17857057
 79100.02352639  4484.90288342  4944.95058149 43202.15090913
  5794.80258143 52786.39427646  7160.46914491  5436.61839379
  6366.53501618  5976.14390765  6504.80858371  5727.01171504
  6109.23617367  5377.0887071   5765.30604669 72058.83685306
  6061.55808443  5487.97385497  6584.05683503  7102.11694723
  4927.34778935  5901.76503365  5982.19865119 68074.69368397
  5061.26895982  6450.63435616  6972.31047384  5408.90017476
  5650.25999399  5256.72841609  4895.95279336  6904.95890944]"
99,[-0.9901374  -0.69036514],5,-0.9640276,0.074012265,-5.35709248321725,58,"[3.97090201e-20 6.05107212e-14 5.71033590e-09 3.45257884e-05
 1.50311615e-02 7.58399836e-01 1.04067253e+01 6.18205818e+01
 2.11754400e+02 4.44848069e+02 6.04642116e+02 5.23189882e+02
 3.12485077e+02 1.54081007e+02 8.51039060e+01 5.47265595e+01
 2.83642305e+01 1.06172922e+01 3.06034374e+00 6.27381913e-01
 3.80174943e-02 2.53107453e-04]","[83547.96886933 39938.44376778 65923.18095353  6163.83542811
  5889.23172277  7597.16121379  5458.97519996  6260.41852912
  5889.43903787 60124.54262232 58707.18786805  5851.43124533
  6672.55804452  5899.10351205 54901.18107663  3644.02490659
 46254.96031654 19807.2909378   2326.02524704  5792.77152185
  5536.91404979  4654.00774886 67877.14051554  4136.45819079
 50771.22458257 14525.05551296  4539.41232926  5611.64923112
 61710.14521746  5713.59164764  6604.00346429  5830.8603772
  6564.76914371  6377.22090496  5261.8198347   6415.79012758
  6826.53181201 71882.37922307  5220.40878053  4181.49942301
  6950.7292965   4209.29943777  6043.26148879  6363.75416409
  6528.94947514  5421.49321377  6261.70483867  5271.17125533
  6332.14933623 58087.13920582  6123.14023328  6213.84116313
  5735.30728358  6108.2260058   6104.30179036  5702.85663063
  5188.08767313  7075.37523684 50842.68861214  4397.65102915
  6367.9726269   5206.98232144  5174.84663118  6228.96789701
  5050.79170005 60536.4950898  52610.9322741   5909.39309048
  6136.13349432 54368.42959847  5570.92941356  5611.58667665
  5665.99588761  5848.2613159  70508.76877362 56190.22131395
  6291.89627344  6033.13682373  6954.98415103  4960.59314019
 75418.2315406  51359.38950928  4930.31862205  6211.53141983
  7569.66145263  5905.22793962  5941.97319294  5713.54773683
  8099.39716895  4559.26102379  6003.30309475  5399.67422301
  6425.04099574 59913.569667   55774.90426462  7056.23150718
 69129.28546558  6221.22003208  4698.64588263  8203.30996647
  6211.69854694  6275.47743517  5369.89904972  5140.17847673
  7392.423234    5648.44767615  6293.70391854  5888.87003538
  6792.11308756 67376.6673631  48727.71696867  5016.65873399
 62720.26088186  5245.71987567  6258.26304316  7140.7560424
  4612.92161541 65192.05811908  4422.95187789  7069.42072705
  4704.67299248  6847.4246812   6450.85079006  5760.61518304
  6818.26680066  5729.98689979  6476.25324001 57731.21185883
  6640.38345825  5587.29762193  6027.45174364  5477.98105654
  6865.52673133  5409.16181687  6211.35354673  6130.37793436
  6489.47941852  6473.91097966  4317.99948832  5637.64072182
  6252.74631755  5234.86054389  6364.46752703  6356.36031718
  5522.40553595 63915.8736663   4501.46337156  4963.51901014
  7176.82900779  5813.71682122  5514.03969812 71389.43093784
  4716.69258408  5871.87158236  6981.21257107 53748.51063596
 57588.82048271  7078.20722396  6625.42956303  6258.6202583
  4663.56583843  6021.53803356  5734.99553182  4908.26365053
  6761.34003151 57005.77886706  6771.51782397  5247.26891981
 60182.40803969  6348.50503989  5875.60946929  5647.27316049
  6730.35732859  5748.18463211  5219.48593765  5348.82750714
 70654.3149017   6504.68148373 62696.96359123  6090.08909732
  6444.50673395  5863.48670414  5486.68396148  5829.09621624
 64093.1808756   6464.45715216  6207.81420797 67406.68787733
  4598.57838202  5670.47190251  5583.05614289  5398.66358548
  6522.94135318  5504.92887819  5360.6492747   7363.13584657
  7486.03649758  5958.12078035 55930.22813373  4552.269688
  6407.40858582  5422.34372557  7166.41758731  6303.86644582
  7138.17506464  6236.23677     6622.83828489  7270.65057263
 57791.86268703  5158.31292716  5629.00433602  6144.70596306
  5861.28657388  5178.55122581  7882.6784926   6687.34023623
  5925.42035626 55963.74682053  6176.47619004  6261.40392756
  5156.7404187  58866.74929397 60646.73587959 57077.03816853
  5443.14041841  6767.77820101  7017.58486787 59985.65639965
  6091.44717408  4362.50533969  5194.98865662  5450.93936457
  7196.31826366  6904.10634677  5393.28193145  5933.79226411
  6333.64738447  7063.73899639  6211.31741309  5811.95288363
  7066.04519845  6550.96122256  6262.52662243  5610.10465331
  5719.12141442  5678.18144065  6792.4414838   6101.042651
  7424.24397621  6300.91955917 73975.628666    3686.86648619
  7169.87490334 67480.70249743  5451.64774448  7025.6389534
  6002.3192246  52744.33527031  6333.1906492   4775.65901186
  5516.97924559  5223.44722179  7041.5597052   6173.90340329
  5582.41482621  6387.109165    7712.73477784  5933.11629263
 56983.35513181  6764.4900246   5723.89800799  6705.15567536
 61453.75422338  4877.85199801  7279.68461941 56966.71125848
  6602.11514966  5491.21552072 74831.02757364 57757.57944133
  7048.42996149  6908.35530798  6360.63101064  6084.23403118
  5348.75971036  6605.49107407  5911.08244405  6168.94732096
  6329.1849428  56231.63163524  5797.34774815  5661.05304665
  6622.18209256  4800.45150931  6275.52016923  6147.52886364
  4781.23440666 69584.07864239  4648.71181149  9011.55092059
  5619.31613277  5202.6777602  64818.16949027 62138.12342085
  5322.52103615  5645.02190022  4479.72742341  8430.0037072
  6097.95595197  7656.59082421  4971.98172678  6416.83545961
  4631.65008946 64646.30097279 55992.58528439  5530.84388882
  6578.55769066  6199.45162779  5347.21006781  4931.98268457
  6825.17191881  6692.10233796  5811.84934051  4927.47181568
  6378.95619624  5149.93277458 66604.45564027  6415.14207662
 68876.87077962 61136.27407464  5710.26553476  7421.02500402
  4563.60237237  6471.17338595  6105.02119257  6038.13156023
  6615.63044405  4762.53020513  6164.34533993  5861.44275338
  6461.83256392 59438.6113843   6999.73429016  4915.99633582
  6395.53070021  6169.22757175  6887.97308527 64232.39611789
  7831.62091251 49741.64053893  4697.65473198 64206.57175291
  6012.35471194  7980.21953428 58058.46631402  5643.12686269
 76213.99456868  4328.73031709  6881.09532138  7453.45363848
  5678.11385809  7299.36014999 61833.74583786 56851.20433617
 51964.94150026  4749.56674587  6997.81762701  5488.25390067
  6018.83119213 74034.72553718  5746.9936133   5100.87803844
  7097.3678502   5564.43610085  6503.06909685  7019.83799716
  5404.15361148  7654.98658405  5223.42521058  6391.6164698
  5976.49239334  5436.37347086  7538.67145495  5390.49259696
  5970.56062359  6367.53310976  6018.83027941 66033.20993953
  4652.76526509  6018.31202538  7254.84961048  5038.33426076
  6923.68103899  5334.45136865  6242.2493656   5516.56180447
  7300.96773274 57478.91195754  6349.89020563  6510.05261943
  6923.52129352  6661.4044468   4533.90264716  6194.08992591
  5575.90702118  6603.75837556 65867.21184551  5957.38102554
  6242.49678118  4790.04005924 52161.64675825  5769.61173555
  5464.38218533  6334.68326032  8051.02096765  4661.03978835
  5679.18150229 78482.70137173 65295.21487134  6515.61784749
  4725.65825331  8675.62491429  5608.70259116  7085.53274606
  5853.31552711  5763.6747413   5380.6940951   6465.28613231
  6420.50294184  7373.45483104 64878.75182175 66124.33906658
  7221.64527106  6768.16673358  7626.52804829 70090.84587472
  5614.08750458  5208.53211395  8474.21102945  5885.41147342
  6899.30154549  5151.05692355  7273.45399159  4785.93791592
 66098.498627   64308.15843719  5928.84484653  6323.72445224
  6362.71543488  6355.54874033  5998.44162359  5699.22447936
  6359.69866339  6360.35273629  6308.92191476  6128.52354027
  6806.38586631  6612.77887821  5471.79669053  5057.86430425
  5303.40866033  6369.35710904  4604.11097692  5592.27594588
  6482.03273404  6459.81705765  4854.99597728  7278.50375746
  5024.49883722  6197.83694108  5209.46829917  5540.6469082
  7522.7058514   5805.2204071   6468.19581257  5782.46455314
  5692.33250491 72477.41115467 51600.06891208  8856.52166366
 62943.69318919  5752.15755694  6434.41781206  6175.45290944
  5454.62450261 66271.70139824  5796.18657665  5358.69525856
  8359.56566151  6360.01816964 51436.40368253  5348.09413797
  5474.96559347 69503.47674335  5128.33258009  6745.74691071
  6034.9807265   6557.05472839  6358.90583962 52248.4614654
  5467.35029669  5670.22454833  5901.50128919  6211.05044057
  6419.6837719  57295.7180111   6059.99133844  6167.11529196
 66304.30813631 66638.94487489  6477.28794424 64997.18334172
  5061.97648848  5718.96331458  7266.34446446  4885.84976324
  5609.05794961  5967.54222057  6838.951804    6767.75309854
  5341.33189646 68702.1067681   6136.13301701  7531.34189992
  5771.75567899  6450.78745202  7515.36460564  5578.52643622
  5966.11805694  6567.93556199  6055.758       5858.40265394
  5560.77844108  5323.65156574  5514.50148703  6111.62386056
  5710.73425763  6664.45013326  6872.66858031  7142.67696039
  6258.42906788 58905.44525643  5187.339974    7711.43811044
  5909.46572739  6164.18866056  5669.92212196 67986.63025219
  5200.24001547  5644.17726963  7102.82664257  6278.31092704
  5018.89011866  4533.60526563  5346.14468065  4620.71872829
  8291.18717421  4266.0339798   6146.59923246  6405.60007717
  6541.02315119 53744.82514093  5864.44067177 62094.83540211
 46544.69246588  6506.58119561  6513.09612723  7371.77330748
  4274.39219832  5812.37361055  6102.91272103  7330.97246074
  5612.03197893 48804.79188279  3661.3531037   6572.93458682
 62585.26270059  5597.99082873 58549.58618634  5737.26019309
 44498.49701452 26710.11728903  2436.89836843  6437.11472851
  7067.45995109  6229.9391521   7076.14268029  5488.82951338
  6016.26989173 54022.66049321  6007.4309339   6018.56254241
  5780.09617056  6067.16216127  5511.39281878  5942.52162396
  6958.84720921  6036.33310955  6101.41603375  7668.43229391
  6737.86458724  6201.01480059  5454.493183   49191.23289923
 54760.2065735   5638.24929873 61235.41406109 53379.09994062
  6090.7712035   6219.13954262  5453.58385823 79704.50675539
 52531.72283607 67821.90029971  5182.33097695 68251.06828595
 48526.45206025  5263.36786983  5206.60962733 62058.57697816
 50635.973715    7054.73486875  6434.25094218  6768.62213038
 61377.64716986  6623.11907275  6650.78234275  6048.18081994
  6459.48472417  5255.53414244  6336.07152761  5712.8354574
 68366.93949887  6842.52107243  5849.27743201  5486.07822697
 73459.86911773  6067.86756842  6316.3333092   5335.03755213
  6777.97748822  6888.23236147  6829.60307726  6009.37798512
  5089.06513364  6957.68548656  6735.35360518  7319.01988886
 66958.89814405  5055.57269164  5475.33888718  5871.20140117
  7205.97997593  6587.82945276  5431.02408363  3872.55948362
 83426.39064094  5049.89165556  6313.32132379  7147.40739313
  6281.08256948 67073.2617105   6718.50368607  7853.21643755
  5408.81938451  5961.24928774  7543.9909818  64517.50046972
  7255.86400585  7711.8558246   6986.37585977  7111.40055011
  6688.13578273  4406.68412387  6366.24421357 53413.44332333
  5240.49949138  5556.721681    6427.72065557  6614.68026129
  6852.86951835  4739.52961736 52670.16539111  6116.14212862
  6355.36668485  5465.98099482  5792.2486926  64990.92604669
  5994.44445172  3990.10264563  5333.27744334  6950.00297577
  4756.3050704  65656.20730969  5326.2478625   6131.154278
  5891.08429632  7135.81404557  6309.44781531  6037.7622878
  6073.72701386  6051.68538535  6199.53774946  6014.97592548
  6474.33142109  6600.67237045 56438.62693176  6937.08201409
  5602.36272726 77975.12645521  4339.96904506  9033.06777606
  6677.82967524 69897.44041875  6575.8007806   6214.41840904
  6888.69290131 44517.86540616  6004.24458225  5671.89876059
  7536.81231556  6205.60616601  6347.56890759  5764.9516347
  5049.54580346  6554.04031211  7001.58081658 61988.91059094
  6574.39609647  5396.11985525  7247.6111163   5662.30904433
  6348.50720356  5984.31857841  6237.42258857  5260.89370849
  6422.36188613  6499.52067089  6592.81506165  5508.47589306
  7128.63901863 44601.5291943   7603.98968401  7138.11837187
  6585.38046401  6596.20835365 56421.43414045  5538.40468649
  6159.76490891  6596.61747978  6077.59043593 49534.62578375
 62172.40110078  5395.51217456 50791.99673851  5737.62055884
  5756.80080629 53869.04043454  5222.98793473  6762.72306905
  6242.59444598  5793.67834264  6126.77150755  6209.28570253
  6803.27998184  6448.25925102  6867.2019113   5922.59669055
  6047.46050561  5902.61894044  5773.43881077  6601.11073588
  6205.51941981  7165.52589596  6562.00851932  5248.22429406
  5969.10210566  6999.65362447  6646.3273887   5636.17857057
 79100.02352639  4484.90288342  4944.95058149 43202.15090913
  5794.80258143 52786.39427646  7160.46914491  5436.61839379
  6366.53501618  5976.14390765  6504.80858371  5727.01171504
  6109.23617367  5377.0887071   5765.30604669 72058.83685306
  6061.55808443  5487.97385497  6584.05683503  7102.11694723
  4927.34778935  5901.76503365  5982.19865119 68074.69368397
  5061.26895982  6450.63435616  6972.31047384  5408.90017476
  5650.25999399  5256.72841609  4895.95279336  6904.95890944
  6024.18387012  6222.15483259  7676.89052219  6292.42105284
  6871.49991638  6540.69115375 57458.74832961  7751.92683802
  5749.62686463  6704.28080505  5593.28549238  6764.60867462
  6863.76478634  6899.70860756]"
99,[-0.98701143 -0.6618228 ],5,-0.9640276,-0.11569941,-8.20350496962128,59,"[9.65038593e-28 3.24428901e-19 2.61614601e-12 5.19092160e-07
 2.68483516e-03 4.50274650e-01 7.39115837e+00 5.60901218e+01
 2.45209487e+02 6.03155157e+02 8.69541718e+02 7.57674996e+02
 4.40814390e+02 2.43309301e+02 1.83822458e+02 1.28562110e+02
 6.14044677e+01 1.97183037e+01 4.12407970e+00 2.72130832e-01
 1.11894472e-03 1.38053572e-07]","[83547.96886933 39938.44376778 65923.18095353  6163.83542811
  5889.23172277  7597.16121379  5458.97519996  6260.41852912
  5889.43903787 60124.54262232 58707.18786805  5851.43124533
  6672.55804452  5899.10351205 54901.18107663  3644.02490659
 46254.96031654 19807.2909378   2326.02524704  5792.77152185
  5536.91404979  4654.00774886 67877.14051554  4136.45819079
 50771.22458257 14525.05551296  4539.41232926  5611.64923112
 61710.14521746  5713.59164764  6604.00346429  5830.8603772
  6564.76914371  6377.22090496  5261.8198347   6415.79012758
  6826.53181201 71882.37922307  5220.40878053  4181.49942301
  6950.7292965   4209.29943777  6043.26148879  6363.75416409
  6528.94947514  5421.49321377  6261.70483867  5271.17125533
  6332.14933623 58087.13920582  6123.14023328  6213.84116313
  5735.30728358  6108.2260058   6104.30179036  5702.85663063
  5188.08767313  7075.37523684 50842.68861214  4397.65102915
  6367.9726269   5206.98232144  5174.84663118  6228.96789701
  5050.79170005 60536.4950898  52610.9322741   5909.39309048
  6136.13349432 54368.42959847  5570.92941356  5611.58667665
  5665.99588761  5848.2613159  70508.76877362 56190.22131395
  6291.89627344  6033.13682373  6954.98415103  4960.59314019
 75418.2315406  51359.38950928  4930.31862205  6211.53141983
  7569.66145263  5905.22793962  5941.97319294  5713.54773683
  8099.39716895  4559.26102379  6003.30309475  5399.67422301
  6425.04099574 59913.569667   55774.90426462  7056.23150718
 69129.28546558  6221.22003208  4698.64588263  8203.30996647
  6211.69854694  6275.47743517  5369.89904972  5140.17847673
  7392.423234    5648.44767615  6293.70391854  5888.87003538
  6792.11308756 67376.6673631  48727.71696867  5016.65873399
 62720.26088186  5245.71987567  6258.26304316  7140.7560424
  4612.92161541 65192.05811908  4422.95187789  7069.42072705
  4704.67299248  6847.4246812   6450.85079006  5760.61518304
  6818.26680066  5729.98689979  6476.25324001 57731.21185883
  6640.38345825  5587.29762193  6027.45174364  5477.98105654
  6865.52673133  5409.16181687  6211.35354673  6130.37793436
  6489.47941852  6473.91097966  4317.99948832  5637.64072182
  6252.74631755  5234.86054389  6364.46752703  6356.36031718
  5522.40553595 63915.8736663   4501.46337156  4963.51901014
  7176.82900779  5813.71682122  5514.03969812 71389.43093784
  4716.69258408  5871.87158236  6981.21257107 53748.51063596
 57588.82048271  7078.20722396  6625.42956303  6258.6202583
  4663.56583843  6021.53803356  5734.99553182  4908.26365053
  6761.34003151 57005.77886706  6771.51782397  5247.26891981
 60182.40803969  6348.50503989  5875.60946929  5647.27316049
  6730.35732859  5748.18463211  5219.48593765  5348.82750714
 70654.3149017   6504.68148373 62696.96359123  6090.08909732
  6444.50673395  5863.48670414  5486.68396148  5829.09621624
 64093.1808756   6464.45715216  6207.81420797 67406.68787733
  4598.57838202  5670.47190251  5583.05614289  5398.66358548
  6522.94135318  5504.92887819  5360.6492747   7363.13584657
  7486.03649758  5958.12078035 55930.22813373  4552.269688
  6407.40858582  5422.34372557  7166.41758731  6303.86644582
  7138.17506464  6236.23677     6622.83828489  7270.65057263
 57791.86268703  5158.31292716  5629.00433602  6144.70596306
  5861.28657388  5178.55122581  7882.6784926   6687.34023623
  5925.42035626 55963.74682053  6176.47619004  6261.40392756
  5156.7404187  58866.74929397 60646.73587959 57077.03816853
  5443.14041841  6767.77820101  7017.58486787 59985.65639965
  6091.44717408  4362.50533969  5194.98865662  5450.93936457
  7196.31826366  6904.10634677  5393.28193145  5933.79226411
  6333.64738447  7063.73899639  6211.31741309  5811.95288363
  7066.04519845  6550.96122256  6262.52662243  5610.10465331
  5719.12141442  5678.18144065  6792.4414838   6101.042651
  7424.24397621  6300.91955917 73975.628666    3686.86648619
  7169.87490334 67480.70249743  5451.64774448  7025.6389534
  6002.3192246  52744.33527031  6333.1906492   4775.65901186
  5516.97924559  5223.44722179  7041.5597052   6173.90340329
  5582.41482621  6387.109165    7712.73477784  5933.11629263
 56983.35513181  6764.4900246   5723.89800799  6705.15567536
 61453.75422338  4877.85199801  7279.68461941 56966.71125848
  6602.11514966  5491.21552072 74831.02757364 57757.57944133
  7048.42996149  6908.35530798  6360.63101064  6084.23403118
  5348.75971036  6605.49107407  5911.08244405  6168.94732096
  6329.1849428  56231.63163524  5797.34774815  5661.05304665
  6622.18209256  4800.45150931  6275.52016923  6147.52886364
  4781.23440666 69584.07864239  4648.71181149  9011.55092059
  5619.31613277  5202.6777602  64818.16949027 62138.12342085
  5322.52103615  5645.02190022  4479.72742341  8430.0037072
  6097.95595197  7656.59082421  4971.98172678  6416.83545961
  4631.65008946 64646.30097279 55992.58528439  5530.84388882
  6578.55769066  6199.45162779  5347.21006781  4931.98268457
  6825.17191881  6692.10233796  5811.84934051  4927.47181568
  6378.95619624  5149.93277458 66604.45564027  6415.14207662
 68876.87077962 61136.27407464  5710.26553476  7421.02500402
  4563.60237237  6471.17338595  6105.02119257  6038.13156023
  6615.63044405  4762.53020513  6164.34533993  5861.44275338
  6461.83256392 59438.6113843   6999.73429016  4915.99633582
  6395.53070021  6169.22757175  6887.97308527 64232.39611789
  7831.62091251 49741.64053893  4697.65473198 64206.57175291
  6012.35471194  7980.21953428 58058.46631402  5643.12686269
 76213.99456868  4328.73031709  6881.09532138  7453.45363848
  5678.11385809  7299.36014999 61833.74583786 56851.20433617
 51964.94150026  4749.56674587  6997.81762701  5488.25390067
  6018.83119213 74034.72553718  5746.9936133   5100.87803844
  7097.3678502   5564.43610085  6503.06909685  7019.83799716
  5404.15361148  7654.98658405  5223.42521058  6391.6164698
  5976.49239334  5436.37347086  7538.67145495  5390.49259696
  5970.56062359  6367.53310976  6018.83027941 66033.20993953
  4652.76526509  6018.31202538  7254.84961048  5038.33426076
  6923.68103899  5334.45136865  6242.2493656   5516.56180447
  7300.96773274 57478.91195754  6349.89020563  6510.05261943
  6923.52129352  6661.4044468   4533.90264716  6194.08992591
  5575.90702118  6603.75837556 65867.21184551  5957.38102554
  6242.49678118  4790.04005924 52161.64675825  5769.61173555
  5464.38218533  6334.68326032  8051.02096765  4661.03978835
  5679.18150229 78482.70137173 65295.21487134  6515.61784749
  4725.65825331  8675.62491429  5608.70259116  7085.53274606
  5853.31552711  5763.6747413   5380.6940951   6465.28613231
  6420.50294184  7373.45483104 64878.75182175 66124.33906658
  7221.64527106  6768.16673358  7626.52804829 70090.84587472
  5614.08750458  5208.53211395  8474.21102945  5885.41147342
  6899.30154549  5151.05692355  7273.45399159  4785.93791592
 66098.498627   64308.15843719  5928.84484653  6323.72445224
  6362.71543488  6355.54874033  5998.44162359  5699.22447936
  6359.69866339  6360.35273629  6308.92191476  6128.52354027
  6806.38586631  6612.77887821  5471.79669053  5057.86430425
  5303.40866033  6369.35710904  4604.11097692  5592.27594588
  6482.03273404  6459.81705765  4854.99597728  7278.50375746
  5024.49883722  6197.83694108  5209.46829917  5540.6469082
  7522.7058514   5805.2204071   6468.19581257  5782.46455314
  5692.33250491 72477.41115467 51600.06891208  8856.52166366
 62943.69318919  5752.15755694  6434.41781206  6175.45290944
  5454.62450261 66271.70139824  5796.18657665  5358.69525856
  8359.56566151  6360.01816964 51436.40368253  5348.09413797
  5474.96559347 69503.47674335  5128.33258009  6745.74691071
  6034.9807265   6557.05472839  6358.90583962 52248.4614654
  5467.35029669  5670.22454833  5901.50128919  6211.05044057
  6419.6837719  57295.7180111   6059.99133844  6167.11529196
 66304.30813631 66638.94487489  6477.28794424 64997.18334172
  5061.97648848  5718.96331458  7266.34446446  4885.84976324
  5609.05794961  5967.54222057  6838.951804    6767.75309854
  5341.33189646 68702.1067681   6136.13301701  7531.34189992
  5771.75567899  6450.78745202  7515.36460564  5578.52643622
  5966.11805694  6567.93556199  6055.758       5858.40265394
  5560.77844108  5323.65156574  5514.50148703  6111.62386056
  5710.73425763  6664.45013326  6872.66858031  7142.67696039
  6258.42906788 58905.44525643  5187.339974    7711.43811044
  5909.46572739  6164.18866056  5669.92212196 67986.63025219
  5200.24001547  5644.17726963  7102.82664257  6278.31092704
  5018.89011866  4533.60526563  5346.14468065  4620.71872829
  8291.18717421  4266.0339798   6146.59923246  6405.60007717
  6541.02315119 53744.82514093  5864.44067177 62094.83540211
 46544.69246588  6506.58119561  6513.09612723  7371.77330748
  4274.39219832  5812.37361055  6102.91272103  7330.97246074
  5612.03197893 48804.79188279  3661.3531037   6572.93458682
 62585.26270059  5597.99082873 58549.58618634  5737.26019309
 44498.49701452 26710.11728903  2436.89836843  6437.11472851
  7067.45995109  6229.9391521   7076.14268029  5488.82951338
  6016.26989173 54022.66049321  6007.4309339   6018.56254241
  5780.09617056  6067.16216127  5511.39281878  5942.52162396
  6958.84720921  6036.33310955  6101.41603375  7668.43229391
  6737.86458724  6201.01480059  5454.493183   49191.23289923
 54760.2065735   5638.24929873 61235.41406109 53379.09994062
  6090.7712035   6219.13954262  5453.58385823 79704.50675539
 52531.72283607 67821.90029971  5182.33097695 68251.06828595
 48526.45206025  5263.36786983  5206.60962733 62058.57697816
 50635.973715    7054.73486875  6434.25094218  6768.62213038
 61377.64716986  6623.11907275  6650.78234275  6048.18081994
  6459.48472417  5255.53414244  6336.07152761  5712.8354574
 68366.93949887  6842.52107243  5849.27743201  5486.07822697
 73459.86911773  6067.86756842  6316.3333092   5335.03755213
  6777.97748822  6888.23236147  6829.60307726  6009.37798512
  5089.06513364  6957.68548656  6735.35360518  7319.01988886
 66958.89814405  5055.57269164  5475.33888718  5871.20140117
  7205.97997593  6587.82945276  5431.02408363  3872.55948362
 83426.39064094  5049.89165556  6313.32132379  7147.40739313
  6281.08256948 67073.2617105   6718.50368607  7853.21643755
  5408.81938451  5961.24928774  7543.9909818  64517.50046972
  7255.86400585  7711.8558246   6986.37585977  7111.40055011
  6688.13578273  4406.68412387  6366.24421357 53413.44332333
  5240.49949138  5556.721681    6427.72065557  6614.68026129
  6852.86951835  4739.52961736 52670.16539111  6116.14212862
  6355.36668485  5465.98099482  5792.2486926  64990.92604669
  5994.44445172  3990.10264563  5333.27744334  6950.00297577
  4756.3050704  65656.20730969  5326.2478625   6131.154278
  5891.08429632  7135.81404557  6309.44781531  6037.7622878
  6073.72701386  6051.68538535  6199.53774946  6014.97592548
  6474.33142109  6600.67237045 56438.62693176  6937.08201409
  5602.36272726 77975.12645521  4339.96904506  9033.06777606
  6677.82967524 69897.44041875  6575.8007806   6214.41840904
  6888.69290131 44517.86540616  6004.24458225  5671.89876059
  7536.81231556  6205.60616601  6347.56890759  5764.9516347
  5049.54580346  6554.04031211  7001.58081658 61988.91059094
  6574.39609647  5396.11985525  7247.6111163   5662.30904433
  6348.50720356  5984.31857841  6237.42258857  5260.89370849
  6422.36188613  6499.52067089  6592.81506165  5508.47589306
  7128.63901863 44601.5291943   7603.98968401  7138.11837187
  6585.38046401  6596.20835365 56421.43414045  5538.40468649
  6159.76490891  6596.61747978  6077.59043593 49534.62578375
 62172.40110078  5395.51217456 50791.99673851  5737.62055884
  5756.80080629 53869.04043454  5222.98793473  6762.72306905
  6242.59444598  5793.67834264  6126.77150755  6209.28570253
  6803.27998184  6448.25925102  6867.2019113   5922.59669055
  6047.46050561  5902.61894044  5773.43881077  6601.11073588
  6205.51941981  7165.52589596  6562.00851932  5248.22429406
  5969.10210566  6999.65362447  6646.3273887   5636.17857057
 79100.02352639  4484.90288342  4944.95058149 43202.15090913
  5794.80258143 52786.39427646  7160.46914491  5436.61839379
  6366.53501618  5976.14390765  6504.80858371  5727.01171504
  6109.23617367  5377.0887071   5765.30604669 72058.83685306
  6061.55808443  5487.97385497  6584.05683503  7102.11694723
  4927.34778935  5901.76503365  5982.19865119 68074.69368397
  5061.26895982  6450.63435616  6972.31047384  5408.90017476
  5650.25999399  5256.72841609  4895.95279336  6904.95890944
  6024.18387012  6222.15483259  7676.89052219  6292.42105284
  6871.49991638  6540.69115375 57458.74832961  7751.92683802
  5749.62686463  6704.28080505  5593.28549238  6764.60867462
  6863.76478634  6899.70860756  4618.46303321 49590.60995816
 65635.52710693  5097.45563461 71377.30376034  5056.33954634
  6661.70342347  5397.58216983  5747.04009446  5547.42575416
  5178.54138674  6754.8255611   5642.62559449 70007.22087003]"
99,[-0.9852395 -0.6548997],5,-0.9640276,-0.11569941,-8.21325800002267,60,"[3.01778327e-26 1.03827000e-18 1.67125333e-12 1.28357294e-07
 4.91960082e-04 1.11155668e-01 3.01125339e+00 2.92886491e+01
 1.53881483e+02 4.75126838e+02 8.60678272e+02 8.93643569e+02
 5.95605125e+02 3.20743275e+02 2.18003845e+02 1.57461826e+02
 8.14172856e+01 2.72623171e+01 6.03209920e+00 8.11807311e-01
 3.60336133e-02 1.65606327e-04]","[83547.96886933 39938.44376778 65923.18095353  6163.83542811
  5889.23172277  7597.16121379  5458.97519996  6260.41852912
  5889.43903787 60124.54262232 58707.18786805  5851.43124533
  6672.55804452  5899.10351205 54901.18107663  3644.02490659
 46254.96031654 19807.2909378   2326.02524704  5792.77152185
  5536.91404979  4654.00774886 67877.14051554  4136.45819079
 50771.22458257 14525.05551296  4539.41232926  5611.64923112
 61710.14521746  5713.59164764  6604.00346429  5830.8603772
  6564.76914371  6377.22090496  5261.8198347   6415.79012758
  6826.53181201 71882.37922307  5220.40878053  4181.49942301
  6950.7292965   4209.29943777  6043.26148879  6363.75416409
  6528.94947514  5421.49321377  6261.70483867  5271.17125533
  6332.14933623 58087.13920582  6123.14023328  6213.84116313
  5735.30728358  6108.2260058   6104.30179036  5702.85663063
  5188.08767313  7075.37523684 50842.68861214  4397.65102915
  6367.9726269   5206.98232144  5174.84663118  6228.96789701
  5050.79170005 60536.4950898  52610.9322741   5909.39309048
  6136.13349432 54368.42959847  5570.92941356  5611.58667665
  5665.99588761  5848.2613159  70508.76877362 56190.22131395
  6291.89627344  6033.13682373  6954.98415103  4960.59314019
 75418.2315406  51359.38950928  4930.31862205  6211.53141983
  7569.66145263  5905.22793962  5941.97319294  5713.54773683
  8099.39716895  4559.26102379  6003.30309475  5399.67422301
  6425.04099574 59913.569667   55774.90426462  7056.23150718
 69129.28546558  6221.22003208  4698.64588263  8203.30996647
  6211.69854694  6275.47743517  5369.89904972  5140.17847673
  7392.423234    5648.44767615  6293.70391854  5888.87003538
  6792.11308756 67376.6673631  48727.71696867  5016.65873399
 62720.26088186  5245.71987567  6258.26304316  7140.7560424
  4612.92161541 65192.05811908  4422.95187789  7069.42072705
  4704.67299248  6847.4246812   6450.85079006  5760.61518304
  6818.26680066  5729.98689979  6476.25324001 57731.21185883
  6640.38345825  5587.29762193  6027.45174364  5477.98105654
  6865.52673133  5409.16181687  6211.35354673  6130.37793436
  6489.47941852  6473.91097966  4317.99948832  5637.64072182
  6252.74631755  5234.86054389  6364.46752703  6356.36031718
  5522.40553595 63915.8736663   4501.46337156  4963.51901014
  7176.82900779  5813.71682122  5514.03969812 71389.43093784
  4716.69258408  5871.87158236  6981.21257107 53748.51063596
 57588.82048271  7078.20722396  6625.42956303  6258.6202583
  4663.56583843  6021.53803356  5734.99553182  4908.26365053
  6761.34003151 57005.77886706  6771.51782397  5247.26891981
 60182.40803969  6348.50503989  5875.60946929  5647.27316049
  6730.35732859  5748.18463211  5219.48593765  5348.82750714
 70654.3149017   6504.68148373 62696.96359123  6090.08909732
  6444.50673395  5863.48670414  5486.68396148  5829.09621624
 64093.1808756   6464.45715216  6207.81420797 67406.68787733
  4598.57838202  5670.47190251  5583.05614289  5398.66358548
  6522.94135318  5504.92887819  5360.6492747   7363.13584657
  7486.03649758  5958.12078035 55930.22813373  4552.269688
  6407.40858582  5422.34372557  7166.41758731  6303.86644582
  7138.17506464  6236.23677     6622.83828489  7270.65057263
 57791.86268703  5158.31292716  5629.00433602  6144.70596306
  5861.28657388  5178.55122581  7882.6784926   6687.34023623
  5925.42035626 55963.74682053  6176.47619004  6261.40392756
  5156.7404187  58866.74929397 60646.73587959 57077.03816853
  5443.14041841  6767.77820101  7017.58486787 59985.65639965
  6091.44717408  4362.50533969  5194.98865662  5450.93936457
  7196.31826366  6904.10634677  5393.28193145  5933.79226411
  6333.64738447  7063.73899639  6211.31741309  5811.95288363
  7066.04519845  6550.96122256  6262.52662243  5610.10465331
  5719.12141442  5678.18144065  6792.4414838   6101.042651
  7424.24397621  6300.91955917 73975.628666    3686.86648619
  7169.87490334 67480.70249743  5451.64774448  7025.6389534
  6002.3192246  52744.33527031  6333.1906492   4775.65901186
  5516.97924559  5223.44722179  7041.5597052   6173.90340329
  5582.41482621  6387.109165    7712.73477784  5933.11629263
 56983.35513181  6764.4900246   5723.89800799  6705.15567536
 61453.75422338  4877.85199801  7279.68461941 56966.71125848
  6602.11514966  5491.21552072 74831.02757364 57757.57944133
  7048.42996149  6908.35530798  6360.63101064  6084.23403118
  5348.75971036  6605.49107407  5911.08244405  6168.94732096
  6329.1849428  56231.63163524  5797.34774815  5661.05304665
  6622.18209256  4800.45150931  6275.52016923  6147.52886364
  4781.23440666 69584.07864239  4648.71181149  9011.55092059
  5619.31613277  5202.6777602  64818.16949027 62138.12342085
  5322.52103615  5645.02190022  4479.72742341  8430.0037072
  6097.95595197  7656.59082421  4971.98172678  6416.83545961
  4631.65008946 64646.30097279 55992.58528439  5530.84388882
  6578.55769066  6199.45162779  5347.21006781  4931.98268457
  6825.17191881  6692.10233796  5811.84934051  4927.47181568
  6378.95619624  5149.93277458 66604.45564027  6415.14207662
 68876.87077962 61136.27407464  5710.26553476  7421.02500402
  4563.60237237  6471.17338595  6105.02119257  6038.13156023
  6615.63044405  4762.53020513  6164.34533993  5861.44275338
  6461.83256392 59438.6113843   6999.73429016  4915.99633582
  6395.53070021  6169.22757175  6887.97308527 64232.39611789
  7831.62091251 49741.64053893  4697.65473198 64206.57175291
  6012.35471194  7980.21953428 58058.46631402  5643.12686269
 76213.99456868  4328.73031709  6881.09532138  7453.45363848
  5678.11385809  7299.36014999 61833.74583786 56851.20433617
 51964.94150026  4749.56674587  6997.81762701  5488.25390067
  6018.83119213 74034.72553718  5746.9936133   5100.87803844
  7097.3678502   5564.43610085  6503.06909685  7019.83799716
  5404.15361148  7654.98658405  5223.42521058  6391.6164698
  5976.49239334  5436.37347086  7538.67145495  5390.49259696
  5970.56062359  6367.53310976  6018.83027941 66033.20993953
  4652.76526509  6018.31202538  7254.84961048  5038.33426076
  6923.68103899  5334.45136865  6242.2493656   5516.56180447
  7300.96773274 57478.91195754  6349.89020563  6510.05261943
  6923.52129352  6661.4044468   4533.90264716  6194.08992591
  5575.90702118  6603.75837556 65867.21184551  5957.38102554
  6242.49678118  4790.04005924 52161.64675825  5769.61173555
  5464.38218533  6334.68326032  8051.02096765  4661.03978835
  5679.18150229 78482.70137173 65295.21487134  6515.61784749
  4725.65825331  8675.62491429  5608.70259116  7085.53274606
  5853.31552711  5763.6747413   5380.6940951   6465.28613231
  6420.50294184  7373.45483104 64878.75182175 66124.33906658
  7221.64527106  6768.16673358  7626.52804829 70090.84587472
  5614.08750458  5208.53211395  8474.21102945  5885.41147342
  6899.30154549  5151.05692355  7273.45399159  4785.93791592
 66098.498627   64308.15843719  5928.84484653  6323.72445224
  6362.71543488  6355.54874033  5998.44162359  5699.22447936
  6359.69866339  6360.35273629  6308.92191476  6128.52354027
  6806.38586631  6612.77887821  5471.79669053  5057.86430425
  5303.40866033  6369.35710904  4604.11097692  5592.27594588
  6482.03273404  6459.81705765  4854.99597728  7278.50375746
  5024.49883722  6197.83694108  5209.46829917  5540.6469082
  7522.7058514   5805.2204071   6468.19581257  5782.46455314
  5692.33250491 72477.41115467 51600.06891208  8856.52166366
 62943.69318919  5752.15755694  6434.41781206  6175.45290944
  5454.62450261 66271.70139824  5796.18657665  5358.69525856
  8359.56566151  6360.01816964 51436.40368253  5348.09413797
  5474.96559347 69503.47674335  5128.33258009  6745.74691071
  6034.9807265   6557.05472839  6358.90583962 52248.4614654
  5467.35029669  5670.22454833  5901.50128919  6211.05044057
  6419.6837719  57295.7180111   6059.99133844  6167.11529196
 66304.30813631 66638.94487489  6477.28794424 64997.18334172
  5061.97648848  5718.96331458  7266.34446446  4885.84976324
  5609.05794961  5967.54222057  6838.951804    6767.75309854
  5341.33189646 68702.1067681   6136.13301701  7531.34189992
  5771.75567899  6450.78745202  7515.36460564  5578.52643622
  5966.11805694  6567.93556199  6055.758       5858.40265394
  5560.77844108  5323.65156574  5514.50148703  6111.62386056
  5710.73425763  6664.45013326  6872.66858031  7142.67696039
  6258.42906788 58905.44525643  5187.339974    7711.43811044
  5909.46572739  6164.18866056  5669.92212196 67986.63025219
  5200.24001547  5644.17726963  7102.82664257  6278.31092704
  5018.89011866  4533.60526563  5346.14468065  4620.71872829
  8291.18717421  4266.0339798   6146.59923246  6405.60007717
  6541.02315119 53744.82514093  5864.44067177 62094.83540211
 46544.69246588  6506.58119561  6513.09612723  7371.77330748
  4274.39219832  5812.37361055  6102.91272103  7330.97246074
  5612.03197893 48804.79188279  3661.3531037   6572.93458682
 62585.26270059  5597.99082873 58549.58618634  5737.26019309
 44498.49701452 26710.11728903  2436.89836843  6437.11472851
  7067.45995109  6229.9391521   7076.14268029  5488.82951338
  6016.26989173 54022.66049321  6007.4309339   6018.56254241
  5780.09617056  6067.16216127  5511.39281878  5942.52162396
  6958.84720921  6036.33310955  6101.41603375  7668.43229391
  6737.86458724  6201.01480059  5454.493183   49191.23289923
 54760.2065735   5638.24929873 61235.41406109 53379.09994062
  6090.7712035   6219.13954262  5453.58385823 79704.50675539
 52531.72283607 67821.90029971  5182.33097695 68251.06828595
 48526.45206025  5263.36786983  5206.60962733 62058.57697816
 50635.973715    7054.73486875  6434.25094218  6768.62213038
 61377.64716986  6623.11907275  6650.78234275  6048.18081994
  6459.48472417  5255.53414244  6336.07152761  5712.8354574
 68366.93949887  6842.52107243  5849.27743201  5486.07822697
 73459.86911773  6067.86756842  6316.3333092   5335.03755213
  6777.97748822  6888.23236147  6829.60307726  6009.37798512
  5089.06513364  6957.68548656  6735.35360518  7319.01988886
 66958.89814405  5055.57269164  5475.33888718  5871.20140117
  7205.97997593  6587.82945276  5431.02408363  3872.55948362
 83426.39064094  5049.89165556  6313.32132379  7147.40739313
  6281.08256948 67073.2617105   6718.50368607  7853.21643755
  5408.81938451  5961.24928774  7543.9909818  64517.50046972
  7255.86400585  7711.8558246   6986.37585977  7111.40055011
  6688.13578273  4406.68412387  6366.24421357 53413.44332333
  5240.49949138  5556.721681    6427.72065557  6614.68026129
  6852.86951835  4739.52961736 52670.16539111  6116.14212862
  6355.36668485  5465.98099482  5792.2486926  64990.92604669
  5994.44445172  3990.10264563  5333.27744334  6950.00297577
  4756.3050704  65656.20730969  5326.2478625   6131.154278
  5891.08429632  7135.81404557  6309.44781531  6037.7622878
  6073.72701386  6051.68538535  6199.53774946  6014.97592548
  6474.33142109  6600.67237045 56438.62693176  6937.08201409
  5602.36272726 77975.12645521  4339.96904506  9033.06777606
  6677.82967524 69897.44041875  6575.8007806   6214.41840904
  6888.69290131 44517.86540616  6004.24458225  5671.89876059
  7536.81231556  6205.60616601  6347.56890759  5764.9516347
  5049.54580346  6554.04031211  7001.58081658 61988.91059094
  6574.39609647  5396.11985525  7247.6111163   5662.30904433
  6348.50720356  5984.31857841  6237.42258857  5260.89370849
  6422.36188613  6499.52067089  6592.81506165  5508.47589306
  7128.63901863 44601.5291943   7603.98968401  7138.11837187
  6585.38046401  6596.20835365 56421.43414045  5538.40468649
  6159.76490891  6596.61747978  6077.59043593 49534.62578375
 62172.40110078  5395.51217456 50791.99673851  5737.62055884
  5756.80080629 53869.04043454  5222.98793473  6762.72306905
  6242.59444598  5793.67834264  6126.77150755  6209.28570253
  6803.27998184  6448.25925102  6867.2019113   5922.59669055
  6047.46050561  5902.61894044  5773.43881077  6601.11073588
  6205.51941981  7165.52589596  6562.00851932  5248.22429406
  5969.10210566  6999.65362447  6646.3273887   5636.17857057
 79100.02352639  4484.90288342  4944.95058149 43202.15090913
  5794.80258143 52786.39427646  7160.46914491  5436.61839379
  6366.53501618  5976.14390765  6504.80858371  5727.01171504
  6109.23617367  5377.0887071   5765.30604669 72058.83685306
  6061.55808443  5487.97385497  6584.05683503  7102.11694723
  4927.34778935  5901.76503365  5982.19865119 68074.69368397
  5061.26895982  6450.63435616  6972.31047384  5408.90017476
  5650.25999399  5256.72841609  4895.95279336  6904.95890944
  6024.18387012  6222.15483259  7676.89052219  6292.42105284
  6871.49991638  6540.69115375 57458.74832961  7751.92683802
  5749.62686463  6704.28080505  5593.28549238  6764.60867462
  6863.76478634  6899.70860756  4618.46303321 49590.60995816
 65635.52710693  5097.45563461 71377.30376034  5056.33954634
  6661.70342347  5397.58216983  5747.04009446  5547.42575416
  5178.54138674  6754.8255611   5642.62559449 70007.22087003
  5041.38469023  6820.22767223  5615.65268651  6750.31613463
  6851.59460641 64626.61688619  5389.36491903  5487.71653954
  6404.22343482  6731.21346237 46625.27676393  5921.89092102
  6721.58100065 56415.54730266]"
99,[-0.9844464 -0.6608215],5,-0.9640276,-0.11569941,-7.990555577928183,61,"[2.71578021e-27 2.90222361e-19 1.12134676e-12 1.59937389e-07
 8.82205634e-04 2.24219055e-01 5.93970370e+00 5.00475487e+01
 1.88911153e+02 4.13101658e+02 6.71252208e+02 7.65763394e+02
 6.06316964e+02 3.22038385e+02 1.43566392e+02 8.18083646e+01
 4.54280546e+01 1.68354621e+01 2.94907791e+00 1.64051372e-01
 1.03685924e-03 3.13541983e-07]","[83547.96886933 39938.44376778 65923.18095353  6163.83542811
  5889.23172277  7597.16121379  5458.97519996  6260.41852912
  5889.43903787 60124.54262232 58707.18786805  5851.43124533
  6672.55804452  5899.10351205 54901.18107663  3644.02490659
 46254.96031654 19807.2909378   2326.02524704  5792.77152185
  5536.91404979  4654.00774886 67877.14051554  4136.45819079
 50771.22458257 14525.05551296  4539.41232926  5611.64923112
 61710.14521746  5713.59164764  6604.00346429  5830.8603772
  6564.76914371  6377.22090496  5261.8198347   6415.79012758
  6826.53181201 71882.37922307  5220.40878053  4181.49942301
  6950.7292965   4209.29943777  6043.26148879  6363.75416409
  6528.94947514  5421.49321377  6261.70483867  5271.17125533
  6332.14933623 58087.13920582  6123.14023328  6213.84116313
  5735.30728358  6108.2260058   6104.30179036  5702.85663063
  5188.08767313  7075.37523684 50842.68861214  4397.65102915
  6367.9726269   5206.98232144  5174.84663118  6228.96789701
  5050.79170005 60536.4950898  52610.9322741   5909.39309048
  6136.13349432 54368.42959847  5570.92941356  5611.58667665
  5665.99588761  5848.2613159  70508.76877362 56190.22131395
  6291.89627344  6033.13682373  6954.98415103  4960.59314019
 75418.2315406  51359.38950928  4930.31862205  6211.53141983
  7569.66145263  5905.22793962  5941.97319294  5713.54773683
  8099.39716895  4559.26102379  6003.30309475  5399.67422301
  6425.04099574 59913.569667   55774.90426462  7056.23150718
 69129.28546558  6221.22003208  4698.64588263  8203.30996647
  6211.69854694  6275.47743517  5369.89904972  5140.17847673
  7392.423234    5648.44767615  6293.70391854  5888.87003538
  6792.11308756 67376.6673631  48727.71696867  5016.65873399
 62720.26088186  5245.71987567  6258.26304316  7140.7560424
  4612.92161541 65192.05811908  4422.95187789  7069.42072705
  4704.67299248  6847.4246812   6450.85079006  5760.61518304
  6818.26680066  5729.98689979  6476.25324001 57731.21185883
  6640.38345825  5587.29762193  6027.45174364  5477.98105654
  6865.52673133  5409.16181687  6211.35354673  6130.37793436
  6489.47941852  6473.91097966  4317.99948832  5637.64072182
  6252.74631755  5234.86054389  6364.46752703  6356.36031718
  5522.40553595 63915.8736663   4501.46337156  4963.51901014
  7176.82900779  5813.71682122  5514.03969812 71389.43093784
  4716.69258408  5871.87158236  6981.21257107 53748.51063596
 57588.82048271  7078.20722396  6625.42956303  6258.6202583
  4663.56583843  6021.53803356  5734.99553182  4908.26365053
  6761.34003151 57005.77886706  6771.51782397  5247.26891981
 60182.40803969  6348.50503989  5875.60946929  5647.27316049
  6730.35732859  5748.18463211  5219.48593765  5348.82750714
 70654.3149017   6504.68148373 62696.96359123  6090.08909732
  6444.50673395  5863.48670414  5486.68396148  5829.09621624
 64093.1808756   6464.45715216  6207.81420797 67406.68787733
  4598.57838202  5670.47190251  5583.05614289  5398.66358548
  6522.94135318  5504.92887819  5360.6492747   7363.13584657
  7486.03649758  5958.12078035 55930.22813373  4552.269688
  6407.40858582  5422.34372557  7166.41758731  6303.86644582
  7138.17506464  6236.23677     6622.83828489  7270.65057263
 57791.86268703  5158.31292716  5629.00433602  6144.70596306
  5861.28657388  5178.55122581  7882.6784926   6687.34023623
  5925.42035626 55963.74682053  6176.47619004  6261.40392756
  5156.7404187  58866.74929397 60646.73587959 57077.03816853
  5443.14041841  6767.77820101  7017.58486787 59985.65639965
  6091.44717408  4362.50533969  5194.98865662  5450.93936457
  7196.31826366  6904.10634677  5393.28193145  5933.79226411
  6333.64738447  7063.73899639  6211.31741309  5811.95288363
  7066.04519845  6550.96122256  6262.52662243  5610.10465331
  5719.12141442  5678.18144065  6792.4414838   6101.042651
  7424.24397621  6300.91955917 73975.628666    3686.86648619
  7169.87490334 67480.70249743  5451.64774448  7025.6389534
  6002.3192246  52744.33527031  6333.1906492   4775.65901186
  5516.97924559  5223.44722179  7041.5597052   6173.90340329
  5582.41482621  6387.109165    7712.73477784  5933.11629263
 56983.35513181  6764.4900246   5723.89800799  6705.15567536
 61453.75422338  4877.85199801  7279.68461941 56966.71125848
  6602.11514966  5491.21552072 74831.02757364 57757.57944133
  7048.42996149  6908.35530798  6360.63101064  6084.23403118
  5348.75971036  6605.49107407  5911.08244405  6168.94732096
  6329.1849428  56231.63163524  5797.34774815  5661.05304665
  6622.18209256  4800.45150931  6275.52016923  6147.52886364
  4781.23440666 69584.07864239  4648.71181149  9011.55092059
  5619.31613277  5202.6777602  64818.16949027 62138.12342085
  5322.52103615  5645.02190022  4479.72742341  8430.0037072
  6097.95595197  7656.59082421  4971.98172678  6416.83545961
  4631.65008946 64646.30097279 55992.58528439  5530.84388882
  6578.55769066  6199.45162779  5347.21006781  4931.98268457
  6825.17191881  6692.10233796  5811.84934051  4927.47181568
  6378.95619624  5149.93277458 66604.45564027  6415.14207662
 68876.87077962 61136.27407464  5710.26553476  7421.02500402
  4563.60237237  6471.17338595  6105.02119257  6038.13156023
  6615.63044405  4762.53020513  6164.34533993  5861.44275338
  6461.83256392 59438.6113843   6999.73429016  4915.99633582
  6395.53070021  6169.22757175  6887.97308527 64232.39611789
  7831.62091251 49741.64053893  4697.65473198 64206.57175291
  6012.35471194  7980.21953428 58058.46631402  5643.12686269
 76213.99456868  4328.73031709  6881.09532138  7453.45363848
  5678.11385809  7299.36014999 61833.74583786 56851.20433617
 51964.94150026  4749.56674587  6997.81762701  5488.25390067
  6018.83119213 74034.72553718  5746.9936133   5100.87803844
  7097.3678502   5564.43610085  6503.06909685  7019.83799716
  5404.15361148  7654.98658405  5223.42521058  6391.6164698
  5976.49239334  5436.37347086  7538.67145495  5390.49259696
  5970.56062359  6367.53310976  6018.83027941 66033.20993953
  4652.76526509  6018.31202538  7254.84961048  5038.33426076
  6923.68103899  5334.45136865  6242.2493656   5516.56180447
  7300.96773274 57478.91195754  6349.89020563  6510.05261943
  6923.52129352  6661.4044468   4533.90264716  6194.08992591
  5575.90702118  6603.75837556 65867.21184551  5957.38102554
  6242.49678118  4790.04005924 52161.64675825  5769.61173555
  5464.38218533  6334.68326032  8051.02096765  4661.03978835
  5679.18150229 78482.70137173 65295.21487134  6515.61784749
  4725.65825331  8675.62491429  5608.70259116  7085.53274606
  5853.31552711  5763.6747413   5380.6940951   6465.28613231
  6420.50294184  7373.45483104 64878.75182175 66124.33906658
  7221.64527106  6768.16673358  7626.52804829 70090.84587472
  5614.08750458  5208.53211395  8474.21102945  5885.41147342
  6899.30154549  5151.05692355  7273.45399159  4785.93791592
 66098.498627   64308.15843719  5928.84484653  6323.72445224
  6362.71543488  6355.54874033  5998.44162359  5699.22447936
  6359.69866339  6360.35273629  6308.92191476  6128.52354027
  6806.38586631  6612.77887821  5471.79669053  5057.86430425
  5303.40866033  6369.35710904  4604.11097692  5592.27594588
  6482.03273404  6459.81705765  4854.99597728  7278.50375746
  5024.49883722  6197.83694108  5209.46829917  5540.6469082
  7522.7058514   5805.2204071   6468.19581257  5782.46455314
  5692.33250491 72477.41115467 51600.06891208  8856.52166366
 62943.69318919  5752.15755694  6434.41781206  6175.45290944
  5454.62450261 66271.70139824  5796.18657665  5358.69525856
  8359.56566151  6360.01816964 51436.40368253  5348.09413797
  5474.96559347 69503.47674335  5128.33258009  6745.74691071
  6034.9807265   6557.05472839  6358.90583962 52248.4614654
  5467.35029669  5670.22454833  5901.50128919  6211.05044057
  6419.6837719  57295.7180111   6059.99133844  6167.11529196
 66304.30813631 66638.94487489  6477.28794424 64997.18334172
  5061.97648848  5718.96331458  7266.34446446  4885.84976324
  5609.05794961  5967.54222057  6838.951804    6767.75309854
  5341.33189646 68702.1067681   6136.13301701  7531.34189992
  5771.75567899  6450.78745202  7515.36460564  5578.52643622
  5966.11805694  6567.93556199  6055.758       5858.40265394
  5560.77844108  5323.65156574  5514.50148703  6111.62386056
  5710.73425763  6664.45013326  6872.66858031  7142.67696039
  6258.42906788 58905.44525643  5187.339974    7711.43811044
  5909.46572739  6164.18866056  5669.92212196 67986.63025219
  5200.24001547  5644.17726963  7102.82664257  6278.31092704
  5018.89011866  4533.60526563  5346.14468065  4620.71872829
  8291.18717421  4266.0339798   6146.59923246  6405.60007717
  6541.02315119 53744.82514093  5864.44067177 62094.83540211
 46544.69246588  6506.58119561  6513.09612723  7371.77330748
  4274.39219832  5812.37361055  6102.91272103  7330.97246074
  5612.03197893 48804.79188279  3661.3531037   6572.93458682
 62585.26270059  5597.99082873 58549.58618634  5737.26019309
 44498.49701452 26710.11728903  2436.89836843  6437.11472851
  7067.45995109  6229.9391521   7076.14268029  5488.82951338
  6016.26989173 54022.66049321  6007.4309339   6018.56254241
  5780.09617056  6067.16216127  5511.39281878  5942.52162396
  6958.84720921  6036.33310955  6101.41603375  7668.43229391
  6737.86458724  6201.01480059  5454.493183   49191.23289923
 54760.2065735   5638.24929873 61235.41406109 53379.09994062
  6090.7712035   6219.13954262  5453.58385823 79704.50675539
 52531.72283607 67821.90029971  5182.33097695 68251.06828595
 48526.45206025  5263.36786983  5206.60962733 62058.57697816
 50635.973715    7054.73486875  6434.25094218  6768.62213038
 61377.64716986  6623.11907275  6650.78234275  6048.18081994
  6459.48472417  5255.53414244  6336.07152761  5712.8354574
 68366.93949887  6842.52107243  5849.27743201  5486.07822697
 73459.86911773  6067.86756842  6316.3333092   5335.03755213
  6777.97748822  6888.23236147  6829.60307726  6009.37798512
  5089.06513364  6957.68548656  6735.35360518  7319.01988886
 66958.89814405  5055.57269164  5475.33888718  5871.20140117
  7205.97997593  6587.82945276  5431.02408363  3872.55948362
 83426.39064094  5049.89165556  6313.32132379  7147.40739313
  6281.08256948 67073.2617105   6718.50368607  7853.21643755
  5408.81938451  5961.24928774  7543.9909818  64517.50046972
  7255.86400585  7711.8558246   6986.37585977  7111.40055011
  6688.13578273  4406.68412387  6366.24421357 53413.44332333
  5240.49949138  5556.721681    6427.72065557  6614.68026129
  6852.86951835  4739.52961736 52670.16539111  6116.14212862
  6355.36668485  5465.98099482  5792.2486926  64990.92604669
  5994.44445172  3990.10264563  5333.27744334  6950.00297577
  4756.3050704  65656.20730969  5326.2478625   6131.154278
  5891.08429632  7135.81404557  6309.44781531  6037.7622878
  6073.72701386  6051.68538535  6199.53774946  6014.97592548
  6474.33142109  6600.67237045 56438.62693176  6937.08201409
  5602.36272726 77975.12645521  4339.96904506  9033.06777606
  6677.82967524 69897.44041875  6575.8007806   6214.41840904
  6888.69290131 44517.86540616  6004.24458225  5671.89876059
  7536.81231556  6205.60616601  6347.56890759  5764.9516347
  5049.54580346  6554.04031211  7001.58081658 61988.91059094
  6574.39609647  5396.11985525  7247.6111163   5662.30904433
  6348.50720356  5984.31857841  6237.42258857  5260.89370849
  6422.36188613  6499.52067089  6592.81506165  5508.47589306
  7128.63901863 44601.5291943   7603.98968401  7138.11837187
  6585.38046401  6596.20835365 56421.43414045  5538.40468649
  6159.76490891  6596.61747978  6077.59043593 49534.62578375
 62172.40110078  5395.51217456 50791.99673851  5737.62055884
  5756.80080629 53869.04043454  5222.98793473  6762.72306905
  6242.59444598  5793.67834264  6126.77150755  6209.28570253
  6803.27998184  6448.25925102  6867.2019113   5922.59669055
  6047.46050561  5902.61894044  5773.43881077  6601.11073588
  6205.51941981  7165.52589596  6562.00851932  5248.22429406
  5969.10210566  6999.65362447  6646.3273887   5636.17857057
 79100.02352639  4484.90288342  4944.95058149 43202.15090913
  5794.80258143 52786.39427646  7160.46914491  5436.61839379
  6366.53501618  5976.14390765  6504.80858371  5727.01171504
  6109.23617367  5377.0887071   5765.30604669 72058.83685306
  6061.55808443  5487.97385497  6584.05683503  7102.11694723
  4927.34778935  5901.76503365  5982.19865119 68074.69368397
  5061.26895982  6450.63435616  6972.31047384  5408.90017476
  5650.25999399  5256.72841609  4895.95279336  6904.95890944
  6024.18387012  6222.15483259  7676.89052219  6292.42105284
  6871.49991638  6540.69115375 57458.74832961  7751.92683802
  5749.62686463  6704.28080505  5593.28549238  6764.60867462
  6863.76478634  6899.70860756  4618.46303321 49590.60995816
 65635.52710693  5097.45563461 71377.30376034  5056.33954634
  6661.70342347  5397.58216983  5747.04009446  5547.42575416
  5178.54138674  6754.8255611   5642.62559449 70007.22087003
  5041.38469023  6820.22767223  5615.65268651  6750.31613463
  6851.59460641 64626.61688619  5389.36491903  5487.71653954
  6404.22343482  6731.21346237 46625.27676393  5921.89092102
  6721.58100065 56415.54730266  6578.57034544  5513.29007767
  6700.77756901  6281.58231366  5272.80678628  5734.62692341
  6485.86937125  6497.74951313 59731.46034239  4486.70358594
  7370.79608249 62387.75370858 61901.45503569  5015.12011916]"
99,[-0.98666924 -0.672008  ],5,-0.9640276,0.074012265,-10.858599959727602,62,"[6.29665015e-22 1.36274930e-15 2.20795929e-10 2.73851342e-06
 2.76964296e-03 2.94639425e-01 6.54155909e+00 4.99941692e+01
 1.93631047e+02 4.95032512e+02 8.09273294e+02 8.33446528e+02
 5.42042138e+02 2.77696485e+02 1.53676025e+02 9.34658780e+01
 4.88985034e+01 1.97120154e+01 5.72291202e+00 9.38898930e-01
 5.54634735e-02 5.33378731e-04]","[83547.96886933 39938.44376778 65923.18095353  6163.83542811
  5889.23172277  7597.16121379  5458.97519996  6260.41852912
  5889.43903787 60124.54262232 58707.18786805  5851.43124533
  6672.55804452  5899.10351205 54901.18107663  3644.02490659
 46254.96031654 19807.2909378   2326.02524704  5792.77152185
  5536.91404979  4654.00774886 67877.14051554  4136.45819079
 50771.22458257 14525.05551296  4539.41232926  5611.64923112
 61710.14521746  5713.59164764  6604.00346429  5830.8603772
  6564.76914371  6377.22090496  5261.8198347   6415.79012758
  6826.53181201 71882.37922307  5220.40878053  4181.49942301
  6950.7292965   4209.29943777  6043.26148879  6363.75416409
  6528.94947514  5421.49321377  6261.70483867  5271.17125533
  6332.14933623 58087.13920582  6123.14023328  6213.84116313
  5735.30728358  6108.2260058   6104.30179036  5702.85663063
  5188.08767313  7075.37523684 50842.68861214  4397.65102915
  6367.9726269   5206.98232144  5174.84663118  6228.96789701
  5050.79170005 60536.4950898  52610.9322741   5909.39309048
  6136.13349432 54368.42959847  5570.92941356  5611.58667665
  5665.99588761  5848.2613159  70508.76877362 56190.22131395
  6291.89627344  6033.13682373  6954.98415103  4960.59314019
 75418.2315406  51359.38950928  4930.31862205  6211.53141983
  7569.66145263  5905.22793962  5941.97319294  5713.54773683
  8099.39716895  4559.26102379  6003.30309475  5399.67422301
  6425.04099574 59913.569667   55774.90426462  7056.23150718
 69129.28546558  6221.22003208  4698.64588263  8203.30996647
  6211.69854694  6275.47743517  5369.89904972  5140.17847673
  7392.423234    5648.44767615  6293.70391854  5888.87003538
  6792.11308756 67376.6673631  48727.71696867  5016.65873399
 62720.26088186  5245.71987567  6258.26304316  7140.7560424
  4612.92161541 65192.05811908  4422.95187789  7069.42072705
  4704.67299248  6847.4246812   6450.85079006  5760.61518304
  6818.26680066  5729.98689979  6476.25324001 57731.21185883
  6640.38345825  5587.29762193  6027.45174364  5477.98105654
  6865.52673133  5409.16181687  6211.35354673  6130.37793436
  6489.47941852  6473.91097966  4317.99948832  5637.64072182
  6252.74631755  5234.86054389  6364.46752703  6356.36031718
  5522.40553595 63915.8736663   4501.46337156  4963.51901014
  7176.82900779  5813.71682122  5514.03969812 71389.43093784
  4716.69258408  5871.87158236  6981.21257107 53748.51063596
 57588.82048271  7078.20722396  6625.42956303  6258.6202583
  4663.56583843  6021.53803356  5734.99553182  4908.26365053
  6761.34003151 57005.77886706  6771.51782397  5247.26891981
 60182.40803969  6348.50503989  5875.60946929  5647.27316049
  6730.35732859  5748.18463211  5219.48593765  5348.82750714
 70654.3149017   6504.68148373 62696.96359123  6090.08909732
  6444.50673395  5863.48670414  5486.68396148  5829.09621624
 64093.1808756   6464.45715216  6207.81420797 67406.68787733
  4598.57838202  5670.47190251  5583.05614289  5398.66358548
  6522.94135318  5504.92887819  5360.6492747   7363.13584657
  7486.03649758  5958.12078035 55930.22813373  4552.269688
  6407.40858582  5422.34372557  7166.41758731  6303.86644582
  7138.17506464  6236.23677     6622.83828489  7270.65057263
 57791.86268703  5158.31292716  5629.00433602  6144.70596306
  5861.28657388  5178.55122581  7882.6784926   6687.34023623
  5925.42035626 55963.74682053  6176.47619004  6261.40392756
  5156.7404187  58866.74929397 60646.73587959 57077.03816853
  5443.14041841  6767.77820101  7017.58486787 59985.65639965
  6091.44717408  4362.50533969  5194.98865662  5450.93936457
  7196.31826366  6904.10634677  5393.28193145  5933.79226411
  6333.64738447  7063.73899639  6211.31741309  5811.95288363
  7066.04519845  6550.96122256  6262.52662243  5610.10465331
  5719.12141442  5678.18144065  6792.4414838   6101.042651
  7424.24397621  6300.91955917 73975.628666    3686.86648619
  7169.87490334 67480.70249743  5451.64774448  7025.6389534
  6002.3192246  52744.33527031  6333.1906492   4775.65901186
  5516.97924559  5223.44722179  7041.5597052   6173.90340329
  5582.41482621  6387.109165    7712.73477784  5933.11629263
 56983.35513181  6764.4900246   5723.89800799  6705.15567536
 61453.75422338  4877.85199801  7279.68461941 56966.71125848
  6602.11514966  5491.21552072 74831.02757364 57757.57944133
  7048.42996149  6908.35530798  6360.63101064  6084.23403118
  5348.75971036  6605.49107407  5911.08244405  6168.94732096
  6329.1849428  56231.63163524  5797.34774815  5661.05304665
  6622.18209256  4800.45150931  6275.52016923  6147.52886364
  4781.23440666 69584.07864239  4648.71181149  9011.55092059
  5619.31613277  5202.6777602  64818.16949027 62138.12342085
  5322.52103615  5645.02190022  4479.72742341  8430.0037072
  6097.95595197  7656.59082421  4971.98172678  6416.83545961
  4631.65008946 64646.30097279 55992.58528439  5530.84388882
  6578.55769066  6199.45162779  5347.21006781  4931.98268457
  6825.17191881  6692.10233796  5811.84934051  4927.47181568
  6378.95619624  5149.93277458 66604.45564027  6415.14207662
 68876.87077962 61136.27407464  5710.26553476  7421.02500402
  4563.60237237  6471.17338595  6105.02119257  6038.13156023
  6615.63044405  4762.53020513  6164.34533993  5861.44275338
  6461.83256392 59438.6113843   6999.73429016  4915.99633582
  6395.53070021  6169.22757175  6887.97308527 64232.39611789
  7831.62091251 49741.64053893  4697.65473198 64206.57175291
  6012.35471194  7980.21953428 58058.46631402  5643.12686269
 76213.99456868  4328.73031709  6881.09532138  7453.45363848
  5678.11385809  7299.36014999 61833.74583786 56851.20433617
 51964.94150026  4749.56674587  6997.81762701  5488.25390067
  6018.83119213 74034.72553718  5746.9936133   5100.87803844
  7097.3678502   5564.43610085  6503.06909685  7019.83799716
  5404.15361148  7654.98658405  5223.42521058  6391.6164698
  5976.49239334  5436.37347086  7538.67145495  5390.49259696
  5970.56062359  6367.53310976  6018.83027941 66033.20993953
  4652.76526509  6018.31202538  7254.84961048  5038.33426076
  6923.68103899  5334.45136865  6242.2493656   5516.56180447
  7300.96773274 57478.91195754  6349.89020563  6510.05261943
  6923.52129352  6661.4044468   4533.90264716  6194.08992591
  5575.90702118  6603.75837556 65867.21184551  5957.38102554
  6242.49678118  4790.04005924 52161.64675825  5769.61173555
  5464.38218533  6334.68326032  8051.02096765  4661.03978835
  5679.18150229 78482.70137173 65295.21487134  6515.61784749
  4725.65825331  8675.62491429  5608.70259116  7085.53274606
  5853.31552711  5763.6747413   5380.6940951   6465.28613231
  6420.50294184  7373.45483104 64878.75182175 66124.33906658
  7221.64527106  6768.16673358  7626.52804829 70090.84587472
  5614.08750458  5208.53211395  8474.21102945  5885.41147342
  6899.30154549  5151.05692355  7273.45399159  4785.93791592
 66098.498627   64308.15843719  5928.84484653  6323.72445224
  6362.71543488  6355.54874033  5998.44162359  5699.22447936
  6359.69866339  6360.35273629  6308.92191476  6128.52354027
  6806.38586631  6612.77887821  5471.79669053  5057.86430425
  5303.40866033  6369.35710904  4604.11097692  5592.27594588
  6482.03273404  6459.81705765  4854.99597728  7278.50375746
  5024.49883722  6197.83694108  5209.46829917  5540.6469082
  7522.7058514   5805.2204071   6468.19581257  5782.46455314
  5692.33250491 72477.41115467 51600.06891208  8856.52166366
 62943.69318919  5752.15755694  6434.41781206  6175.45290944
  5454.62450261 66271.70139824  5796.18657665  5358.69525856
  8359.56566151  6360.01816964 51436.40368253  5348.09413797
  5474.96559347 69503.47674335  5128.33258009  6745.74691071
  6034.9807265   6557.05472839  6358.90583962 52248.4614654
  5467.35029669  5670.22454833  5901.50128919  6211.05044057
  6419.6837719  57295.7180111   6059.99133844  6167.11529196
 66304.30813631 66638.94487489  6477.28794424 64997.18334172
  5061.97648848  5718.96331458  7266.34446446  4885.84976324
  5609.05794961  5967.54222057  6838.951804    6767.75309854
  5341.33189646 68702.1067681   6136.13301701  7531.34189992
  5771.75567899  6450.78745202  7515.36460564  5578.52643622
  5966.11805694  6567.93556199  6055.758       5858.40265394
  5560.77844108  5323.65156574  5514.50148703  6111.62386056
  5710.73425763  6664.45013326  6872.66858031  7142.67696039
  6258.42906788 58905.44525643  5187.339974    7711.43811044
  5909.46572739  6164.18866056  5669.92212196 67986.63025219
  5200.24001547  5644.17726963  7102.82664257  6278.31092704
  5018.89011866  4533.60526563  5346.14468065  4620.71872829
  8291.18717421  4266.0339798   6146.59923246  6405.60007717
  6541.02315119 53744.82514093  5864.44067177 62094.83540211
 46544.69246588  6506.58119561  6513.09612723  7371.77330748
  4274.39219832  5812.37361055  6102.91272103  7330.97246074
  5612.03197893 48804.79188279  3661.3531037   6572.93458682
 62585.26270059  5597.99082873 58549.58618634  5737.26019309
 44498.49701452 26710.11728903  2436.89836843  6437.11472851
  7067.45995109  6229.9391521   7076.14268029  5488.82951338
  6016.26989173 54022.66049321  6007.4309339   6018.56254241
  5780.09617056  6067.16216127  5511.39281878  5942.52162396
  6958.84720921  6036.33310955  6101.41603375  7668.43229391
  6737.86458724  6201.01480059  5454.493183   49191.23289923
 54760.2065735   5638.24929873 61235.41406109 53379.09994062
  6090.7712035   6219.13954262  5453.58385823 79704.50675539
 52531.72283607 67821.90029971  5182.33097695 68251.06828595
 48526.45206025  5263.36786983  5206.60962733 62058.57697816
 50635.973715    7054.73486875  6434.25094218  6768.62213038
 61377.64716986  6623.11907275  6650.78234275  6048.18081994
  6459.48472417  5255.53414244  6336.07152761  5712.8354574
 68366.93949887  6842.52107243  5849.27743201  5486.07822697
 73459.86911773  6067.86756842  6316.3333092   5335.03755213
  6777.97748822  6888.23236147  6829.60307726  6009.37798512
  5089.06513364  6957.68548656  6735.35360518  7319.01988886
 66958.89814405  5055.57269164  5475.33888718  5871.20140117
  7205.97997593  6587.82945276  5431.02408363  3872.55948362
 83426.39064094  5049.89165556  6313.32132379  7147.40739313
  6281.08256948 67073.2617105   6718.50368607  7853.21643755
  5408.81938451  5961.24928774  7543.9909818  64517.50046972
  7255.86400585  7711.8558246   6986.37585977  7111.40055011
  6688.13578273  4406.68412387  6366.24421357 53413.44332333
  5240.49949138  5556.721681    6427.72065557  6614.68026129
  6852.86951835  4739.52961736 52670.16539111  6116.14212862
  6355.36668485  5465.98099482  5792.2486926  64990.92604669
  5994.44445172  3990.10264563  5333.27744334  6950.00297577
  4756.3050704  65656.20730969  5326.2478625   6131.154278
  5891.08429632  7135.81404557  6309.44781531  6037.7622878
  6073.72701386  6051.68538535  6199.53774946  6014.97592548
  6474.33142109  6600.67237045 56438.62693176  6937.08201409
  5602.36272726 77975.12645521  4339.96904506  9033.06777606
  6677.82967524 69897.44041875  6575.8007806   6214.41840904
  6888.69290131 44517.86540616  6004.24458225  5671.89876059
  7536.81231556  6205.60616601  6347.56890759  5764.9516347
  5049.54580346  6554.04031211  7001.58081658 61988.91059094
  6574.39609647  5396.11985525  7247.6111163   5662.30904433
  6348.50720356  5984.31857841  6237.42258857  5260.89370849
  6422.36188613  6499.52067089  6592.81506165  5508.47589306
  7128.63901863 44601.5291943   7603.98968401  7138.11837187
  6585.38046401  6596.20835365 56421.43414045  5538.40468649
  6159.76490891  6596.61747978  6077.59043593 49534.62578375
 62172.40110078  5395.51217456 50791.99673851  5737.62055884
  5756.80080629 53869.04043454  5222.98793473  6762.72306905
  6242.59444598  5793.67834264  6126.77150755  6209.28570253
  6803.27998184  6448.25925102  6867.2019113   5922.59669055
  6047.46050561  5902.61894044  5773.43881077  6601.11073588
  6205.51941981  7165.52589596  6562.00851932  5248.22429406
  5969.10210566  6999.65362447  6646.3273887   5636.17857057
 79100.02352639  4484.90288342  4944.95058149 43202.15090913
  5794.80258143 52786.39427646  7160.46914491  5436.61839379
  6366.53501618  5976.14390765  6504.80858371  5727.01171504
  6109.23617367  5377.0887071   5765.30604669 72058.83685306
  6061.55808443  5487.97385497  6584.05683503  7102.11694723
  4927.34778935  5901.76503365  5982.19865119 68074.69368397
  5061.26895982  6450.63435616  6972.31047384  5408.90017476
  5650.25999399  5256.72841609  4895.95279336  6904.95890944
  6024.18387012  6222.15483259  7676.89052219  6292.42105284
  6871.49991638  6540.69115375 57458.74832961  7751.92683802
  5749.62686463  6704.28080505  5593.28549238  6764.60867462
  6863.76478634  6899.70860756  4618.46303321 49590.60995816
 65635.52710693  5097.45563461 71377.30376034  5056.33954634
  6661.70342347  5397.58216983  5747.04009446  5547.42575416
  5178.54138674  6754.8255611   5642.62559449 70007.22087003
  5041.38469023  6820.22767223  5615.65268651  6750.31613463
  6851.59460641 64626.61688619  5389.36491903  5487.71653954
  6404.22343482  6731.21346237 46625.27676393  5921.89092102
  6721.58100065 56415.54730266  6578.57034544  5513.29007767
  6700.77756901  6281.58231366  5272.80678628  5734.62692341
  6485.86937125  6497.74951313 59731.46034239  4486.70358594
  7370.79608249 62387.75370858 61901.45503569  5015.12011916
  5842.40450292  7133.1020611  60020.21582426  5327.60875961
 62909.67328185  4997.74744827 63913.93599172 46398.62385603
 61499.3359013  52161.63018427  5593.26114626  6551.40542695
  5685.50265629  5055.20325491]"
99,[-0.98699474 -0.6536706 ],5,-0.9640276,-0.11569941,-6.0158617182878285,63,"[8.25581678e-17 2.13888070e-11 3.84789845e-07 5.05293071e-04
 5.83479537e-02 1.18569951e+00 1.19088723e+01 6.78284118e+01
 2.21636248e+02 4.90124604e+02 7.12173686e+02 6.64440380e+02
 4.36180126e+02 2.55077187e+02 1.69711626e+02 1.13727158e+02
 6.43882493e+01 2.60645601e+01 7.15312200e+00 1.52181410e+00
 1.22468730e-01 1.27441806e-03]","[83547.96886933 39938.44376778 65923.18095353  6163.83542811
  5889.23172277  7597.16121379  5458.97519996  6260.41852912
  5889.43903787 60124.54262232 58707.18786805  5851.43124533
  6672.55804452  5899.10351205 54901.18107663  3644.02490659
 46254.96031654 19807.2909378   2326.02524704  5792.77152185
  5536.91404979  4654.00774886 67877.14051554  4136.45819079
 50771.22458257 14525.05551296  4539.41232926  5611.64923112
 61710.14521746  5713.59164764  6604.00346429  5830.8603772
  6564.76914371  6377.22090496  5261.8198347   6415.79012758
  6826.53181201 71882.37922307  5220.40878053  4181.49942301
  6950.7292965   4209.29943777  6043.26148879  6363.75416409
  6528.94947514  5421.49321377  6261.70483867  5271.17125533
  6332.14933623 58087.13920582  6123.14023328  6213.84116313
  5735.30728358  6108.2260058   6104.30179036  5702.85663063
  5188.08767313  7075.37523684 50842.68861214  4397.65102915
  6367.9726269   5206.98232144  5174.84663118  6228.96789701
  5050.79170005 60536.4950898  52610.9322741   5909.39309048
  6136.13349432 54368.42959847  5570.92941356  5611.58667665
  5665.99588761  5848.2613159  70508.76877362 56190.22131395
  6291.89627344  6033.13682373  6954.98415103  4960.59314019
 75418.2315406  51359.38950928  4930.31862205  6211.53141983
  7569.66145263  5905.22793962  5941.97319294  5713.54773683
  8099.39716895  4559.26102379  6003.30309475  5399.67422301
  6425.04099574 59913.569667   55774.90426462  7056.23150718
 69129.28546558  6221.22003208  4698.64588263  8203.30996647
  6211.69854694  6275.47743517  5369.89904972  5140.17847673
  7392.423234    5648.44767615  6293.70391854  5888.87003538
  6792.11308756 67376.6673631  48727.71696867  5016.65873399
 62720.26088186  5245.71987567  6258.26304316  7140.7560424
  4612.92161541 65192.05811908  4422.95187789  7069.42072705
  4704.67299248  6847.4246812   6450.85079006  5760.61518304
  6818.26680066  5729.98689979  6476.25324001 57731.21185883
  6640.38345825  5587.29762193  6027.45174364  5477.98105654
  6865.52673133  5409.16181687  6211.35354673  6130.37793436
  6489.47941852  6473.91097966  4317.99948832  5637.64072182
  6252.74631755  5234.86054389  6364.46752703  6356.36031718
  5522.40553595 63915.8736663   4501.46337156  4963.51901014
  7176.82900779  5813.71682122  5514.03969812 71389.43093784
  4716.69258408  5871.87158236  6981.21257107 53748.51063596
 57588.82048271  7078.20722396  6625.42956303  6258.6202583
  4663.56583843  6021.53803356  5734.99553182  4908.26365053
  6761.34003151 57005.77886706  6771.51782397  5247.26891981
 60182.40803969  6348.50503989  5875.60946929  5647.27316049
  6730.35732859  5748.18463211  5219.48593765  5348.82750714
 70654.3149017   6504.68148373 62696.96359123  6090.08909732
  6444.50673395  5863.48670414  5486.68396148  5829.09621624
 64093.1808756   6464.45715216  6207.81420797 67406.68787733
  4598.57838202  5670.47190251  5583.05614289  5398.66358548
  6522.94135318  5504.92887819  5360.6492747   7363.13584657
  7486.03649758  5958.12078035 55930.22813373  4552.269688
  6407.40858582  5422.34372557  7166.41758731  6303.86644582
  7138.17506464  6236.23677     6622.83828489  7270.65057263
 57791.86268703  5158.31292716  5629.00433602  6144.70596306
  5861.28657388  5178.55122581  7882.6784926   6687.34023623
  5925.42035626 55963.74682053  6176.47619004  6261.40392756
  5156.7404187  58866.74929397 60646.73587959 57077.03816853
  5443.14041841  6767.77820101  7017.58486787 59985.65639965
  6091.44717408  4362.50533969  5194.98865662  5450.93936457
  7196.31826366  6904.10634677  5393.28193145  5933.79226411
  6333.64738447  7063.73899639  6211.31741309  5811.95288363
  7066.04519845  6550.96122256  6262.52662243  5610.10465331
  5719.12141442  5678.18144065  6792.4414838   6101.042651
  7424.24397621  6300.91955917 73975.628666    3686.86648619
  7169.87490334 67480.70249743  5451.64774448  7025.6389534
  6002.3192246  52744.33527031  6333.1906492   4775.65901186
  5516.97924559  5223.44722179  7041.5597052   6173.90340329
  5582.41482621  6387.109165    7712.73477784  5933.11629263
 56983.35513181  6764.4900246   5723.89800799  6705.15567536
 61453.75422338  4877.85199801  7279.68461941 56966.71125848
  6602.11514966  5491.21552072 74831.02757364 57757.57944133
  7048.42996149  6908.35530798  6360.63101064  6084.23403118
  5348.75971036  6605.49107407  5911.08244405  6168.94732096
  6329.1849428  56231.63163524  5797.34774815  5661.05304665
  6622.18209256  4800.45150931  6275.52016923  6147.52886364
  4781.23440666 69584.07864239  4648.71181149  9011.55092059
  5619.31613277  5202.6777602  64818.16949027 62138.12342085
  5322.52103615  5645.02190022  4479.72742341  8430.0037072
  6097.95595197  7656.59082421  4971.98172678  6416.83545961
  4631.65008946 64646.30097279 55992.58528439  5530.84388882
  6578.55769066  6199.45162779  5347.21006781  4931.98268457
  6825.17191881  6692.10233796  5811.84934051  4927.47181568
  6378.95619624  5149.93277458 66604.45564027  6415.14207662
 68876.87077962 61136.27407464  5710.26553476  7421.02500402
  4563.60237237  6471.17338595  6105.02119257  6038.13156023
  6615.63044405  4762.53020513  6164.34533993  5861.44275338
  6461.83256392 59438.6113843   6999.73429016  4915.99633582
  6395.53070021  6169.22757175  6887.97308527 64232.39611789
  7831.62091251 49741.64053893  4697.65473198 64206.57175291
  6012.35471194  7980.21953428 58058.46631402  5643.12686269
 76213.99456868  4328.73031709  6881.09532138  7453.45363848
  5678.11385809  7299.36014999 61833.74583786 56851.20433617
 51964.94150026  4749.56674587  6997.81762701  5488.25390067
  6018.83119213 74034.72553718  5746.9936133   5100.87803844
  7097.3678502   5564.43610085  6503.06909685  7019.83799716
  5404.15361148  7654.98658405  5223.42521058  6391.6164698
  5976.49239334  5436.37347086  7538.67145495  5390.49259696
  5970.56062359  6367.53310976  6018.83027941 66033.20993953
  4652.76526509  6018.31202538  7254.84961048  5038.33426076
  6923.68103899  5334.45136865  6242.2493656   5516.56180447
  7300.96773274 57478.91195754  6349.89020563  6510.05261943
  6923.52129352  6661.4044468   4533.90264716  6194.08992591
  5575.90702118  6603.75837556 65867.21184551  5957.38102554
  6242.49678118  4790.04005924 52161.64675825  5769.61173555
  5464.38218533  6334.68326032  8051.02096765  4661.03978835
  5679.18150229 78482.70137173 65295.21487134  6515.61784749
  4725.65825331  8675.62491429  5608.70259116  7085.53274606
  5853.31552711  5763.6747413   5380.6940951   6465.28613231
  6420.50294184  7373.45483104 64878.75182175 66124.33906658
  7221.64527106  6768.16673358  7626.52804829 70090.84587472
  5614.08750458  5208.53211395  8474.21102945  5885.41147342
  6899.30154549  5151.05692355  7273.45399159  4785.93791592
 66098.498627   64308.15843719  5928.84484653  6323.72445224
  6362.71543488  6355.54874033  5998.44162359  5699.22447936
  6359.69866339  6360.35273629  6308.92191476  6128.52354027
  6806.38586631  6612.77887821  5471.79669053  5057.86430425
  5303.40866033  6369.35710904  4604.11097692  5592.27594588
  6482.03273404  6459.81705765  4854.99597728  7278.50375746
  5024.49883722  6197.83694108  5209.46829917  5540.6469082
  7522.7058514   5805.2204071   6468.19581257  5782.46455314
  5692.33250491 72477.41115467 51600.06891208  8856.52166366
 62943.69318919  5752.15755694  6434.41781206  6175.45290944
  5454.62450261 66271.70139824  5796.18657665  5358.69525856
  8359.56566151  6360.01816964 51436.40368253  5348.09413797
  5474.96559347 69503.47674335  5128.33258009  6745.74691071
  6034.9807265   6557.05472839  6358.90583962 52248.4614654
  5467.35029669  5670.22454833  5901.50128919  6211.05044057
  6419.6837719  57295.7180111   6059.99133844  6167.11529196
 66304.30813631 66638.94487489  6477.28794424 64997.18334172
  5061.97648848  5718.96331458  7266.34446446  4885.84976324
  5609.05794961  5967.54222057  6838.951804    6767.75309854
  5341.33189646 68702.1067681   6136.13301701  7531.34189992
  5771.75567899  6450.78745202  7515.36460564  5578.52643622
  5966.11805694  6567.93556199  6055.758       5858.40265394
  5560.77844108  5323.65156574  5514.50148703  6111.62386056
  5710.73425763  6664.45013326  6872.66858031  7142.67696039
  6258.42906788 58905.44525643  5187.339974    7711.43811044
  5909.46572739  6164.18866056  5669.92212196 67986.63025219
  5200.24001547  5644.17726963  7102.82664257  6278.31092704
  5018.89011866  4533.60526563  5346.14468065  4620.71872829
  8291.18717421  4266.0339798   6146.59923246  6405.60007717
  6541.02315119 53744.82514093  5864.44067177 62094.83540211
 46544.69246588  6506.58119561  6513.09612723  7371.77330748
  4274.39219832  5812.37361055  6102.91272103  7330.97246074
  5612.03197893 48804.79188279  3661.3531037   6572.93458682
 62585.26270059  5597.99082873 58549.58618634  5737.26019309
 44498.49701452 26710.11728903  2436.89836843  6437.11472851
  7067.45995109  6229.9391521   7076.14268029  5488.82951338
  6016.26989173 54022.66049321  6007.4309339   6018.56254241
  5780.09617056  6067.16216127  5511.39281878  5942.52162396
  6958.84720921  6036.33310955  6101.41603375  7668.43229391
  6737.86458724  6201.01480059  5454.493183   49191.23289923
 54760.2065735   5638.24929873 61235.41406109 53379.09994062
  6090.7712035   6219.13954262  5453.58385823 79704.50675539
 52531.72283607 67821.90029971  5182.33097695 68251.06828595
 48526.45206025  5263.36786983  5206.60962733 62058.57697816
 50635.973715    7054.73486875  6434.25094218  6768.62213038
 61377.64716986  6623.11907275  6650.78234275  6048.18081994
  6459.48472417  5255.53414244  6336.07152761  5712.8354574
 68366.93949887  6842.52107243  5849.27743201  5486.07822697
 73459.86911773  6067.86756842  6316.3333092   5335.03755213
  6777.97748822  6888.23236147  6829.60307726  6009.37798512
  5089.06513364  6957.68548656  6735.35360518  7319.01988886
 66958.89814405  5055.57269164  5475.33888718  5871.20140117
  7205.97997593  6587.82945276  5431.02408363  3872.55948362
 83426.39064094  5049.89165556  6313.32132379  7147.40739313
  6281.08256948 67073.2617105   6718.50368607  7853.21643755
  5408.81938451  5961.24928774  7543.9909818  64517.50046972
  7255.86400585  7711.8558246   6986.37585977  7111.40055011
  6688.13578273  4406.68412387  6366.24421357 53413.44332333
  5240.49949138  5556.721681    6427.72065557  6614.68026129
  6852.86951835  4739.52961736 52670.16539111  6116.14212862
  6355.36668485  5465.98099482  5792.2486926  64990.92604669
  5994.44445172  3990.10264563  5333.27744334  6950.00297577
  4756.3050704  65656.20730969  5326.2478625   6131.154278
  5891.08429632  7135.81404557  6309.44781531  6037.7622878
  6073.72701386  6051.68538535  6199.53774946  6014.97592548
  6474.33142109  6600.67237045 56438.62693176  6937.08201409
  5602.36272726 77975.12645521  4339.96904506  9033.06777606
  6677.82967524 69897.44041875  6575.8007806   6214.41840904
  6888.69290131 44517.86540616  6004.24458225  5671.89876059
  7536.81231556  6205.60616601  6347.56890759  5764.9516347
  5049.54580346  6554.04031211  7001.58081658 61988.91059094
  6574.39609647  5396.11985525  7247.6111163   5662.30904433
  6348.50720356  5984.31857841  6237.42258857  5260.89370849
  6422.36188613  6499.52067089  6592.81506165  5508.47589306
  7128.63901863 44601.5291943   7603.98968401  7138.11837187
  6585.38046401  6596.20835365 56421.43414045  5538.40468649
  6159.76490891  6596.61747978  6077.59043593 49534.62578375
 62172.40110078  5395.51217456 50791.99673851  5737.62055884
  5756.80080629 53869.04043454  5222.98793473  6762.72306905
  6242.59444598  5793.67834264  6126.77150755  6209.28570253
  6803.27998184  6448.25925102  6867.2019113   5922.59669055
  6047.46050561  5902.61894044  5773.43881077  6601.11073588
  6205.51941981  7165.52589596  6562.00851932  5248.22429406
  5969.10210566  6999.65362447  6646.3273887   5636.17857057
 79100.02352639  4484.90288342  4944.95058149 43202.15090913
  5794.80258143 52786.39427646  7160.46914491  5436.61839379
  6366.53501618  5976.14390765  6504.80858371  5727.01171504
  6109.23617367  5377.0887071   5765.30604669 72058.83685306
  6061.55808443  5487.97385497  6584.05683503  7102.11694723
  4927.34778935  5901.76503365  5982.19865119 68074.69368397
  5061.26895982  6450.63435616  6972.31047384  5408.90017476
  5650.25999399  5256.72841609  4895.95279336  6904.95890944
  6024.18387012  6222.15483259  7676.89052219  6292.42105284
  6871.49991638  6540.69115375 57458.74832961  7751.92683802
  5749.62686463  6704.28080505  5593.28549238  6764.60867462
  6863.76478634  6899.70860756  4618.46303321 49590.60995816
 65635.52710693  5097.45563461 71377.30376034  5056.33954634
  6661.70342347  5397.58216983  5747.04009446  5547.42575416
  5178.54138674  6754.8255611   5642.62559449 70007.22087003
  5041.38469023  6820.22767223  5615.65268651  6750.31613463
  6851.59460641 64626.61688619  5389.36491903  5487.71653954
  6404.22343482  6731.21346237 46625.27676393  5921.89092102
  6721.58100065 56415.54730266  6578.57034544  5513.29007767
  6700.77756901  6281.58231366  5272.80678628  5734.62692341
  6485.86937125  6497.74951313 59731.46034239  4486.70358594
  7370.79608249 62387.75370858 61901.45503569  5015.12011916
  5842.40450292  7133.1020611  60020.21582426  5327.60875961
 62909.67328185  4997.74744827 63913.93599172 46398.62385603
 61499.3359013  52161.63018427  5593.26114626  6551.40542695
  5685.50265629  5055.20325491  6396.16424983  6796.05448237
  6364.2297955   5007.95948763  7321.99209019  7250.22310533
  4823.1564068  59794.77956557 59295.90996197  5920.37593695
  5833.51972073  6631.77763097  5618.99673916  6462.83850723]"
99,[-0.984387  -0.6639139],5,-0.9640276,-0.11569941,-7.8504328500369365,64,"[1.49839323e-24 3.33423599e-17 3.38659377e-11 1.60492737e-06
 3.72852408e-03 5.04902222e-01 8.31383719e+00 6.06662753e+01
 2.72752985e+02 6.82986263e+02 1.02635337e+03 9.53290089e+02
 5.61059988e+02 2.75910569e+02 1.77790704e+02 1.36947730e+02
 8.24326914e+01 3.43206496e+01 9.25273390e+00 1.70769207e+00
 1.10853451e-01 7.07321677e-04]","[83547.96886933 39938.44376778 65923.18095353  6163.83542811
  5889.23172277  7597.16121379  5458.97519996  6260.41852912
  5889.43903787 60124.54262232 58707.18786805  5851.43124533
  6672.55804452  5899.10351205 54901.18107663  3644.02490659
 46254.96031654 19807.2909378   2326.02524704  5792.77152185
  5536.91404979  4654.00774886 67877.14051554  4136.45819079
 50771.22458257 14525.05551296  4539.41232926  5611.64923112
 61710.14521746  5713.59164764  6604.00346429  5830.8603772
  6564.76914371  6377.22090496  5261.8198347   6415.79012758
  6826.53181201 71882.37922307  5220.40878053  4181.49942301
  6950.7292965   4209.29943777  6043.26148879  6363.75416409
  6528.94947514  5421.49321377  6261.70483867  5271.17125533
  6332.14933623 58087.13920582  6123.14023328  6213.84116313
  5735.30728358  6108.2260058   6104.30179036  5702.85663063
  5188.08767313  7075.37523684 50842.68861214  4397.65102915
  6367.9726269   5206.98232144  5174.84663118  6228.96789701
  5050.79170005 60536.4950898  52610.9322741   5909.39309048
  6136.13349432 54368.42959847  5570.92941356  5611.58667665
  5665.99588761  5848.2613159  70508.76877362 56190.22131395
  6291.89627344  6033.13682373  6954.98415103  4960.59314019
 75418.2315406  51359.38950928  4930.31862205  6211.53141983
  7569.66145263  5905.22793962  5941.97319294  5713.54773683
  8099.39716895  4559.26102379  6003.30309475  5399.67422301
  6425.04099574 59913.569667   55774.90426462  7056.23150718
 69129.28546558  6221.22003208  4698.64588263  8203.30996647
  6211.69854694  6275.47743517  5369.89904972  5140.17847673
  7392.423234    5648.44767615  6293.70391854  5888.87003538
  6792.11308756 67376.6673631  48727.71696867  5016.65873399
 62720.26088186  5245.71987567  6258.26304316  7140.7560424
  4612.92161541 65192.05811908  4422.95187789  7069.42072705
  4704.67299248  6847.4246812   6450.85079006  5760.61518304
  6818.26680066  5729.98689979  6476.25324001 57731.21185883
  6640.38345825  5587.29762193  6027.45174364  5477.98105654
  6865.52673133  5409.16181687  6211.35354673  6130.37793436
  6489.47941852  6473.91097966  4317.99948832  5637.64072182
  6252.74631755  5234.86054389  6364.46752703  6356.36031718
  5522.40553595 63915.8736663   4501.46337156  4963.51901014
  7176.82900779  5813.71682122  5514.03969812 71389.43093784
  4716.69258408  5871.87158236  6981.21257107 53748.51063596
 57588.82048271  7078.20722396  6625.42956303  6258.6202583
  4663.56583843  6021.53803356  5734.99553182  4908.26365053
  6761.34003151 57005.77886706  6771.51782397  5247.26891981
 60182.40803969  6348.50503989  5875.60946929  5647.27316049
  6730.35732859  5748.18463211  5219.48593765  5348.82750714
 70654.3149017   6504.68148373 62696.96359123  6090.08909732
  6444.50673395  5863.48670414  5486.68396148  5829.09621624
 64093.1808756   6464.45715216  6207.81420797 67406.68787733
  4598.57838202  5670.47190251  5583.05614289  5398.66358548
  6522.94135318  5504.92887819  5360.6492747   7363.13584657
  7486.03649758  5958.12078035 55930.22813373  4552.269688
  6407.40858582  5422.34372557  7166.41758731  6303.86644582
  7138.17506464  6236.23677     6622.83828489  7270.65057263
 57791.86268703  5158.31292716  5629.00433602  6144.70596306
  5861.28657388  5178.55122581  7882.6784926   6687.34023623
  5925.42035626 55963.74682053  6176.47619004  6261.40392756
  5156.7404187  58866.74929397 60646.73587959 57077.03816853
  5443.14041841  6767.77820101  7017.58486787 59985.65639965
  6091.44717408  4362.50533969  5194.98865662  5450.93936457
  7196.31826366  6904.10634677  5393.28193145  5933.79226411
  6333.64738447  7063.73899639  6211.31741309  5811.95288363
  7066.04519845  6550.96122256  6262.52662243  5610.10465331
  5719.12141442  5678.18144065  6792.4414838   6101.042651
  7424.24397621  6300.91955917 73975.628666    3686.86648619
  7169.87490334 67480.70249743  5451.64774448  7025.6389534
  6002.3192246  52744.33527031  6333.1906492   4775.65901186
  5516.97924559  5223.44722179  7041.5597052   6173.90340329
  5582.41482621  6387.109165    7712.73477784  5933.11629263
 56983.35513181  6764.4900246   5723.89800799  6705.15567536
 61453.75422338  4877.85199801  7279.68461941 56966.71125848
  6602.11514966  5491.21552072 74831.02757364 57757.57944133
  7048.42996149  6908.35530798  6360.63101064  6084.23403118
  5348.75971036  6605.49107407  5911.08244405  6168.94732096
  6329.1849428  56231.63163524  5797.34774815  5661.05304665
  6622.18209256  4800.45150931  6275.52016923  6147.52886364
  4781.23440666 69584.07864239  4648.71181149  9011.55092059
  5619.31613277  5202.6777602  64818.16949027 62138.12342085
  5322.52103615  5645.02190022  4479.72742341  8430.0037072
  6097.95595197  7656.59082421  4971.98172678  6416.83545961
  4631.65008946 64646.30097279 55992.58528439  5530.84388882
  6578.55769066  6199.45162779  5347.21006781  4931.98268457
  6825.17191881  6692.10233796  5811.84934051  4927.47181568
  6378.95619624  5149.93277458 66604.45564027  6415.14207662
 68876.87077962 61136.27407464  5710.26553476  7421.02500402
  4563.60237237  6471.17338595  6105.02119257  6038.13156023
  6615.63044405  4762.53020513  6164.34533993  5861.44275338
  6461.83256392 59438.6113843   6999.73429016  4915.99633582
  6395.53070021  6169.22757175  6887.97308527 64232.39611789
  7831.62091251 49741.64053893  4697.65473198 64206.57175291
  6012.35471194  7980.21953428 58058.46631402  5643.12686269
 76213.99456868  4328.73031709  6881.09532138  7453.45363848
  5678.11385809  7299.36014999 61833.74583786 56851.20433617
 51964.94150026  4749.56674587  6997.81762701  5488.25390067
  6018.83119213 74034.72553718  5746.9936133   5100.87803844
  7097.3678502   5564.43610085  6503.06909685  7019.83799716
  5404.15361148  7654.98658405  5223.42521058  6391.6164698
  5976.49239334  5436.37347086  7538.67145495  5390.49259696
  5970.56062359  6367.53310976  6018.83027941 66033.20993953
  4652.76526509  6018.31202538  7254.84961048  5038.33426076
  6923.68103899  5334.45136865  6242.2493656   5516.56180447
  7300.96773274 57478.91195754  6349.89020563  6510.05261943
  6923.52129352  6661.4044468   4533.90264716  6194.08992591
  5575.90702118  6603.75837556 65867.21184551  5957.38102554
  6242.49678118  4790.04005924 52161.64675825  5769.61173555
  5464.38218533  6334.68326032  8051.02096765  4661.03978835
  5679.18150229 78482.70137173 65295.21487134  6515.61784749
  4725.65825331  8675.62491429  5608.70259116  7085.53274606
  5853.31552711  5763.6747413   5380.6940951   6465.28613231
  6420.50294184  7373.45483104 64878.75182175 66124.33906658
  7221.64527106  6768.16673358  7626.52804829 70090.84587472
  5614.08750458  5208.53211395  8474.21102945  5885.41147342
  6899.30154549  5151.05692355  7273.45399159  4785.93791592
 66098.498627   64308.15843719  5928.84484653  6323.72445224
  6362.71543488  6355.54874033  5998.44162359  5699.22447936
  6359.69866339  6360.35273629  6308.92191476  6128.52354027
  6806.38586631  6612.77887821  5471.79669053  5057.86430425
  5303.40866033  6369.35710904  4604.11097692  5592.27594588
  6482.03273404  6459.81705765  4854.99597728  7278.50375746
  5024.49883722  6197.83694108  5209.46829917  5540.6469082
  7522.7058514   5805.2204071   6468.19581257  5782.46455314
  5692.33250491 72477.41115467 51600.06891208  8856.52166366
 62943.69318919  5752.15755694  6434.41781206  6175.45290944
  5454.62450261 66271.70139824  5796.18657665  5358.69525856
  8359.56566151  6360.01816964 51436.40368253  5348.09413797
  5474.96559347 69503.47674335  5128.33258009  6745.74691071
  6034.9807265   6557.05472839  6358.90583962 52248.4614654
  5467.35029669  5670.22454833  5901.50128919  6211.05044057
  6419.6837719  57295.7180111   6059.99133844  6167.11529196
 66304.30813631 66638.94487489  6477.28794424 64997.18334172
  5061.97648848  5718.96331458  7266.34446446  4885.84976324
  5609.05794961  5967.54222057  6838.951804    6767.75309854
  5341.33189646 68702.1067681   6136.13301701  7531.34189992
  5771.75567899  6450.78745202  7515.36460564  5578.52643622
  5966.11805694  6567.93556199  6055.758       5858.40265394
  5560.77844108  5323.65156574  5514.50148703  6111.62386056
  5710.73425763  6664.45013326  6872.66858031  7142.67696039
  6258.42906788 58905.44525643  5187.339974    7711.43811044
  5909.46572739  6164.18866056  5669.92212196 67986.63025219
  5200.24001547  5644.17726963  7102.82664257  6278.31092704
  5018.89011866  4533.60526563  5346.14468065  4620.71872829
  8291.18717421  4266.0339798   6146.59923246  6405.60007717
  6541.02315119 53744.82514093  5864.44067177 62094.83540211
 46544.69246588  6506.58119561  6513.09612723  7371.77330748
  4274.39219832  5812.37361055  6102.91272103  7330.97246074
  5612.03197893 48804.79188279  3661.3531037   6572.93458682
 62585.26270059  5597.99082873 58549.58618634  5737.26019309
 44498.49701452 26710.11728903  2436.89836843  6437.11472851
  7067.45995109  6229.9391521   7076.14268029  5488.82951338
  6016.26989173 54022.66049321  6007.4309339   6018.56254241
  5780.09617056  6067.16216127  5511.39281878  5942.52162396
  6958.84720921  6036.33310955  6101.41603375  7668.43229391
  6737.86458724  6201.01480059  5454.493183   49191.23289923
 54760.2065735   5638.24929873 61235.41406109 53379.09994062
  6090.7712035   6219.13954262  5453.58385823 79704.50675539
 52531.72283607 67821.90029971  5182.33097695 68251.06828595
 48526.45206025  5263.36786983  5206.60962733 62058.57697816
 50635.973715    7054.73486875  6434.25094218  6768.62213038
 61377.64716986  6623.11907275  6650.78234275  6048.18081994
  6459.48472417  5255.53414244  6336.07152761  5712.8354574
 68366.93949887  6842.52107243  5849.27743201  5486.07822697
 73459.86911773  6067.86756842  6316.3333092   5335.03755213
  6777.97748822  6888.23236147  6829.60307726  6009.37798512
  5089.06513364  6957.68548656  6735.35360518  7319.01988886
 66958.89814405  5055.57269164  5475.33888718  5871.20140117
  7205.97997593  6587.82945276  5431.02408363  3872.55948362
 83426.39064094  5049.89165556  6313.32132379  7147.40739313
  6281.08256948 67073.2617105   6718.50368607  7853.21643755
  5408.81938451  5961.24928774  7543.9909818  64517.50046972
  7255.86400585  7711.8558246   6986.37585977  7111.40055011
  6688.13578273  4406.68412387  6366.24421357 53413.44332333
  5240.49949138  5556.721681    6427.72065557  6614.68026129
  6852.86951835  4739.52961736 52670.16539111  6116.14212862
  6355.36668485  5465.98099482  5792.2486926  64990.92604669
  5994.44445172  3990.10264563  5333.27744334  6950.00297577
  4756.3050704  65656.20730969  5326.2478625   6131.154278
  5891.08429632  7135.81404557  6309.44781531  6037.7622878
  6073.72701386  6051.68538535  6199.53774946  6014.97592548
  6474.33142109  6600.67237045 56438.62693176  6937.08201409
  5602.36272726 77975.12645521  4339.96904506  9033.06777606
  6677.82967524 69897.44041875  6575.8007806   6214.41840904
  6888.69290131 44517.86540616  6004.24458225  5671.89876059
  7536.81231556  6205.60616601  6347.56890759  5764.9516347
  5049.54580346  6554.04031211  7001.58081658 61988.91059094
  6574.39609647  5396.11985525  7247.6111163   5662.30904433
  6348.50720356  5984.31857841  6237.42258857  5260.89370849
  6422.36188613  6499.52067089  6592.81506165  5508.47589306
  7128.63901863 44601.5291943   7603.98968401  7138.11837187
  6585.38046401  6596.20835365 56421.43414045  5538.40468649
  6159.76490891  6596.61747978  6077.59043593 49534.62578375
 62172.40110078  5395.51217456 50791.99673851  5737.62055884
  5756.80080629 53869.04043454  5222.98793473  6762.72306905
  6242.59444598  5793.67834264  6126.77150755  6209.28570253
  6803.27998184  6448.25925102  6867.2019113   5922.59669055
  6047.46050561  5902.61894044  5773.43881077  6601.11073588
  6205.51941981  7165.52589596  6562.00851932  5248.22429406
  5969.10210566  6999.65362447  6646.3273887   5636.17857057
 79100.02352639  4484.90288342  4944.95058149 43202.15090913
  5794.80258143 52786.39427646  7160.46914491  5436.61839379
  6366.53501618  5976.14390765  6504.80858371  5727.01171504
  6109.23617367  5377.0887071   5765.30604669 72058.83685306
  6061.55808443  5487.97385497  6584.05683503  7102.11694723
  4927.34778935  5901.76503365  5982.19865119 68074.69368397
  5061.26895982  6450.63435616  6972.31047384  5408.90017476
  5650.25999399  5256.72841609  4895.95279336  6904.95890944
  6024.18387012  6222.15483259  7676.89052219  6292.42105284
  6871.49991638  6540.69115375 57458.74832961  7751.92683802
  5749.62686463  6704.28080505  5593.28549238  6764.60867462
  6863.76478634  6899.70860756  4618.46303321 49590.60995816
 65635.52710693  5097.45563461 71377.30376034  5056.33954634
  6661.70342347  5397.58216983  5747.04009446  5547.42575416
  5178.54138674  6754.8255611   5642.62559449 70007.22087003
  5041.38469023  6820.22767223  5615.65268651  6750.31613463
  6851.59460641 64626.61688619  5389.36491903  5487.71653954
  6404.22343482  6731.21346237 46625.27676393  5921.89092102
  6721.58100065 56415.54730266  6578.57034544  5513.29007767
  6700.77756901  6281.58231366  5272.80678628  5734.62692341
  6485.86937125  6497.74951313 59731.46034239  4486.70358594
  7370.79608249 62387.75370858 61901.45503569  5015.12011916
  5842.40450292  7133.1020611  60020.21582426  5327.60875961
 62909.67328185  4997.74744827 63913.93599172 46398.62385603
 61499.3359013  52161.63018427  5593.26114626  6551.40542695
  5685.50265629  5055.20325491  6396.16424983  6796.05448237
  6364.2297955   5007.95948763  7321.99209019  7250.22310533
  4823.1564068  59794.77956557 59295.90996197  5920.37593695
  5833.51972073  6631.77763097  5618.99673916  6462.83850723
 60961.9882332   4620.01898871  6402.91761515 63132.3698698
  4262.2563924   6471.60732411  7658.12643801 50124.81216026
  4492.30075523  6444.44546308  6197.90792057  5560.864886
  7180.50358141 54793.28622608]"
99,[-0.98468465 -0.70187944],5,-0.9640276,0.074012265,-9.040028877117516,65,"[9.97788044e-19 1.34476515e-12 8.54611080e-08 2.69265486e-04
 5.19560911e-02 1.46036257e+00 1.52100705e+01 8.21113750e+01
 2.76397191e+02 6.16289288e+02 8.69557107e+02 7.54938572e+02
 4.37670872e+02 2.03118057e+02 1.20573904e+02 8.42224960e+01
 4.62322050e+01 1.85884621e+01 4.97432041e+00 4.56254745e-01
 4.41675187e-03 2.48615311e-06]","[83547.96886933 39938.44376778 65923.18095353  6163.83542811
  5889.23172277  7597.16121379  5458.97519996  6260.41852912
  5889.43903787 60124.54262232 58707.18786805  5851.43124533
  6672.55804452  5899.10351205 54901.18107663  3644.02490659
 46254.96031654 19807.2909378   2326.02524704  5792.77152185
  5536.91404979  4654.00774886 67877.14051554  4136.45819079
 50771.22458257 14525.05551296  4539.41232926  5611.64923112
 61710.14521746  5713.59164764  6604.00346429  5830.8603772
  6564.76914371  6377.22090496  5261.8198347   6415.79012758
  6826.53181201 71882.37922307  5220.40878053  4181.49942301
  6950.7292965   4209.29943777  6043.26148879  6363.75416409
  6528.94947514  5421.49321377  6261.70483867  5271.17125533
  6332.14933623 58087.13920582  6123.14023328  6213.84116313
  5735.30728358  6108.2260058   6104.30179036  5702.85663063
  5188.08767313  7075.37523684 50842.68861214  4397.65102915
  6367.9726269   5206.98232144  5174.84663118  6228.96789701
  5050.79170005 60536.4950898  52610.9322741   5909.39309048
  6136.13349432 54368.42959847  5570.92941356  5611.58667665
  5665.99588761  5848.2613159  70508.76877362 56190.22131395
  6291.89627344  6033.13682373  6954.98415103  4960.59314019
 75418.2315406  51359.38950928  4930.31862205  6211.53141983
  7569.66145263  5905.22793962  5941.97319294  5713.54773683
  8099.39716895  4559.26102379  6003.30309475  5399.67422301
  6425.04099574 59913.569667   55774.90426462  7056.23150718
 69129.28546558  6221.22003208  4698.64588263  8203.30996647
  6211.69854694  6275.47743517  5369.89904972  5140.17847673
  7392.423234    5648.44767615  6293.70391854  5888.87003538
  6792.11308756 67376.6673631  48727.71696867  5016.65873399
 62720.26088186  5245.71987567  6258.26304316  7140.7560424
  4612.92161541 65192.05811908  4422.95187789  7069.42072705
  4704.67299248  6847.4246812   6450.85079006  5760.61518304
  6818.26680066  5729.98689979  6476.25324001 57731.21185883
  6640.38345825  5587.29762193  6027.45174364  5477.98105654
  6865.52673133  5409.16181687  6211.35354673  6130.37793436
  6489.47941852  6473.91097966  4317.99948832  5637.64072182
  6252.74631755  5234.86054389  6364.46752703  6356.36031718
  5522.40553595 63915.8736663   4501.46337156  4963.51901014
  7176.82900779  5813.71682122  5514.03969812 71389.43093784
  4716.69258408  5871.87158236  6981.21257107 53748.51063596
 57588.82048271  7078.20722396  6625.42956303  6258.6202583
  4663.56583843  6021.53803356  5734.99553182  4908.26365053
  6761.34003151 57005.77886706  6771.51782397  5247.26891981
 60182.40803969  6348.50503989  5875.60946929  5647.27316049
  6730.35732859  5748.18463211  5219.48593765  5348.82750714
 70654.3149017   6504.68148373 62696.96359123  6090.08909732
  6444.50673395  5863.48670414  5486.68396148  5829.09621624
 64093.1808756   6464.45715216  6207.81420797 67406.68787733
  4598.57838202  5670.47190251  5583.05614289  5398.66358548
  6522.94135318  5504.92887819  5360.6492747   7363.13584657
  7486.03649758  5958.12078035 55930.22813373  4552.269688
  6407.40858582  5422.34372557  7166.41758731  6303.86644582
  7138.17506464  6236.23677     6622.83828489  7270.65057263
 57791.86268703  5158.31292716  5629.00433602  6144.70596306
  5861.28657388  5178.55122581  7882.6784926   6687.34023623
  5925.42035626 55963.74682053  6176.47619004  6261.40392756
  5156.7404187  58866.74929397 60646.73587959 57077.03816853
  5443.14041841  6767.77820101  7017.58486787 59985.65639965
  6091.44717408  4362.50533969  5194.98865662  5450.93936457
  7196.31826366  6904.10634677  5393.28193145  5933.79226411
  6333.64738447  7063.73899639  6211.31741309  5811.95288363
  7066.04519845  6550.96122256  6262.52662243  5610.10465331
  5719.12141442  5678.18144065  6792.4414838   6101.042651
  7424.24397621  6300.91955917 73975.628666    3686.86648619
  7169.87490334 67480.70249743  5451.64774448  7025.6389534
  6002.3192246  52744.33527031  6333.1906492   4775.65901186
  5516.97924559  5223.44722179  7041.5597052   6173.90340329
  5582.41482621  6387.109165    7712.73477784  5933.11629263
 56983.35513181  6764.4900246   5723.89800799  6705.15567536
 61453.75422338  4877.85199801  7279.68461941 56966.71125848
  6602.11514966  5491.21552072 74831.02757364 57757.57944133
  7048.42996149  6908.35530798  6360.63101064  6084.23403118
  5348.75971036  6605.49107407  5911.08244405  6168.94732096
  6329.1849428  56231.63163524  5797.34774815  5661.05304665
  6622.18209256  4800.45150931  6275.52016923  6147.52886364
  4781.23440666 69584.07864239  4648.71181149  9011.55092059
  5619.31613277  5202.6777602  64818.16949027 62138.12342085
  5322.52103615  5645.02190022  4479.72742341  8430.0037072
  6097.95595197  7656.59082421  4971.98172678  6416.83545961
  4631.65008946 64646.30097279 55992.58528439  5530.84388882
  6578.55769066  6199.45162779  5347.21006781  4931.98268457
  6825.17191881  6692.10233796  5811.84934051  4927.47181568
  6378.95619624  5149.93277458 66604.45564027  6415.14207662
 68876.87077962 61136.27407464  5710.26553476  7421.02500402
  4563.60237237  6471.17338595  6105.02119257  6038.13156023
  6615.63044405  4762.53020513  6164.34533993  5861.44275338
  6461.83256392 59438.6113843   6999.73429016  4915.99633582
  6395.53070021  6169.22757175  6887.97308527 64232.39611789
  7831.62091251 49741.64053893  4697.65473198 64206.57175291
  6012.35471194  7980.21953428 58058.46631402  5643.12686269
 76213.99456868  4328.73031709  6881.09532138  7453.45363848
  5678.11385809  7299.36014999 61833.74583786 56851.20433617
 51964.94150026  4749.56674587  6997.81762701  5488.25390067
  6018.83119213 74034.72553718  5746.9936133   5100.87803844
  7097.3678502   5564.43610085  6503.06909685  7019.83799716
  5404.15361148  7654.98658405  5223.42521058  6391.6164698
  5976.49239334  5436.37347086  7538.67145495  5390.49259696
  5970.56062359  6367.53310976  6018.83027941 66033.20993953
  4652.76526509  6018.31202538  7254.84961048  5038.33426076
  6923.68103899  5334.45136865  6242.2493656   5516.56180447
  7300.96773274 57478.91195754  6349.89020563  6510.05261943
  6923.52129352  6661.4044468   4533.90264716  6194.08992591
  5575.90702118  6603.75837556 65867.21184551  5957.38102554
  6242.49678118  4790.04005924 52161.64675825  5769.61173555
  5464.38218533  6334.68326032  8051.02096765  4661.03978835
  5679.18150229 78482.70137173 65295.21487134  6515.61784749
  4725.65825331  8675.62491429  5608.70259116  7085.53274606
  5853.31552711  5763.6747413   5380.6940951   6465.28613231
  6420.50294184  7373.45483104 64878.75182175 66124.33906658
  7221.64527106  6768.16673358  7626.52804829 70090.84587472
  5614.08750458  5208.53211395  8474.21102945  5885.41147342
  6899.30154549  5151.05692355  7273.45399159  4785.93791592
 66098.498627   64308.15843719  5928.84484653  6323.72445224
  6362.71543488  6355.54874033  5998.44162359  5699.22447936
  6359.69866339  6360.35273629  6308.92191476  6128.52354027
  6806.38586631  6612.77887821  5471.79669053  5057.86430425
  5303.40866033  6369.35710904  4604.11097692  5592.27594588
  6482.03273404  6459.81705765  4854.99597728  7278.50375746
  5024.49883722  6197.83694108  5209.46829917  5540.6469082
  7522.7058514   5805.2204071   6468.19581257  5782.46455314
  5692.33250491 72477.41115467 51600.06891208  8856.52166366
 62943.69318919  5752.15755694  6434.41781206  6175.45290944
  5454.62450261 66271.70139824  5796.18657665  5358.69525856
  8359.56566151  6360.01816964 51436.40368253  5348.09413797
  5474.96559347 69503.47674335  5128.33258009  6745.74691071
  6034.9807265   6557.05472839  6358.90583962 52248.4614654
  5467.35029669  5670.22454833  5901.50128919  6211.05044057
  6419.6837719  57295.7180111   6059.99133844  6167.11529196
 66304.30813631 66638.94487489  6477.28794424 64997.18334172
  5061.97648848  5718.96331458  7266.34446446  4885.84976324
  5609.05794961  5967.54222057  6838.951804    6767.75309854
  5341.33189646 68702.1067681   6136.13301701  7531.34189992
  5771.75567899  6450.78745202  7515.36460564  5578.52643622
  5966.11805694  6567.93556199  6055.758       5858.40265394
  5560.77844108  5323.65156574  5514.50148703  6111.62386056
  5710.73425763  6664.45013326  6872.66858031  7142.67696039
  6258.42906788 58905.44525643  5187.339974    7711.43811044
  5909.46572739  6164.18866056  5669.92212196 67986.63025219
  5200.24001547  5644.17726963  7102.82664257  6278.31092704
  5018.89011866  4533.60526563  5346.14468065  4620.71872829
  8291.18717421  4266.0339798   6146.59923246  6405.60007717
  6541.02315119 53744.82514093  5864.44067177 62094.83540211
 46544.69246588  6506.58119561  6513.09612723  7371.77330748
  4274.39219832  5812.37361055  6102.91272103  7330.97246074
  5612.03197893 48804.79188279  3661.3531037   6572.93458682
 62585.26270059  5597.99082873 58549.58618634  5737.26019309
 44498.49701452 26710.11728903  2436.89836843  6437.11472851
  7067.45995109  6229.9391521   7076.14268029  5488.82951338
  6016.26989173 54022.66049321  6007.4309339   6018.56254241
  5780.09617056  6067.16216127  5511.39281878  5942.52162396
  6958.84720921  6036.33310955  6101.41603375  7668.43229391
  6737.86458724  6201.01480059  5454.493183   49191.23289923
 54760.2065735   5638.24929873 61235.41406109 53379.09994062
  6090.7712035   6219.13954262  5453.58385823 79704.50675539
 52531.72283607 67821.90029971  5182.33097695 68251.06828595
 48526.45206025  5263.36786983  5206.60962733 62058.57697816
 50635.973715    7054.73486875  6434.25094218  6768.62213038
 61377.64716986  6623.11907275  6650.78234275  6048.18081994
  6459.48472417  5255.53414244  6336.07152761  5712.8354574
 68366.93949887  6842.52107243  5849.27743201  5486.07822697
 73459.86911773  6067.86756842  6316.3333092   5335.03755213
  6777.97748822  6888.23236147  6829.60307726  6009.37798512
  5089.06513364  6957.68548656  6735.35360518  7319.01988886
 66958.89814405  5055.57269164  5475.33888718  5871.20140117
  7205.97997593  6587.82945276  5431.02408363  3872.55948362
 83426.39064094  5049.89165556  6313.32132379  7147.40739313
  6281.08256948 67073.2617105   6718.50368607  7853.21643755
  5408.81938451  5961.24928774  7543.9909818  64517.50046972
  7255.86400585  7711.8558246   6986.37585977  7111.40055011
  6688.13578273  4406.68412387  6366.24421357 53413.44332333
  5240.49949138  5556.721681    6427.72065557  6614.68026129
  6852.86951835  4739.52961736 52670.16539111  6116.14212862
  6355.36668485  5465.98099482  5792.2486926  64990.92604669
  5994.44445172  3990.10264563  5333.27744334  6950.00297577
  4756.3050704  65656.20730969  5326.2478625   6131.154278
  5891.08429632  7135.81404557  6309.44781531  6037.7622878
  6073.72701386  6051.68538535  6199.53774946  6014.97592548
  6474.33142109  6600.67237045 56438.62693176  6937.08201409
  5602.36272726 77975.12645521  4339.96904506  9033.06777606
  6677.82967524 69897.44041875  6575.8007806   6214.41840904
  6888.69290131 44517.86540616  6004.24458225  5671.89876059
  7536.81231556  6205.60616601  6347.56890759  5764.9516347
  5049.54580346  6554.04031211  7001.58081658 61988.91059094
  6574.39609647  5396.11985525  7247.6111163   5662.30904433
  6348.50720356  5984.31857841  6237.42258857  5260.89370849
  6422.36188613  6499.52067089  6592.81506165  5508.47589306
  7128.63901863 44601.5291943   7603.98968401  7138.11837187
  6585.38046401  6596.20835365 56421.43414045  5538.40468649
  6159.76490891  6596.61747978  6077.59043593 49534.62578375
 62172.40110078  5395.51217456 50791.99673851  5737.62055884
  5756.80080629 53869.04043454  5222.98793473  6762.72306905
  6242.59444598  5793.67834264  6126.77150755  6209.28570253
  6803.27998184  6448.25925102  6867.2019113   5922.59669055
  6047.46050561  5902.61894044  5773.43881077  6601.11073588
  6205.51941981  7165.52589596  6562.00851932  5248.22429406
  5969.10210566  6999.65362447  6646.3273887   5636.17857057
 79100.02352639  4484.90288342  4944.95058149 43202.15090913
  5794.80258143 52786.39427646  7160.46914491  5436.61839379
  6366.53501618  5976.14390765  6504.80858371  5727.01171504
  6109.23617367  5377.0887071   5765.30604669 72058.83685306
  6061.55808443  5487.97385497  6584.05683503  7102.11694723
  4927.34778935  5901.76503365  5982.19865119 68074.69368397
  5061.26895982  6450.63435616  6972.31047384  5408.90017476
  5650.25999399  5256.72841609  4895.95279336  6904.95890944
  6024.18387012  6222.15483259  7676.89052219  6292.42105284
  6871.49991638  6540.69115375 57458.74832961  7751.92683802
  5749.62686463  6704.28080505  5593.28549238  6764.60867462
  6863.76478634  6899.70860756  4618.46303321 49590.60995816
 65635.52710693  5097.45563461 71377.30376034  5056.33954634
  6661.70342347  5397.58216983  5747.04009446  5547.42575416
  5178.54138674  6754.8255611   5642.62559449 70007.22087003
  5041.38469023  6820.22767223  5615.65268651  6750.31613463
  6851.59460641 64626.61688619  5389.36491903  5487.71653954
  6404.22343482  6731.21346237 46625.27676393  5921.89092102
  6721.58100065 56415.54730266  6578.57034544  5513.29007767
  6700.77756901  6281.58231366  5272.80678628  5734.62692341
  6485.86937125  6497.74951313 59731.46034239  4486.70358594
  7370.79608249 62387.75370858 61901.45503569  5015.12011916
  5842.40450292  7133.1020611  60020.21582426  5327.60875961
 62909.67328185  4997.74744827 63913.93599172 46398.62385603
 61499.3359013  52161.63018427  5593.26114626  6551.40542695
  5685.50265629  5055.20325491  6396.16424983  6796.05448237
  6364.2297955   5007.95948763  7321.99209019  7250.22310533
  4823.1564068  59794.77956557 59295.90996197  5920.37593695
  5833.51972073  6631.77763097  5618.99673916  6462.83850723
 60961.9882332   4620.01898871  6402.91761515 63132.3698698
  4262.2563924   6471.60732411  7658.12643801 50124.81216026
  4492.30075523  6444.44546308  6197.90792057  5560.864886
  7180.50358141 54793.28622608 64782.50575027  5578.4399295
  6040.93162956  6258.79116723  5556.49522654  6933.88485723
  7441.02259615  5675.00598923 49315.58290214  6711.58151108
 47543.480574   59279.58312057  6912.19742046  5929.80122065]"
99,[-0.9881314  -0.63013804],5,-0.9640276,-0.11569941,-7.258761404070951,66,"[1.40503135e-22 4.38648765e-16 1.03214003e-10 1.86459200e-06
 2.69654576e-03 3.56714210e-01 6.82775588e+00 4.28351986e+01
 1.58865026e+02 4.12084892e+02 6.58555281e+02 6.68238125e+02
 4.63891593e+02 2.70100546e+02 1.85845425e+02 1.46866675e+02
 9.04597368e+01 3.65919743e+01 9.44914800e+00 1.52940164e+00
 9.19817345e-02 8.23703911e-04]","[83547.96886933 39938.44376778 65923.18095353  6163.83542811
  5889.23172277  7597.16121379  5458.97519996  6260.41852912
  5889.43903787 60124.54262232 58707.18786805  5851.43124533
  6672.55804452  5899.10351205 54901.18107663  3644.02490659
 46254.96031654 19807.2909378   2326.02524704  5792.77152185
  5536.91404979  4654.00774886 67877.14051554  4136.45819079
 50771.22458257 14525.05551296  4539.41232926  5611.64923112
 61710.14521746  5713.59164764  6604.00346429  5830.8603772
  6564.76914371  6377.22090496  5261.8198347   6415.79012758
  6826.53181201 71882.37922307  5220.40878053  4181.49942301
  6950.7292965   4209.29943777  6043.26148879  6363.75416409
  6528.94947514  5421.49321377  6261.70483867  5271.17125533
  6332.14933623 58087.13920582  6123.14023328  6213.84116313
  5735.30728358  6108.2260058   6104.30179036  5702.85663063
  5188.08767313  7075.37523684 50842.68861214  4397.65102915
  6367.9726269   5206.98232144  5174.84663118  6228.96789701
  5050.79170005 60536.4950898  52610.9322741   5909.39309048
  6136.13349432 54368.42959847  5570.92941356  5611.58667665
  5665.99588761  5848.2613159  70508.76877362 56190.22131395
  6291.89627344  6033.13682373  6954.98415103  4960.59314019
 75418.2315406  51359.38950928  4930.31862205  6211.53141983
  7569.66145263  5905.22793962  5941.97319294  5713.54773683
  8099.39716895  4559.26102379  6003.30309475  5399.67422301
  6425.04099574 59913.569667   55774.90426462  7056.23150718
 69129.28546558  6221.22003208  4698.64588263  8203.30996647
  6211.69854694  6275.47743517  5369.89904972  5140.17847673
  7392.423234    5648.44767615  6293.70391854  5888.87003538
  6792.11308756 67376.6673631  48727.71696867  5016.65873399
 62720.26088186  5245.71987567  6258.26304316  7140.7560424
  4612.92161541 65192.05811908  4422.95187789  7069.42072705
  4704.67299248  6847.4246812   6450.85079006  5760.61518304
  6818.26680066  5729.98689979  6476.25324001 57731.21185883
  6640.38345825  5587.29762193  6027.45174364  5477.98105654
  6865.52673133  5409.16181687  6211.35354673  6130.37793436
  6489.47941852  6473.91097966  4317.99948832  5637.64072182
  6252.74631755  5234.86054389  6364.46752703  6356.36031718
  5522.40553595 63915.8736663   4501.46337156  4963.51901014
  7176.82900779  5813.71682122  5514.03969812 71389.43093784
  4716.69258408  5871.87158236  6981.21257107 53748.51063596
 57588.82048271  7078.20722396  6625.42956303  6258.6202583
  4663.56583843  6021.53803356  5734.99553182  4908.26365053
  6761.34003151 57005.77886706  6771.51782397  5247.26891981
 60182.40803969  6348.50503989  5875.60946929  5647.27316049
  6730.35732859  5748.18463211  5219.48593765  5348.82750714
 70654.3149017   6504.68148373 62696.96359123  6090.08909732
  6444.50673395  5863.48670414  5486.68396148  5829.09621624
 64093.1808756   6464.45715216  6207.81420797 67406.68787733
  4598.57838202  5670.47190251  5583.05614289  5398.66358548
  6522.94135318  5504.92887819  5360.6492747   7363.13584657
  7486.03649758  5958.12078035 55930.22813373  4552.269688
  6407.40858582  5422.34372557  7166.41758731  6303.86644582
  7138.17506464  6236.23677     6622.83828489  7270.65057263
 57791.86268703  5158.31292716  5629.00433602  6144.70596306
  5861.28657388  5178.55122581  7882.6784926   6687.34023623
  5925.42035626 55963.74682053  6176.47619004  6261.40392756
  5156.7404187  58866.74929397 60646.73587959 57077.03816853
  5443.14041841  6767.77820101  7017.58486787 59985.65639965
  6091.44717408  4362.50533969  5194.98865662  5450.93936457
  7196.31826366  6904.10634677  5393.28193145  5933.79226411
  6333.64738447  7063.73899639  6211.31741309  5811.95288363
  7066.04519845  6550.96122256  6262.52662243  5610.10465331
  5719.12141442  5678.18144065  6792.4414838   6101.042651
  7424.24397621  6300.91955917 73975.628666    3686.86648619
  7169.87490334 67480.70249743  5451.64774448  7025.6389534
  6002.3192246  52744.33527031  6333.1906492   4775.65901186
  5516.97924559  5223.44722179  7041.5597052   6173.90340329
  5582.41482621  6387.109165    7712.73477784  5933.11629263
 56983.35513181  6764.4900246   5723.89800799  6705.15567536
 61453.75422338  4877.85199801  7279.68461941 56966.71125848
  6602.11514966  5491.21552072 74831.02757364 57757.57944133
  7048.42996149  6908.35530798  6360.63101064  6084.23403118
  5348.75971036  6605.49107407  5911.08244405  6168.94732096
  6329.1849428  56231.63163524  5797.34774815  5661.05304665
  6622.18209256  4800.45150931  6275.52016923  6147.52886364
  4781.23440666 69584.07864239  4648.71181149  9011.55092059
  5619.31613277  5202.6777602  64818.16949027 62138.12342085
  5322.52103615  5645.02190022  4479.72742341  8430.0037072
  6097.95595197  7656.59082421  4971.98172678  6416.83545961
  4631.65008946 64646.30097279 55992.58528439  5530.84388882
  6578.55769066  6199.45162779  5347.21006781  4931.98268457
  6825.17191881  6692.10233796  5811.84934051  4927.47181568
  6378.95619624  5149.93277458 66604.45564027  6415.14207662
 68876.87077962 61136.27407464  5710.26553476  7421.02500402
  4563.60237237  6471.17338595  6105.02119257  6038.13156023
  6615.63044405  4762.53020513  6164.34533993  5861.44275338
  6461.83256392 59438.6113843   6999.73429016  4915.99633582
  6395.53070021  6169.22757175  6887.97308527 64232.39611789
  7831.62091251 49741.64053893  4697.65473198 64206.57175291
  6012.35471194  7980.21953428 58058.46631402  5643.12686269
 76213.99456868  4328.73031709  6881.09532138  7453.45363848
  5678.11385809  7299.36014999 61833.74583786 56851.20433617
 51964.94150026  4749.56674587  6997.81762701  5488.25390067
  6018.83119213 74034.72553718  5746.9936133   5100.87803844
  7097.3678502   5564.43610085  6503.06909685  7019.83799716
  5404.15361148  7654.98658405  5223.42521058  6391.6164698
  5976.49239334  5436.37347086  7538.67145495  5390.49259696
  5970.56062359  6367.53310976  6018.83027941 66033.20993953
  4652.76526509  6018.31202538  7254.84961048  5038.33426076
  6923.68103899  5334.45136865  6242.2493656   5516.56180447
  7300.96773274 57478.91195754  6349.89020563  6510.05261943
  6923.52129352  6661.4044468   4533.90264716  6194.08992591
  5575.90702118  6603.75837556 65867.21184551  5957.38102554
  6242.49678118  4790.04005924 52161.64675825  5769.61173555
  5464.38218533  6334.68326032  8051.02096765  4661.03978835
  5679.18150229 78482.70137173 65295.21487134  6515.61784749
  4725.65825331  8675.62491429  5608.70259116  7085.53274606
  5853.31552711  5763.6747413   5380.6940951   6465.28613231
  6420.50294184  7373.45483104 64878.75182175 66124.33906658
  7221.64527106  6768.16673358  7626.52804829 70090.84587472
  5614.08750458  5208.53211395  8474.21102945  5885.41147342
  6899.30154549  5151.05692355  7273.45399159  4785.93791592
 66098.498627   64308.15843719  5928.84484653  6323.72445224
  6362.71543488  6355.54874033  5998.44162359  5699.22447936
  6359.69866339  6360.35273629  6308.92191476  6128.52354027
  6806.38586631  6612.77887821  5471.79669053  5057.86430425
  5303.40866033  6369.35710904  4604.11097692  5592.27594588
  6482.03273404  6459.81705765  4854.99597728  7278.50375746
  5024.49883722  6197.83694108  5209.46829917  5540.6469082
  7522.7058514   5805.2204071   6468.19581257  5782.46455314
  5692.33250491 72477.41115467 51600.06891208  8856.52166366
 62943.69318919  5752.15755694  6434.41781206  6175.45290944
  5454.62450261 66271.70139824  5796.18657665  5358.69525856
  8359.56566151  6360.01816964 51436.40368253  5348.09413797
  5474.96559347 69503.47674335  5128.33258009  6745.74691071
  6034.9807265   6557.05472839  6358.90583962 52248.4614654
  5467.35029669  5670.22454833  5901.50128919  6211.05044057
  6419.6837719  57295.7180111   6059.99133844  6167.11529196
 66304.30813631 66638.94487489  6477.28794424 64997.18334172
  5061.97648848  5718.96331458  7266.34446446  4885.84976324
  5609.05794961  5967.54222057  6838.951804    6767.75309854
  5341.33189646 68702.1067681   6136.13301701  7531.34189992
  5771.75567899  6450.78745202  7515.36460564  5578.52643622
  5966.11805694  6567.93556199  6055.758       5858.40265394
  5560.77844108  5323.65156574  5514.50148703  6111.62386056
  5710.73425763  6664.45013326  6872.66858031  7142.67696039
  6258.42906788 58905.44525643  5187.339974    7711.43811044
  5909.46572739  6164.18866056  5669.92212196 67986.63025219
  5200.24001547  5644.17726963  7102.82664257  6278.31092704
  5018.89011866  4533.60526563  5346.14468065  4620.71872829
  8291.18717421  4266.0339798   6146.59923246  6405.60007717
  6541.02315119 53744.82514093  5864.44067177 62094.83540211
 46544.69246588  6506.58119561  6513.09612723  7371.77330748
  4274.39219832  5812.37361055  6102.91272103  7330.97246074
  5612.03197893 48804.79188279  3661.3531037   6572.93458682
 62585.26270059  5597.99082873 58549.58618634  5737.26019309
 44498.49701452 26710.11728903  2436.89836843  6437.11472851
  7067.45995109  6229.9391521   7076.14268029  5488.82951338
  6016.26989173 54022.66049321  6007.4309339   6018.56254241
  5780.09617056  6067.16216127  5511.39281878  5942.52162396
  6958.84720921  6036.33310955  6101.41603375  7668.43229391
  6737.86458724  6201.01480059  5454.493183   49191.23289923
 54760.2065735   5638.24929873 61235.41406109 53379.09994062
  6090.7712035   6219.13954262  5453.58385823 79704.50675539
 52531.72283607 67821.90029971  5182.33097695 68251.06828595
 48526.45206025  5263.36786983  5206.60962733 62058.57697816
 50635.973715    7054.73486875  6434.25094218  6768.62213038
 61377.64716986  6623.11907275  6650.78234275  6048.18081994
  6459.48472417  5255.53414244  6336.07152761  5712.8354574
 68366.93949887  6842.52107243  5849.27743201  5486.07822697
 73459.86911773  6067.86756842  6316.3333092   5335.03755213
  6777.97748822  6888.23236147  6829.60307726  6009.37798512
  5089.06513364  6957.68548656  6735.35360518  7319.01988886
 66958.89814405  5055.57269164  5475.33888718  5871.20140117
  7205.97997593  6587.82945276  5431.02408363  3872.55948362
 83426.39064094  5049.89165556  6313.32132379  7147.40739313
  6281.08256948 67073.2617105   6718.50368607  7853.21643755
  5408.81938451  5961.24928774  7543.9909818  64517.50046972
  7255.86400585  7711.8558246   6986.37585977  7111.40055011
  6688.13578273  4406.68412387  6366.24421357 53413.44332333
  5240.49949138  5556.721681    6427.72065557  6614.68026129
  6852.86951835  4739.52961736 52670.16539111  6116.14212862
  6355.36668485  5465.98099482  5792.2486926  64990.92604669
  5994.44445172  3990.10264563  5333.27744334  6950.00297577
  4756.3050704  65656.20730969  5326.2478625   6131.154278
  5891.08429632  7135.81404557  6309.44781531  6037.7622878
  6073.72701386  6051.68538535  6199.53774946  6014.97592548
  6474.33142109  6600.67237045 56438.62693176  6937.08201409
  5602.36272726 77975.12645521  4339.96904506  9033.06777606
  6677.82967524 69897.44041875  6575.8007806   6214.41840904
  6888.69290131 44517.86540616  6004.24458225  5671.89876059
  7536.81231556  6205.60616601  6347.56890759  5764.9516347
  5049.54580346  6554.04031211  7001.58081658 61988.91059094
  6574.39609647  5396.11985525  7247.6111163   5662.30904433
  6348.50720356  5984.31857841  6237.42258857  5260.89370849
  6422.36188613  6499.52067089  6592.81506165  5508.47589306
  7128.63901863 44601.5291943   7603.98968401  7138.11837187
  6585.38046401  6596.20835365 56421.43414045  5538.40468649
  6159.76490891  6596.61747978  6077.59043593 49534.62578375
 62172.40110078  5395.51217456 50791.99673851  5737.62055884
  5756.80080629 53869.04043454  5222.98793473  6762.72306905
  6242.59444598  5793.67834264  6126.77150755  6209.28570253
  6803.27998184  6448.25925102  6867.2019113   5922.59669055
  6047.46050561  5902.61894044  5773.43881077  6601.11073588
  6205.51941981  7165.52589596  6562.00851932  5248.22429406
  5969.10210566  6999.65362447  6646.3273887   5636.17857057
 79100.02352639  4484.90288342  4944.95058149 43202.15090913
  5794.80258143 52786.39427646  7160.46914491  5436.61839379
  6366.53501618  5976.14390765  6504.80858371  5727.01171504
  6109.23617367  5377.0887071   5765.30604669 72058.83685306
  6061.55808443  5487.97385497  6584.05683503  7102.11694723
  4927.34778935  5901.76503365  5982.19865119 68074.69368397
  5061.26895982  6450.63435616  6972.31047384  5408.90017476
  5650.25999399  5256.72841609  4895.95279336  6904.95890944
  6024.18387012  6222.15483259  7676.89052219  6292.42105284
  6871.49991638  6540.69115375 57458.74832961  7751.92683802
  5749.62686463  6704.28080505  5593.28549238  6764.60867462
  6863.76478634  6899.70860756  4618.46303321 49590.60995816
 65635.52710693  5097.45563461 71377.30376034  5056.33954634
  6661.70342347  5397.58216983  5747.04009446  5547.42575416
  5178.54138674  6754.8255611   5642.62559449 70007.22087003
  5041.38469023  6820.22767223  5615.65268651  6750.31613463
  6851.59460641 64626.61688619  5389.36491903  5487.71653954
  6404.22343482  6731.21346237 46625.27676393  5921.89092102
  6721.58100065 56415.54730266  6578.57034544  5513.29007767
  6700.77756901  6281.58231366  5272.80678628  5734.62692341
  6485.86937125  6497.74951313 59731.46034239  4486.70358594
  7370.79608249 62387.75370858 61901.45503569  5015.12011916
  5842.40450292  7133.1020611  60020.21582426  5327.60875961
 62909.67328185  4997.74744827 63913.93599172 46398.62385603
 61499.3359013  52161.63018427  5593.26114626  6551.40542695
  5685.50265629  5055.20325491  6396.16424983  6796.05448237
  6364.2297955   5007.95948763  7321.99209019  7250.22310533
  4823.1564068  59794.77956557 59295.90996197  5920.37593695
  5833.51972073  6631.77763097  5618.99673916  6462.83850723
 60961.9882332   4620.01898871  6402.91761515 63132.3698698
  4262.2563924   6471.60732411  7658.12643801 50124.81216026
  4492.30075523  6444.44546308  6197.90792057  5560.864886
  7180.50358141 54793.28622608 64782.50575027  5578.4399295
  6040.93162956  6258.79116723  5556.49522654  6933.88485723
  7441.02259615  5675.00598923 49315.58290214  6711.58151108
 47543.480574   59279.58312057  6912.19742046  5929.80122065
  5189.99190546 69371.40555817  8251.20176144  6227.58929352
  6943.96959276  7165.21908138  6139.64285306  7603.52376275
  7033.9751392   5150.50973895 63724.56201086 53646.80700774
  6563.39464876 70802.19600911]"
99,[-0.98652667 -0.6207842 ],5,-0.9640276,-0.11569941,-6.443674246465222,67,"[2.21671866e-38 6.19846060e-28 3.50145130e-19 4.05379462e-12
 9.88331986e-07 5.41303939e-03 8.99174670e-01 1.88123624e+01
 1.37706387e+02 4.85142766e+02 9.26325794e+02 9.54762437e+02
 5.61501322e+02 2.91108118e+02 2.48264816e+02 2.11853649e+02
 1.13626517e+02 3.93447217e+01 7.28351855e+00 9.44940165e-01
 4.71049358e-02 1.21489459e-04]","[83547.96886933 39938.44376778 65923.18095353  6163.83542811
  5889.23172277  7597.16121379  5458.97519996  6260.41852912
  5889.43903787 60124.54262232 58707.18786805  5851.43124533
  6672.55804452  5899.10351205 54901.18107663  3644.02490659
 46254.96031654 19807.2909378   2326.02524704  5792.77152185
  5536.91404979  4654.00774886 67877.14051554  4136.45819079
 50771.22458257 14525.05551296  4539.41232926  5611.64923112
 61710.14521746  5713.59164764  6604.00346429  5830.8603772
  6564.76914371  6377.22090496  5261.8198347   6415.79012758
  6826.53181201 71882.37922307  5220.40878053  4181.49942301
  6950.7292965   4209.29943777  6043.26148879  6363.75416409
  6528.94947514  5421.49321377  6261.70483867  5271.17125533
  6332.14933623 58087.13920582  6123.14023328  6213.84116313
  5735.30728358  6108.2260058   6104.30179036  5702.85663063
  5188.08767313  7075.37523684 50842.68861214  4397.65102915
  6367.9726269   5206.98232144  5174.84663118  6228.96789701
  5050.79170005 60536.4950898  52610.9322741   5909.39309048
  6136.13349432 54368.42959847  5570.92941356  5611.58667665
  5665.99588761  5848.2613159  70508.76877362 56190.22131395
  6291.89627344  6033.13682373  6954.98415103  4960.59314019
 75418.2315406  51359.38950928  4930.31862205  6211.53141983
  7569.66145263  5905.22793962  5941.97319294  5713.54773683
  8099.39716895  4559.26102379  6003.30309475  5399.67422301
  6425.04099574 59913.569667   55774.90426462  7056.23150718
 69129.28546558  6221.22003208  4698.64588263  8203.30996647
  6211.69854694  6275.47743517  5369.89904972  5140.17847673
  7392.423234    5648.44767615  6293.70391854  5888.87003538
  6792.11308756 67376.6673631  48727.71696867  5016.65873399
 62720.26088186  5245.71987567  6258.26304316  7140.7560424
  4612.92161541 65192.05811908  4422.95187789  7069.42072705
  4704.67299248  6847.4246812   6450.85079006  5760.61518304
  6818.26680066  5729.98689979  6476.25324001 57731.21185883
  6640.38345825  5587.29762193  6027.45174364  5477.98105654
  6865.52673133  5409.16181687  6211.35354673  6130.37793436
  6489.47941852  6473.91097966  4317.99948832  5637.64072182
  6252.74631755  5234.86054389  6364.46752703  6356.36031718
  5522.40553595 63915.8736663   4501.46337156  4963.51901014
  7176.82900779  5813.71682122  5514.03969812 71389.43093784
  4716.69258408  5871.87158236  6981.21257107 53748.51063596
 57588.82048271  7078.20722396  6625.42956303  6258.6202583
  4663.56583843  6021.53803356  5734.99553182  4908.26365053
  6761.34003151 57005.77886706  6771.51782397  5247.26891981
 60182.40803969  6348.50503989  5875.60946929  5647.27316049
  6730.35732859  5748.18463211  5219.48593765  5348.82750714
 70654.3149017   6504.68148373 62696.96359123  6090.08909732
  6444.50673395  5863.48670414  5486.68396148  5829.09621624
 64093.1808756   6464.45715216  6207.81420797 67406.68787733
  4598.57838202  5670.47190251  5583.05614289  5398.66358548
  6522.94135318  5504.92887819  5360.6492747   7363.13584657
  7486.03649758  5958.12078035 55930.22813373  4552.269688
  6407.40858582  5422.34372557  7166.41758731  6303.86644582
  7138.17506464  6236.23677     6622.83828489  7270.65057263
 57791.86268703  5158.31292716  5629.00433602  6144.70596306
  5861.28657388  5178.55122581  7882.6784926   6687.34023623
  5925.42035626 55963.74682053  6176.47619004  6261.40392756
  5156.7404187  58866.74929397 60646.73587959 57077.03816853
  5443.14041841  6767.77820101  7017.58486787 59985.65639965
  6091.44717408  4362.50533969  5194.98865662  5450.93936457
  7196.31826366  6904.10634677  5393.28193145  5933.79226411
  6333.64738447  7063.73899639  6211.31741309  5811.95288363
  7066.04519845  6550.96122256  6262.52662243  5610.10465331
  5719.12141442  5678.18144065  6792.4414838   6101.042651
  7424.24397621  6300.91955917 73975.628666    3686.86648619
  7169.87490334 67480.70249743  5451.64774448  7025.6389534
  6002.3192246  52744.33527031  6333.1906492   4775.65901186
  5516.97924559  5223.44722179  7041.5597052   6173.90340329
  5582.41482621  6387.109165    7712.73477784  5933.11629263
 56983.35513181  6764.4900246   5723.89800799  6705.15567536
 61453.75422338  4877.85199801  7279.68461941 56966.71125848
  6602.11514966  5491.21552072 74831.02757364 57757.57944133
  7048.42996149  6908.35530798  6360.63101064  6084.23403118
  5348.75971036  6605.49107407  5911.08244405  6168.94732096
  6329.1849428  56231.63163524  5797.34774815  5661.05304665
  6622.18209256  4800.45150931  6275.52016923  6147.52886364
  4781.23440666 69584.07864239  4648.71181149  9011.55092059
  5619.31613277  5202.6777602  64818.16949027 62138.12342085
  5322.52103615  5645.02190022  4479.72742341  8430.0037072
  6097.95595197  7656.59082421  4971.98172678  6416.83545961
  4631.65008946 64646.30097279 55992.58528439  5530.84388882
  6578.55769066  6199.45162779  5347.21006781  4931.98268457
  6825.17191881  6692.10233796  5811.84934051  4927.47181568
  6378.95619624  5149.93277458 66604.45564027  6415.14207662
 68876.87077962 61136.27407464  5710.26553476  7421.02500402
  4563.60237237  6471.17338595  6105.02119257  6038.13156023
  6615.63044405  4762.53020513  6164.34533993  5861.44275338
  6461.83256392 59438.6113843   6999.73429016  4915.99633582
  6395.53070021  6169.22757175  6887.97308527 64232.39611789
  7831.62091251 49741.64053893  4697.65473198 64206.57175291
  6012.35471194  7980.21953428 58058.46631402  5643.12686269
 76213.99456868  4328.73031709  6881.09532138  7453.45363848
  5678.11385809  7299.36014999 61833.74583786 56851.20433617
 51964.94150026  4749.56674587  6997.81762701  5488.25390067
  6018.83119213 74034.72553718  5746.9936133   5100.87803844
  7097.3678502   5564.43610085  6503.06909685  7019.83799716
  5404.15361148  7654.98658405  5223.42521058  6391.6164698
  5976.49239334  5436.37347086  7538.67145495  5390.49259696
  5970.56062359  6367.53310976  6018.83027941 66033.20993953
  4652.76526509  6018.31202538  7254.84961048  5038.33426076
  6923.68103899  5334.45136865  6242.2493656   5516.56180447
  7300.96773274 57478.91195754  6349.89020563  6510.05261943
  6923.52129352  6661.4044468   4533.90264716  6194.08992591
  5575.90702118  6603.75837556 65867.21184551  5957.38102554
  6242.49678118  4790.04005924 52161.64675825  5769.61173555
  5464.38218533  6334.68326032  8051.02096765  4661.03978835
  5679.18150229 78482.70137173 65295.21487134  6515.61784749
  4725.65825331  8675.62491429  5608.70259116  7085.53274606
  5853.31552711  5763.6747413   5380.6940951   6465.28613231
  6420.50294184  7373.45483104 64878.75182175 66124.33906658
  7221.64527106  6768.16673358  7626.52804829 70090.84587472
  5614.08750458  5208.53211395  8474.21102945  5885.41147342
  6899.30154549  5151.05692355  7273.45399159  4785.93791592
 66098.498627   64308.15843719  5928.84484653  6323.72445224
  6362.71543488  6355.54874033  5998.44162359  5699.22447936
  6359.69866339  6360.35273629  6308.92191476  6128.52354027
  6806.38586631  6612.77887821  5471.79669053  5057.86430425
  5303.40866033  6369.35710904  4604.11097692  5592.27594588
  6482.03273404  6459.81705765  4854.99597728  7278.50375746
  5024.49883722  6197.83694108  5209.46829917  5540.6469082
  7522.7058514   5805.2204071   6468.19581257  5782.46455314
  5692.33250491 72477.41115467 51600.06891208  8856.52166366
 62943.69318919  5752.15755694  6434.41781206  6175.45290944
  5454.62450261 66271.70139824  5796.18657665  5358.69525856
  8359.56566151  6360.01816964 51436.40368253  5348.09413797
  5474.96559347 69503.47674335  5128.33258009  6745.74691071
  6034.9807265   6557.05472839  6358.90583962 52248.4614654
  5467.35029669  5670.22454833  5901.50128919  6211.05044057
  6419.6837719  57295.7180111   6059.99133844  6167.11529196
 66304.30813631 66638.94487489  6477.28794424 64997.18334172
  5061.97648848  5718.96331458  7266.34446446  4885.84976324
  5609.05794961  5967.54222057  6838.951804    6767.75309854
  5341.33189646 68702.1067681   6136.13301701  7531.34189992
  5771.75567899  6450.78745202  7515.36460564  5578.52643622
  5966.11805694  6567.93556199  6055.758       5858.40265394
  5560.77844108  5323.65156574  5514.50148703  6111.62386056
  5710.73425763  6664.45013326  6872.66858031  7142.67696039
  6258.42906788 58905.44525643  5187.339974    7711.43811044
  5909.46572739  6164.18866056  5669.92212196 67986.63025219
  5200.24001547  5644.17726963  7102.82664257  6278.31092704
  5018.89011866  4533.60526563  5346.14468065  4620.71872829
  8291.18717421  4266.0339798   6146.59923246  6405.60007717
  6541.02315119 53744.82514093  5864.44067177 62094.83540211
 46544.69246588  6506.58119561  6513.09612723  7371.77330748
  4274.39219832  5812.37361055  6102.91272103  7330.97246074
  5612.03197893 48804.79188279  3661.3531037   6572.93458682
 62585.26270059  5597.99082873 58549.58618634  5737.26019309
 44498.49701452 26710.11728903  2436.89836843  6437.11472851
  7067.45995109  6229.9391521   7076.14268029  5488.82951338
  6016.26989173 54022.66049321  6007.4309339   6018.56254241
  5780.09617056  6067.16216127  5511.39281878  5942.52162396
  6958.84720921  6036.33310955  6101.41603375  7668.43229391
  6737.86458724  6201.01480059  5454.493183   49191.23289923
 54760.2065735   5638.24929873 61235.41406109 53379.09994062
  6090.7712035   6219.13954262  5453.58385823 79704.50675539
 52531.72283607 67821.90029971  5182.33097695 68251.06828595
 48526.45206025  5263.36786983  5206.60962733 62058.57697816
 50635.973715    7054.73486875  6434.25094218  6768.62213038
 61377.64716986  6623.11907275  6650.78234275  6048.18081994
  6459.48472417  5255.53414244  6336.07152761  5712.8354574
 68366.93949887  6842.52107243  5849.27743201  5486.07822697
 73459.86911773  6067.86756842  6316.3333092   5335.03755213
  6777.97748822  6888.23236147  6829.60307726  6009.37798512
  5089.06513364  6957.68548656  6735.35360518  7319.01988886
 66958.89814405  5055.57269164  5475.33888718  5871.20140117
  7205.97997593  6587.82945276  5431.02408363  3872.55948362
 83426.39064094  5049.89165556  6313.32132379  7147.40739313
  6281.08256948 67073.2617105   6718.50368607  7853.21643755
  5408.81938451  5961.24928774  7543.9909818  64517.50046972
  7255.86400585  7711.8558246   6986.37585977  7111.40055011
  6688.13578273  4406.68412387  6366.24421357 53413.44332333
  5240.49949138  5556.721681    6427.72065557  6614.68026129
  6852.86951835  4739.52961736 52670.16539111  6116.14212862
  6355.36668485  5465.98099482  5792.2486926  64990.92604669
  5994.44445172  3990.10264563  5333.27744334  6950.00297577
  4756.3050704  65656.20730969  5326.2478625   6131.154278
  5891.08429632  7135.81404557  6309.44781531  6037.7622878
  6073.72701386  6051.68538535  6199.53774946  6014.97592548
  6474.33142109  6600.67237045 56438.62693176  6937.08201409
  5602.36272726 77975.12645521  4339.96904506  9033.06777606
  6677.82967524 69897.44041875  6575.8007806   6214.41840904
  6888.69290131 44517.86540616  6004.24458225  5671.89876059
  7536.81231556  6205.60616601  6347.56890759  5764.9516347
  5049.54580346  6554.04031211  7001.58081658 61988.91059094
  6574.39609647  5396.11985525  7247.6111163   5662.30904433
  6348.50720356  5984.31857841  6237.42258857  5260.89370849
  6422.36188613  6499.52067089  6592.81506165  5508.47589306
  7128.63901863 44601.5291943   7603.98968401  7138.11837187
  6585.38046401  6596.20835365 56421.43414045  5538.40468649
  6159.76490891  6596.61747978  6077.59043593 49534.62578375
 62172.40110078  5395.51217456 50791.99673851  5737.62055884
  5756.80080629 53869.04043454  5222.98793473  6762.72306905
  6242.59444598  5793.67834264  6126.77150755  6209.28570253
  6803.27998184  6448.25925102  6867.2019113   5922.59669055
  6047.46050561  5902.61894044  5773.43881077  6601.11073588
  6205.51941981  7165.52589596  6562.00851932  5248.22429406
  5969.10210566  6999.65362447  6646.3273887   5636.17857057
 79100.02352639  4484.90288342  4944.95058149 43202.15090913
  5794.80258143 52786.39427646  7160.46914491  5436.61839379
  6366.53501618  5976.14390765  6504.80858371  5727.01171504
  6109.23617367  5377.0887071   5765.30604669 72058.83685306
  6061.55808443  5487.97385497  6584.05683503  7102.11694723
  4927.34778935  5901.76503365  5982.19865119 68074.69368397
  5061.26895982  6450.63435616  6972.31047384  5408.90017476
  5650.25999399  5256.72841609  4895.95279336  6904.95890944
  6024.18387012  6222.15483259  7676.89052219  6292.42105284
  6871.49991638  6540.69115375 57458.74832961  7751.92683802
  5749.62686463  6704.28080505  5593.28549238  6764.60867462
  6863.76478634  6899.70860756  4618.46303321 49590.60995816
 65635.52710693  5097.45563461 71377.30376034  5056.33954634
  6661.70342347  5397.58216983  5747.04009446  5547.42575416
  5178.54138674  6754.8255611   5642.62559449 70007.22087003
  5041.38469023  6820.22767223  5615.65268651  6750.31613463
  6851.59460641 64626.61688619  5389.36491903  5487.71653954
  6404.22343482  6731.21346237 46625.27676393  5921.89092102
  6721.58100065 56415.54730266  6578.57034544  5513.29007767
  6700.77756901  6281.58231366  5272.80678628  5734.62692341
  6485.86937125  6497.74951313 59731.46034239  4486.70358594
  7370.79608249 62387.75370858 61901.45503569  5015.12011916
  5842.40450292  7133.1020611  60020.21582426  5327.60875961
 62909.67328185  4997.74744827 63913.93599172 46398.62385603
 61499.3359013  52161.63018427  5593.26114626  6551.40542695
  5685.50265629  5055.20325491  6396.16424983  6796.05448237
  6364.2297955   5007.95948763  7321.99209019  7250.22310533
  4823.1564068  59794.77956557 59295.90996197  5920.37593695
  5833.51972073  6631.77763097  5618.99673916  6462.83850723
 60961.9882332   4620.01898871  6402.91761515 63132.3698698
  4262.2563924   6471.60732411  7658.12643801 50124.81216026
  4492.30075523  6444.44546308  6197.90792057  5560.864886
  7180.50358141 54793.28622608 64782.50575027  5578.4399295
  6040.93162956  6258.79116723  5556.49522654  6933.88485723
  7441.02259615  5675.00598923 49315.58290214  6711.58151108
 47543.480574   59279.58312057  6912.19742046  5929.80122065
  5189.99190546 69371.40555817  8251.20176144  6227.58929352
  6943.96959276  7165.21908138  6139.64285306  7603.52376275
  7033.9751392   5150.50973895 63724.56201086 53646.80700774
  6563.39464876 70802.19600911  4831.50649438  6061.54321168
  6273.88269162  5003.83780422  5153.73421979  5437.93784028
  7181.88527474  6025.60466672  7557.06962044  6868.70609285
  5050.74172702  5062.06993408  5072.37552614 48349.85694202]"
99,[-0.98538995 -0.6493001 ],5,-0.9640276,-0.11569941,-6.2618718735301755,68,"[2.35152064e-22 1.40128170e-15 4.57026475e-10 8.35287824e-06
 9.02799391e-03 6.91570101e-01 7.71203537e+00 4.97900970e+01
 2.18900293e+02 5.54207221e+02 8.63801362e+02 8.44856599e+02
 5.65536615e+02 3.49212793e+02 2.55862976e+02 1.87909214e+02
 1.02892284e+02 3.72300213e+01 8.34044635e+00 6.85322238e-01
 7.13187723e-03 5.11597530e-06]","[83547.96886933 39938.44376778 65923.18095353  6163.83542811
  5889.23172277  7597.16121379  5458.97519996  6260.41852912
  5889.43903787 60124.54262232 58707.18786805  5851.43124533
  6672.55804452  5899.10351205 54901.18107663  3644.02490659
 46254.96031654 19807.2909378   2326.02524704  5792.77152185
  5536.91404979  4654.00774886 67877.14051554  4136.45819079
 50771.22458257 14525.05551296  4539.41232926  5611.64923112
 61710.14521746  5713.59164764  6604.00346429  5830.8603772
  6564.76914371  6377.22090496  5261.8198347   6415.79012758
  6826.53181201 71882.37922307  5220.40878053  4181.49942301
  6950.7292965   4209.29943777  6043.26148879  6363.75416409
  6528.94947514  5421.49321377  6261.70483867  5271.17125533
  6332.14933623 58087.13920582  6123.14023328  6213.84116313
  5735.30728358  6108.2260058   6104.30179036  5702.85663063
  5188.08767313  7075.37523684 50842.68861214  4397.65102915
  6367.9726269   5206.98232144  5174.84663118  6228.96789701
  5050.79170005 60536.4950898  52610.9322741   5909.39309048
  6136.13349432 54368.42959847  5570.92941356  5611.58667665
  5665.99588761  5848.2613159  70508.76877362 56190.22131395
  6291.89627344  6033.13682373  6954.98415103  4960.59314019
 75418.2315406  51359.38950928  4930.31862205  6211.53141983
  7569.66145263  5905.22793962  5941.97319294  5713.54773683
  8099.39716895  4559.26102379  6003.30309475  5399.67422301
  6425.04099574 59913.569667   55774.90426462  7056.23150718
 69129.28546558  6221.22003208  4698.64588263  8203.30996647
  6211.69854694  6275.47743517  5369.89904972  5140.17847673
  7392.423234    5648.44767615  6293.70391854  5888.87003538
  6792.11308756 67376.6673631  48727.71696867  5016.65873399
 62720.26088186  5245.71987567  6258.26304316  7140.7560424
  4612.92161541 65192.05811908  4422.95187789  7069.42072705
  4704.67299248  6847.4246812   6450.85079006  5760.61518304
  6818.26680066  5729.98689979  6476.25324001 57731.21185883
  6640.38345825  5587.29762193  6027.45174364  5477.98105654
  6865.52673133  5409.16181687  6211.35354673  6130.37793436
  6489.47941852  6473.91097966  4317.99948832  5637.64072182
  6252.74631755  5234.86054389  6364.46752703  6356.36031718
  5522.40553595 63915.8736663   4501.46337156  4963.51901014
  7176.82900779  5813.71682122  5514.03969812 71389.43093784
  4716.69258408  5871.87158236  6981.21257107 53748.51063596
 57588.82048271  7078.20722396  6625.42956303  6258.6202583
  4663.56583843  6021.53803356  5734.99553182  4908.26365053
  6761.34003151 57005.77886706  6771.51782397  5247.26891981
 60182.40803969  6348.50503989  5875.60946929  5647.27316049
  6730.35732859  5748.18463211  5219.48593765  5348.82750714
 70654.3149017   6504.68148373 62696.96359123  6090.08909732
  6444.50673395  5863.48670414  5486.68396148  5829.09621624
 64093.1808756   6464.45715216  6207.81420797 67406.68787733
  4598.57838202  5670.47190251  5583.05614289  5398.66358548
  6522.94135318  5504.92887819  5360.6492747   7363.13584657
  7486.03649758  5958.12078035 55930.22813373  4552.269688
  6407.40858582  5422.34372557  7166.41758731  6303.86644582
  7138.17506464  6236.23677     6622.83828489  7270.65057263
 57791.86268703  5158.31292716  5629.00433602  6144.70596306
  5861.28657388  5178.55122581  7882.6784926   6687.34023623
  5925.42035626 55963.74682053  6176.47619004  6261.40392756
  5156.7404187  58866.74929397 60646.73587959 57077.03816853
  5443.14041841  6767.77820101  7017.58486787 59985.65639965
  6091.44717408  4362.50533969  5194.98865662  5450.93936457
  7196.31826366  6904.10634677  5393.28193145  5933.79226411
  6333.64738447  7063.73899639  6211.31741309  5811.95288363
  7066.04519845  6550.96122256  6262.52662243  5610.10465331
  5719.12141442  5678.18144065  6792.4414838   6101.042651
  7424.24397621  6300.91955917 73975.628666    3686.86648619
  7169.87490334 67480.70249743  5451.64774448  7025.6389534
  6002.3192246  52744.33527031  6333.1906492   4775.65901186
  5516.97924559  5223.44722179  7041.5597052   6173.90340329
  5582.41482621  6387.109165    7712.73477784  5933.11629263
 56983.35513181  6764.4900246   5723.89800799  6705.15567536
 61453.75422338  4877.85199801  7279.68461941 56966.71125848
  6602.11514966  5491.21552072 74831.02757364 57757.57944133
  7048.42996149  6908.35530798  6360.63101064  6084.23403118
  5348.75971036  6605.49107407  5911.08244405  6168.94732096
  6329.1849428  56231.63163524  5797.34774815  5661.05304665
  6622.18209256  4800.45150931  6275.52016923  6147.52886364
  4781.23440666 69584.07864239  4648.71181149  9011.55092059
  5619.31613277  5202.6777602  64818.16949027 62138.12342085
  5322.52103615  5645.02190022  4479.72742341  8430.0037072
  6097.95595197  7656.59082421  4971.98172678  6416.83545961
  4631.65008946 64646.30097279 55992.58528439  5530.84388882
  6578.55769066  6199.45162779  5347.21006781  4931.98268457
  6825.17191881  6692.10233796  5811.84934051  4927.47181568
  6378.95619624  5149.93277458 66604.45564027  6415.14207662
 68876.87077962 61136.27407464  5710.26553476  7421.02500402
  4563.60237237  6471.17338595  6105.02119257  6038.13156023
  6615.63044405  4762.53020513  6164.34533993  5861.44275338
  6461.83256392 59438.6113843   6999.73429016  4915.99633582
  6395.53070021  6169.22757175  6887.97308527 64232.39611789
  7831.62091251 49741.64053893  4697.65473198 64206.57175291
  6012.35471194  7980.21953428 58058.46631402  5643.12686269
 76213.99456868  4328.73031709  6881.09532138  7453.45363848
  5678.11385809  7299.36014999 61833.74583786 56851.20433617
 51964.94150026  4749.56674587  6997.81762701  5488.25390067
  6018.83119213 74034.72553718  5746.9936133   5100.87803844
  7097.3678502   5564.43610085  6503.06909685  7019.83799716
  5404.15361148  7654.98658405  5223.42521058  6391.6164698
  5976.49239334  5436.37347086  7538.67145495  5390.49259696
  5970.56062359  6367.53310976  6018.83027941 66033.20993953
  4652.76526509  6018.31202538  7254.84961048  5038.33426076
  6923.68103899  5334.45136865  6242.2493656   5516.56180447
  7300.96773274 57478.91195754  6349.89020563  6510.05261943
  6923.52129352  6661.4044468   4533.90264716  6194.08992591
  5575.90702118  6603.75837556 65867.21184551  5957.38102554
  6242.49678118  4790.04005924 52161.64675825  5769.61173555
  5464.38218533  6334.68326032  8051.02096765  4661.03978835
  5679.18150229 78482.70137173 65295.21487134  6515.61784749
  4725.65825331  8675.62491429  5608.70259116  7085.53274606
  5853.31552711  5763.6747413   5380.6940951   6465.28613231
  6420.50294184  7373.45483104 64878.75182175 66124.33906658
  7221.64527106  6768.16673358  7626.52804829 70090.84587472
  5614.08750458  5208.53211395  8474.21102945  5885.41147342
  6899.30154549  5151.05692355  7273.45399159  4785.93791592
 66098.498627   64308.15843719  5928.84484653  6323.72445224
  6362.71543488  6355.54874033  5998.44162359  5699.22447936
  6359.69866339  6360.35273629  6308.92191476  6128.52354027
  6806.38586631  6612.77887821  5471.79669053  5057.86430425
  5303.40866033  6369.35710904  4604.11097692  5592.27594588
  6482.03273404  6459.81705765  4854.99597728  7278.50375746
  5024.49883722  6197.83694108  5209.46829917  5540.6469082
  7522.7058514   5805.2204071   6468.19581257  5782.46455314
  5692.33250491 72477.41115467 51600.06891208  8856.52166366
 62943.69318919  5752.15755694  6434.41781206  6175.45290944
  5454.62450261 66271.70139824  5796.18657665  5358.69525856
  8359.56566151  6360.01816964 51436.40368253  5348.09413797
  5474.96559347 69503.47674335  5128.33258009  6745.74691071
  6034.9807265   6557.05472839  6358.90583962 52248.4614654
  5467.35029669  5670.22454833  5901.50128919  6211.05044057
  6419.6837719  57295.7180111   6059.99133844  6167.11529196
 66304.30813631 66638.94487489  6477.28794424 64997.18334172
  5061.97648848  5718.96331458  7266.34446446  4885.84976324
  5609.05794961  5967.54222057  6838.951804    6767.75309854
  5341.33189646 68702.1067681   6136.13301701  7531.34189992
  5771.75567899  6450.78745202  7515.36460564  5578.52643622
  5966.11805694  6567.93556199  6055.758       5858.40265394
  5560.77844108  5323.65156574  5514.50148703  6111.62386056
  5710.73425763  6664.45013326  6872.66858031  7142.67696039
  6258.42906788 58905.44525643  5187.339974    7711.43811044
  5909.46572739  6164.18866056  5669.92212196 67986.63025219
  5200.24001547  5644.17726963  7102.82664257  6278.31092704
  5018.89011866  4533.60526563  5346.14468065  4620.71872829
  8291.18717421  4266.0339798   6146.59923246  6405.60007717
  6541.02315119 53744.82514093  5864.44067177 62094.83540211
 46544.69246588  6506.58119561  6513.09612723  7371.77330748
  4274.39219832  5812.37361055  6102.91272103  7330.97246074
  5612.03197893 48804.79188279  3661.3531037   6572.93458682
 62585.26270059  5597.99082873 58549.58618634  5737.26019309
 44498.49701452 26710.11728903  2436.89836843  6437.11472851
  7067.45995109  6229.9391521   7076.14268029  5488.82951338
  6016.26989173 54022.66049321  6007.4309339   6018.56254241
  5780.09617056  6067.16216127  5511.39281878  5942.52162396
  6958.84720921  6036.33310955  6101.41603375  7668.43229391
  6737.86458724  6201.01480059  5454.493183   49191.23289923
 54760.2065735   5638.24929873 61235.41406109 53379.09994062
  6090.7712035   6219.13954262  5453.58385823 79704.50675539
 52531.72283607 67821.90029971  5182.33097695 68251.06828595
 48526.45206025  5263.36786983  5206.60962733 62058.57697816
 50635.973715    7054.73486875  6434.25094218  6768.62213038
 61377.64716986  6623.11907275  6650.78234275  6048.18081994
  6459.48472417  5255.53414244  6336.07152761  5712.8354574
 68366.93949887  6842.52107243  5849.27743201  5486.07822697
 73459.86911773  6067.86756842  6316.3333092   5335.03755213
  6777.97748822  6888.23236147  6829.60307726  6009.37798512
  5089.06513364  6957.68548656  6735.35360518  7319.01988886
 66958.89814405  5055.57269164  5475.33888718  5871.20140117
  7205.97997593  6587.82945276  5431.02408363  3872.55948362
 83426.39064094  5049.89165556  6313.32132379  7147.40739313
  6281.08256948 67073.2617105   6718.50368607  7853.21643755
  5408.81938451  5961.24928774  7543.9909818  64517.50046972
  7255.86400585  7711.8558246   6986.37585977  7111.40055011
  6688.13578273  4406.68412387  6366.24421357 53413.44332333
  5240.49949138  5556.721681    6427.72065557  6614.68026129
  6852.86951835  4739.52961736 52670.16539111  6116.14212862
  6355.36668485  5465.98099482  5792.2486926  64990.92604669
  5994.44445172  3990.10264563  5333.27744334  6950.00297577
  4756.3050704  65656.20730969  5326.2478625   6131.154278
  5891.08429632  7135.81404557  6309.44781531  6037.7622878
  6073.72701386  6051.68538535  6199.53774946  6014.97592548
  6474.33142109  6600.67237045 56438.62693176  6937.08201409
  5602.36272726 77975.12645521  4339.96904506  9033.06777606
  6677.82967524 69897.44041875  6575.8007806   6214.41840904
  6888.69290131 44517.86540616  6004.24458225  5671.89876059
  7536.81231556  6205.60616601  6347.56890759  5764.9516347
  5049.54580346  6554.04031211  7001.58081658 61988.91059094
  6574.39609647  5396.11985525  7247.6111163   5662.30904433
  6348.50720356  5984.31857841  6237.42258857  5260.89370849
  6422.36188613  6499.52067089  6592.81506165  5508.47589306
  7128.63901863 44601.5291943   7603.98968401  7138.11837187
  6585.38046401  6596.20835365 56421.43414045  5538.40468649
  6159.76490891  6596.61747978  6077.59043593 49534.62578375
 62172.40110078  5395.51217456 50791.99673851  5737.62055884
  5756.80080629 53869.04043454  5222.98793473  6762.72306905
  6242.59444598  5793.67834264  6126.77150755  6209.28570253
  6803.27998184  6448.25925102  6867.2019113   5922.59669055
  6047.46050561  5902.61894044  5773.43881077  6601.11073588
  6205.51941981  7165.52589596  6562.00851932  5248.22429406
  5969.10210566  6999.65362447  6646.3273887   5636.17857057
 79100.02352639  4484.90288342  4944.95058149 43202.15090913
  5794.80258143 52786.39427646  7160.46914491  5436.61839379
  6366.53501618  5976.14390765  6504.80858371  5727.01171504
  6109.23617367  5377.0887071   5765.30604669 72058.83685306
  6061.55808443  5487.97385497  6584.05683503  7102.11694723
  4927.34778935  5901.76503365  5982.19865119 68074.69368397
  5061.26895982  6450.63435616  6972.31047384  5408.90017476
  5650.25999399  5256.72841609  4895.95279336  6904.95890944
  6024.18387012  6222.15483259  7676.89052219  6292.42105284
  6871.49991638  6540.69115375 57458.74832961  7751.92683802
  5749.62686463  6704.28080505  5593.28549238  6764.60867462
  6863.76478634  6899.70860756  4618.46303321 49590.60995816
 65635.52710693  5097.45563461 71377.30376034  5056.33954634
  6661.70342347  5397.58216983  5747.04009446  5547.42575416
  5178.54138674  6754.8255611   5642.62559449 70007.22087003
  5041.38469023  6820.22767223  5615.65268651  6750.31613463
  6851.59460641 64626.61688619  5389.36491903  5487.71653954
  6404.22343482  6731.21346237 46625.27676393  5921.89092102
  6721.58100065 56415.54730266  6578.57034544  5513.29007767
  6700.77756901  6281.58231366  5272.80678628  5734.62692341
  6485.86937125  6497.74951313 59731.46034239  4486.70358594
  7370.79608249 62387.75370858 61901.45503569  5015.12011916
  5842.40450292  7133.1020611  60020.21582426  5327.60875961
 62909.67328185  4997.74744827 63913.93599172 46398.62385603
 61499.3359013  52161.63018427  5593.26114626  6551.40542695
  5685.50265629  5055.20325491  6396.16424983  6796.05448237
  6364.2297955   5007.95948763  7321.99209019  7250.22310533
  4823.1564068  59794.77956557 59295.90996197  5920.37593695
  5833.51972073  6631.77763097  5618.99673916  6462.83850723
 60961.9882332   4620.01898871  6402.91761515 63132.3698698
  4262.2563924   6471.60732411  7658.12643801 50124.81216026
  4492.30075523  6444.44546308  6197.90792057  5560.864886
  7180.50358141 54793.28622608 64782.50575027  5578.4399295
  6040.93162956  6258.79116723  5556.49522654  6933.88485723
  7441.02259615  5675.00598923 49315.58290214  6711.58151108
 47543.480574   59279.58312057  6912.19742046  5929.80122065
  5189.99190546 69371.40555817  8251.20176144  6227.58929352
  6943.96959276  7165.21908138  6139.64285306  7603.52376275
  7033.9751392   5150.50973895 63724.56201086 53646.80700774
  6563.39464876 70802.19600911  4831.50649438  6061.54321168
  6273.88269162  5003.83780422  5153.73421979  5437.93784028
  7181.88527474  6025.60466672  7557.06962044  6868.70609285
  5050.74172702  5062.06993408  5072.37552614 48349.85694202
  7154.01894912  7308.01148061  5702.14510973  4997.29787794
  7334.25470794  5192.82001566  5316.96252673  6082.88752035
  7630.62831377  6329.72954596  5944.8494581   6582.94123246
  6191.97129265 55032.4593921 ]"
99,[-0.9864598 -0.6462447],5,-0.9640276,-0.11569941,-9.318998429168408,69,"[1.97748824e-27 2.17549006e-19 9.05873203e-13 1.45588750e-07
 9.41254595e-04 2.79211374e-01 6.92161011e+00 5.30219952e+01
 2.36165721e+02 6.13770000e+02 9.39555232e+02 8.90561399e+02
 5.52098849e+02 3.01436551e+02 2.36471406e+02 1.95766677e+02
 1.15380146e+02 4.36182380e+01 9.74498637e+00 1.53821516e+00
 8.11141639e-02 3.40851757e-04]","[83547.96886933 39938.44376778 65923.18095353  6163.83542811
  5889.23172277  7597.16121379  5458.97519996  6260.41852912
  5889.43903787 60124.54262232 58707.18786805  5851.43124533
  6672.55804452  5899.10351205 54901.18107663  3644.02490659
 46254.96031654 19807.2909378   2326.02524704  5792.77152185
  5536.91404979  4654.00774886 67877.14051554  4136.45819079
 50771.22458257 14525.05551296  4539.41232926  5611.64923112
 61710.14521746  5713.59164764  6604.00346429  5830.8603772
  6564.76914371  6377.22090496  5261.8198347   6415.79012758
  6826.53181201 71882.37922307  5220.40878053  4181.49942301
  6950.7292965   4209.29943777  6043.26148879  6363.75416409
  6528.94947514  5421.49321377  6261.70483867  5271.17125533
  6332.14933623 58087.13920582  6123.14023328  6213.84116313
  5735.30728358  6108.2260058   6104.30179036  5702.85663063
  5188.08767313  7075.37523684 50842.68861214  4397.65102915
  6367.9726269   5206.98232144  5174.84663118  6228.96789701
  5050.79170005 60536.4950898  52610.9322741   5909.39309048
  6136.13349432 54368.42959847  5570.92941356  5611.58667665
  5665.99588761  5848.2613159  70508.76877362 56190.22131395
  6291.89627344  6033.13682373  6954.98415103  4960.59314019
 75418.2315406  51359.38950928  4930.31862205  6211.53141983
  7569.66145263  5905.22793962  5941.97319294  5713.54773683
  8099.39716895  4559.26102379  6003.30309475  5399.67422301
  6425.04099574 59913.569667   55774.90426462  7056.23150718
 69129.28546558  6221.22003208  4698.64588263  8203.30996647
  6211.69854694  6275.47743517  5369.89904972  5140.17847673
  7392.423234    5648.44767615  6293.70391854  5888.87003538
  6792.11308756 67376.6673631  48727.71696867  5016.65873399
 62720.26088186  5245.71987567  6258.26304316  7140.7560424
  4612.92161541 65192.05811908  4422.95187789  7069.42072705
  4704.67299248  6847.4246812   6450.85079006  5760.61518304
  6818.26680066  5729.98689979  6476.25324001 57731.21185883
  6640.38345825  5587.29762193  6027.45174364  5477.98105654
  6865.52673133  5409.16181687  6211.35354673  6130.37793436
  6489.47941852  6473.91097966  4317.99948832  5637.64072182
  6252.74631755  5234.86054389  6364.46752703  6356.36031718
  5522.40553595 63915.8736663   4501.46337156  4963.51901014
  7176.82900779  5813.71682122  5514.03969812 71389.43093784
  4716.69258408  5871.87158236  6981.21257107 53748.51063596
 57588.82048271  7078.20722396  6625.42956303  6258.6202583
  4663.56583843  6021.53803356  5734.99553182  4908.26365053
  6761.34003151 57005.77886706  6771.51782397  5247.26891981
 60182.40803969  6348.50503989  5875.60946929  5647.27316049
  6730.35732859  5748.18463211  5219.48593765  5348.82750714
 70654.3149017   6504.68148373 62696.96359123  6090.08909732
  6444.50673395  5863.48670414  5486.68396148  5829.09621624
 64093.1808756   6464.45715216  6207.81420797 67406.68787733
  4598.57838202  5670.47190251  5583.05614289  5398.66358548
  6522.94135318  5504.92887819  5360.6492747   7363.13584657
  7486.03649758  5958.12078035 55930.22813373  4552.269688
  6407.40858582  5422.34372557  7166.41758731  6303.86644582
  7138.17506464  6236.23677     6622.83828489  7270.65057263
 57791.86268703  5158.31292716  5629.00433602  6144.70596306
  5861.28657388  5178.55122581  7882.6784926   6687.34023623
  5925.42035626 55963.74682053  6176.47619004  6261.40392756
  5156.7404187  58866.74929397 60646.73587959 57077.03816853
  5443.14041841  6767.77820101  7017.58486787 59985.65639965
  6091.44717408  4362.50533969  5194.98865662  5450.93936457
  7196.31826366  6904.10634677  5393.28193145  5933.79226411
  6333.64738447  7063.73899639  6211.31741309  5811.95288363
  7066.04519845  6550.96122256  6262.52662243  5610.10465331
  5719.12141442  5678.18144065  6792.4414838   6101.042651
  7424.24397621  6300.91955917 73975.628666    3686.86648619
  7169.87490334 67480.70249743  5451.64774448  7025.6389534
  6002.3192246  52744.33527031  6333.1906492   4775.65901186
  5516.97924559  5223.44722179  7041.5597052   6173.90340329
  5582.41482621  6387.109165    7712.73477784  5933.11629263
 56983.35513181  6764.4900246   5723.89800799  6705.15567536
 61453.75422338  4877.85199801  7279.68461941 56966.71125848
  6602.11514966  5491.21552072 74831.02757364 57757.57944133
  7048.42996149  6908.35530798  6360.63101064  6084.23403118
  5348.75971036  6605.49107407  5911.08244405  6168.94732096
  6329.1849428  56231.63163524  5797.34774815  5661.05304665
  6622.18209256  4800.45150931  6275.52016923  6147.52886364
  4781.23440666 69584.07864239  4648.71181149  9011.55092059
  5619.31613277  5202.6777602  64818.16949027 62138.12342085
  5322.52103615  5645.02190022  4479.72742341  8430.0037072
  6097.95595197  7656.59082421  4971.98172678  6416.83545961
  4631.65008946 64646.30097279 55992.58528439  5530.84388882
  6578.55769066  6199.45162779  5347.21006781  4931.98268457
  6825.17191881  6692.10233796  5811.84934051  4927.47181568
  6378.95619624  5149.93277458 66604.45564027  6415.14207662
 68876.87077962 61136.27407464  5710.26553476  7421.02500402
  4563.60237237  6471.17338595  6105.02119257  6038.13156023
  6615.63044405  4762.53020513  6164.34533993  5861.44275338
  6461.83256392 59438.6113843   6999.73429016  4915.99633582
  6395.53070021  6169.22757175  6887.97308527 64232.39611789
  7831.62091251 49741.64053893  4697.65473198 64206.57175291
  6012.35471194  7980.21953428 58058.46631402  5643.12686269
 76213.99456868  4328.73031709  6881.09532138  7453.45363848
  5678.11385809  7299.36014999 61833.74583786 56851.20433617
 51964.94150026  4749.56674587  6997.81762701  5488.25390067
  6018.83119213 74034.72553718  5746.9936133   5100.87803844
  7097.3678502   5564.43610085  6503.06909685  7019.83799716
  5404.15361148  7654.98658405  5223.42521058  6391.6164698
  5976.49239334  5436.37347086  7538.67145495  5390.49259696
  5970.56062359  6367.53310976  6018.83027941 66033.20993953
  4652.76526509  6018.31202538  7254.84961048  5038.33426076
  6923.68103899  5334.45136865  6242.2493656   5516.56180447
  7300.96773274 57478.91195754  6349.89020563  6510.05261943
  6923.52129352  6661.4044468   4533.90264716  6194.08992591
  5575.90702118  6603.75837556 65867.21184551  5957.38102554
  6242.49678118  4790.04005924 52161.64675825  5769.61173555
  5464.38218533  6334.68326032  8051.02096765  4661.03978835
  5679.18150229 78482.70137173 65295.21487134  6515.61784749
  4725.65825331  8675.62491429  5608.70259116  7085.53274606
  5853.31552711  5763.6747413   5380.6940951   6465.28613231
  6420.50294184  7373.45483104 64878.75182175 66124.33906658
  7221.64527106  6768.16673358  7626.52804829 70090.84587472
  5614.08750458  5208.53211395  8474.21102945  5885.41147342
  6899.30154549  5151.05692355  7273.45399159  4785.93791592
 66098.498627   64308.15843719  5928.84484653  6323.72445224
  6362.71543488  6355.54874033  5998.44162359  5699.22447936
  6359.69866339  6360.35273629  6308.92191476  6128.52354027
  6806.38586631  6612.77887821  5471.79669053  5057.86430425
  5303.40866033  6369.35710904  4604.11097692  5592.27594588
  6482.03273404  6459.81705765  4854.99597728  7278.50375746
  5024.49883722  6197.83694108  5209.46829917  5540.6469082
  7522.7058514   5805.2204071   6468.19581257  5782.46455314
  5692.33250491 72477.41115467 51600.06891208  8856.52166366
 62943.69318919  5752.15755694  6434.41781206  6175.45290944
  5454.62450261 66271.70139824  5796.18657665  5358.69525856
  8359.56566151  6360.01816964 51436.40368253  5348.09413797
  5474.96559347 69503.47674335  5128.33258009  6745.74691071
  6034.9807265   6557.05472839  6358.90583962 52248.4614654
  5467.35029669  5670.22454833  5901.50128919  6211.05044057
  6419.6837719  57295.7180111   6059.99133844  6167.11529196
 66304.30813631 66638.94487489  6477.28794424 64997.18334172
  5061.97648848  5718.96331458  7266.34446446  4885.84976324
  5609.05794961  5967.54222057  6838.951804    6767.75309854
  5341.33189646 68702.1067681   6136.13301701  7531.34189992
  5771.75567899  6450.78745202  7515.36460564  5578.52643622
  5966.11805694  6567.93556199  6055.758       5858.40265394
  5560.77844108  5323.65156574  5514.50148703  6111.62386056
  5710.73425763  6664.45013326  6872.66858031  7142.67696039
  6258.42906788 58905.44525643  5187.339974    7711.43811044
  5909.46572739  6164.18866056  5669.92212196 67986.63025219
  5200.24001547  5644.17726963  7102.82664257  6278.31092704
  5018.89011866  4533.60526563  5346.14468065  4620.71872829
  8291.18717421  4266.0339798   6146.59923246  6405.60007717
  6541.02315119 53744.82514093  5864.44067177 62094.83540211
 46544.69246588  6506.58119561  6513.09612723  7371.77330748
  4274.39219832  5812.37361055  6102.91272103  7330.97246074
  5612.03197893 48804.79188279  3661.3531037   6572.93458682
 62585.26270059  5597.99082873 58549.58618634  5737.26019309
 44498.49701452 26710.11728903  2436.89836843  6437.11472851
  7067.45995109  6229.9391521   7076.14268029  5488.82951338
  6016.26989173 54022.66049321  6007.4309339   6018.56254241
  5780.09617056  6067.16216127  5511.39281878  5942.52162396
  6958.84720921  6036.33310955  6101.41603375  7668.43229391
  6737.86458724  6201.01480059  5454.493183   49191.23289923
 54760.2065735   5638.24929873 61235.41406109 53379.09994062
  6090.7712035   6219.13954262  5453.58385823 79704.50675539
 52531.72283607 67821.90029971  5182.33097695 68251.06828595
 48526.45206025  5263.36786983  5206.60962733 62058.57697816
 50635.973715    7054.73486875  6434.25094218  6768.62213038
 61377.64716986  6623.11907275  6650.78234275  6048.18081994
  6459.48472417  5255.53414244  6336.07152761  5712.8354574
 68366.93949887  6842.52107243  5849.27743201  5486.07822697
 73459.86911773  6067.86756842  6316.3333092   5335.03755213
  6777.97748822  6888.23236147  6829.60307726  6009.37798512
  5089.06513364  6957.68548656  6735.35360518  7319.01988886
 66958.89814405  5055.57269164  5475.33888718  5871.20140117
  7205.97997593  6587.82945276  5431.02408363  3872.55948362
 83426.39064094  5049.89165556  6313.32132379  7147.40739313
  6281.08256948 67073.2617105   6718.50368607  7853.21643755
  5408.81938451  5961.24928774  7543.9909818  64517.50046972
  7255.86400585  7711.8558246   6986.37585977  7111.40055011
  6688.13578273  4406.68412387  6366.24421357 53413.44332333
  5240.49949138  5556.721681    6427.72065557  6614.68026129
  6852.86951835  4739.52961736 52670.16539111  6116.14212862
  6355.36668485  5465.98099482  5792.2486926  64990.92604669
  5994.44445172  3990.10264563  5333.27744334  6950.00297577
  4756.3050704  65656.20730969  5326.2478625   6131.154278
  5891.08429632  7135.81404557  6309.44781531  6037.7622878
  6073.72701386  6051.68538535  6199.53774946  6014.97592548
  6474.33142109  6600.67237045 56438.62693176  6937.08201409
  5602.36272726 77975.12645521  4339.96904506  9033.06777606
  6677.82967524 69897.44041875  6575.8007806   6214.41840904
  6888.69290131 44517.86540616  6004.24458225  5671.89876059
  7536.81231556  6205.60616601  6347.56890759  5764.9516347
  5049.54580346  6554.04031211  7001.58081658 61988.91059094
  6574.39609647  5396.11985525  7247.6111163   5662.30904433
  6348.50720356  5984.31857841  6237.42258857  5260.89370849
  6422.36188613  6499.52067089  6592.81506165  5508.47589306
  7128.63901863 44601.5291943   7603.98968401  7138.11837187
  6585.38046401  6596.20835365 56421.43414045  5538.40468649
  6159.76490891  6596.61747978  6077.59043593 49534.62578375
 62172.40110078  5395.51217456 50791.99673851  5737.62055884
  5756.80080629 53869.04043454  5222.98793473  6762.72306905
  6242.59444598  5793.67834264  6126.77150755  6209.28570253
  6803.27998184  6448.25925102  6867.2019113   5922.59669055
  6047.46050561  5902.61894044  5773.43881077  6601.11073588
  6205.51941981  7165.52589596  6562.00851932  5248.22429406
  5969.10210566  6999.65362447  6646.3273887   5636.17857057
 79100.02352639  4484.90288342  4944.95058149 43202.15090913
  5794.80258143 52786.39427646  7160.46914491  5436.61839379
  6366.53501618  5976.14390765  6504.80858371  5727.01171504
  6109.23617367  5377.0887071   5765.30604669 72058.83685306
  6061.55808443  5487.97385497  6584.05683503  7102.11694723
  4927.34778935  5901.76503365  5982.19865119 68074.69368397
  5061.26895982  6450.63435616  6972.31047384  5408.90017476
  5650.25999399  5256.72841609  4895.95279336  6904.95890944
  6024.18387012  6222.15483259  7676.89052219  6292.42105284
  6871.49991638  6540.69115375 57458.74832961  7751.92683802
  5749.62686463  6704.28080505  5593.28549238  6764.60867462
  6863.76478634  6899.70860756  4618.46303321 49590.60995816
 65635.52710693  5097.45563461 71377.30376034  5056.33954634
  6661.70342347  5397.58216983  5747.04009446  5547.42575416
  5178.54138674  6754.8255611   5642.62559449 70007.22087003
  5041.38469023  6820.22767223  5615.65268651  6750.31613463
  6851.59460641 64626.61688619  5389.36491903  5487.71653954
  6404.22343482  6731.21346237 46625.27676393  5921.89092102
  6721.58100065 56415.54730266  6578.57034544  5513.29007767
  6700.77756901  6281.58231366  5272.80678628  5734.62692341
  6485.86937125  6497.74951313 59731.46034239  4486.70358594
  7370.79608249 62387.75370858 61901.45503569  5015.12011916
  5842.40450292  7133.1020611  60020.21582426  5327.60875961
 62909.67328185  4997.74744827 63913.93599172 46398.62385603
 61499.3359013  52161.63018427  5593.26114626  6551.40542695
  5685.50265629  5055.20325491  6396.16424983  6796.05448237
  6364.2297955   5007.95948763  7321.99209019  7250.22310533
  4823.1564068  59794.77956557 59295.90996197  5920.37593695
  5833.51972073  6631.77763097  5618.99673916  6462.83850723
 60961.9882332   4620.01898871  6402.91761515 63132.3698698
  4262.2563924   6471.60732411  7658.12643801 50124.81216026
  4492.30075523  6444.44546308  6197.90792057  5560.864886
  7180.50358141 54793.28622608 64782.50575027  5578.4399295
  6040.93162956  6258.79116723  5556.49522654  6933.88485723
  7441.02259615  5675.00598923 49315.58290214  6711.58151108
 47543.480574   59279.58312057  6912.19742046  5929.80122065
  5189.99190546 69371.40555817  8251.20176144  6227.58929352
  6943.96959276  7165.21908138  6139.64285306  7603.52376275
  7033.9751392   5150.50973895 63724.56201086 53646.80700774
  6563.39464876 70802.19600911  4831.50649438  6061.54321168
  6273.88269162  5003.83780422  5153.73421979  5437.93784028
  7181.88527474  6025.60466672  7557.06962044  6868.70609285
  5050.74172702  5062.06993408  5072.37552614 48349.85694202
  7154.01894912  7308.01148061  5702.14510973  4997.29787794
  7334.25470794  5192.82001566  5316.96252673  6082.88752035
  7630.62831377  6329.72954596  5944.8494581   6582.94123246
  6191.97129265 55032.4593921   4832.3667545   6416.24393523
 54990.37046457  5214.29775215  4586.20219157 52519.73290809
  4373.22884609  6614.40860794  5962.01225273  4702.2744181
  6659.6502107   5658.97145976  6332.36357333 63091.39927474]"
99,[-0.98508906 -0.64538395],5,-0.9640276,-0.11569941,-8.115300151490022,70,"[6.57879863e-31 7.20232339e-22 1.75424374e-14 9.71971484e-09
 1.28692467e-04 4.95349970e-02 1.68826070e+00 2.37071969e+01
 1.63706563e+02 5.43658516e+02 9.58696337e+02 9.57167772e+02
 5.60923418e+02 2.88423961e+02 2.36984990e+02 1.93878715e+02
 1.03361144e+02 3.35797431e+01 6.85620170e+00 9.12858281e-01
 3.78018788e-02 8.72513546e-05]","[83547.96886933 39938.44376778 65923.18095353  6163.83542811
  5889.23172277  7597.16121379  5458.97519996  6260.41852912
  5889.43903787 60124.54262232 58707.18786805  5851.43124533
  6672.55804452  5899.10351205 54901.18107663  3644.02490659
 46254.96031654 19807.2909378   2326.02524704  5792.77152185
  5536.91404979  4654.00774886 67877.14051554  4136.45819079
 50771.22458257 14525.05551296  4539.41232926  5611.64923112
 61710.14521746  5713.59164764  6604.00346429  5830.8603772
  6564.76914371  6377.22090496  5261.8198347   6415.79012758
  6826.53181201 71882.37922307  5220.40878053  4181.49942301
  6950.7292965   4209.29943777  6043.26148879  6363.75416409
  6528.94947514  5421.49321377  6261.70483867  5271.17125533
  6332.14933623 58087.13920582  6123.14023328  6213.84116313
  5735.30728358  6108.2260058   6104.30179036  5702.85663063
  5188.08767313  7075.37523684 50842.68861214  4397.65102915
  6367.9726269   5206.98232144  5174.84663118  6228.96789701
  5050.79170005 60536.4950898  52610.9322741   5909.39309048
  6136.13349432 54368.42959847  5570.92941356  5611.58667665
  5665.99588761  5848.2613159  70508.76877362 56190.22131395
  6291.89627344  6033.13682373  6954.98415103  4960.59314019
 75418.2315406  51359.38950928  4930.31862205  6211.53141983
  7569.66145263  5905.22793962  5941.97319294  5713.54773683
  8099.39716895  4559.26102379  6003.30309475  5399.67422301
  6425.04099574 59913.569667   55774.90426462  7056.23150718
 69129.28546558  6221.22003208  4698.64588263  8203.30996647
  6211.69854694  6275.47743517  5369.89904972  5140.17847673
  7392.423234    5648.44767615  6293.70391854  5888.87003538
  6792.11308756 67376.6673631  48727.71696867  5016.65873399
 62720.26088186  5245.71987567  6258.26304316  7140.7560424
  4612.92161541 65192.05811908  4422.95187789  7069.42072705
  4704.67299248  6847.4246812   6450.85079006  5760.61518304
  6818.26680066  5729.98689979  6476.25324001 57731.21185883
  6640.38345825  5587.29762193  6027.45174364  5477.98105654
  6865.52673133  5409.16181687  6211.35354673  6130.37793436
  6489.47941852  6473.91097966  4317.99948832  5637.64072182
  6252.74631755  5234.86054389  6364.46752703  6356.36031718
  5522.40553595 63915.8736663   4501.46337156  4963.51901014
  7176.82900779  5813.71682122  5514.03969812 71389.43093784
  4716.69258408  5871.87158236  6981.21257107 53748.51063596
 57588.82048271  7078.20722396  6625.42956303  6258.6202583
  4663.56583843  6021.53803356  5734.99553182  4908.26365053
  6761.34003151 57005.77886706  6771.51782397  5247.26891981
 60182.40803969  6348.50503989  5875.60946929  5647.27316049
  6730.35732859  5748.18463211  5219.48593765  5348.82750714
 70654.3149017   6504.68148373 62696.96359123  6090.08909732
  6444.50673395  5863.48670414  5486.68396148  5829.09621624
 64093.1808756   6464.45715216  6207.81420797 67406.68787733
  4598.57838202  5670.47190251  5583.05614289  5398.66358548
  6522.94135318  5504.92887819  5360.6492747   7363.13584657
  7486.03649758  5958.12078035 55930.22813373  4552.269688
  6407.40858582  5422.34372557  7166.41758731  6303.86644582
  7138.17506464  6236.23677     6622.83828489  7270.65057263
 57791.86268703  5158.31292716  5629.00433602  6144.70596306
  5861.28657388  5178.55122581  7882.6784926   6687.34023623
  5925.42035626 55963.74682053  6176.47619004  6261.40392756
  5156.7404187  58866.74929397 60646.73587959 57077.03816853
  5443.14041841  6767.77820101  7017.58486787 59985.65639965
  6091.44717408  4362.50533969  5194.98865662  5450.93936457
  7196.31826366  6904.10634677  5393.28193145  5933.79226411
  6333.64738447  7063.73899639  6211.31741309  5811.95288363
  7066.04519845  6550.96122256  6262.52662243  5610.10465331
  5719.12141442  5678.18144065  6792.4414838   6101.042651
  7424.24397621  6300.91955917 73975.628666    3686.86648619
  7169.87490334 67480.70249743  5451.64774448  7025.6389534
  6002.3192246  52744.33527031  6333.1906492   4775.65901186
  5516.97924559  5223.44722179  7041.5597052   6173.90340329
  5582.41482621  6387.109165    7712.73477784  5933.11629263
 56983.35513181  6764.4900246   5723.89800799  6705.15567536
 61453.75422338  4877.85199801  7279.68461941 56966.71125848
  6602.11514966  5491.21552072 74831.02757364 57757.57944133
  7048.42996149  6908.35530798  6360.63101064  6084.23403118
  5348.75971036  6605.49107407  5911.08244405  6168.94732096
  6329.1849428  56231.63163524  5797.34774815  5661.05304665
  6622.18209256  4800.45150931  6275.52016923  6147.52886364
  4781.23440666 69584.07864239  4648.71181149  9011.55092059
  5619.31613277  5202.6777602  64818.16949027 62138.12342085
  5322.52103615  5645.02190022  4479.72742341  8430.0037072
  6097.95595197  7656.59082421  4971.98172678  6416.83545961
  4631.65008946 64646.30097279 55992.58528439  5530.84388882
  6578.55769066  6199.45162779  5347.21006781  4931.98268457
  6825.17191881  6692.10233796  5811.84934051  4927.47181568
  6378.95619624  5149.93277458 66604.45564027  6415.14207662
 68876.87077962 61136.27407464  5710.26553476  7421.02500402
  4563.60237237  6471.17338595  6105.02119257  6038.13156023
  6615.63044405  4762.53020513  6164.34533993  5861.44275338
  6461.83256392 59438.6113843   6999.73429016  4915.99633582
  6395.53070021  6169.22757175  6887.97308527 64232.39611789
  7831.62091251 49741.64053893  4697.65473198 64206.57175291
  6012.35471194  7980.21953428 58058.46631402  5643.12686269
 76213.99456868  4328.73031709  6881.09532138  7453.45363848
  5678.11385809  7299.36014999 61833.74583786 56851.20433617
 51964.94150026  4749.56674587  6997.81762701  5488.25390067
  6018.83119213 74034.72553718  5746.9936133   5100.87803844
  7097.3678502   5564.43610085  6503.06909685  7019.83799716
  5404.15361148  7654.98658405  5223.42521058  6391.6164698
  5976.49239334  5436.37347086  7538.67145495  5390.49259696
  5970.56062359  6367.53310976  6018.83027941 66033.20993953
  4652.76526509  6018.31202538  7254.84961048  5038.33426076
  6923.68103899  5334.45136865  6242.2493656   5516.56180447
  7300.96773274 57478.91195754  6349.89020563  6510.05261943
  6923.52129352  6661.4044468   4533.90264716  6194.08992591
  5575.90702118  6603.75837556 65867.21184551  5957.38102554
  6242.49678118  4790.04005924 52161.64675825  5769.61173555
  5464.38218533  6334.68326032  8051.02096765  4661.03978835
  5679.18150229 78482.70137173 65295.21487134  6515.61784749
  4725.65825331  8675.62491429  5608.70259116  7085.53274606
  5853.31552711  5763.6747413   5380.6940951   6465.28613231
  6420.50294184  7373.45483104 64878.75182175 66124.33906658
  7221.64527106  6768.16673358  7626.52804829 70090.84587472
  5614.08750458  5208.53211395  8474.21102945  5885.41147342
  6899.30154549  5151.05692355  7273.45399159  4785.93791592
 66098.498627   64308.15843719  5928.84484653  6323.72445224
  6362.71543488  6355.54874033  5998.44162359  5699.22447936
  6359.69866339  6360.35273629  6308.92191476  6128.52354027
  6806.38586631  6612.77887821  5471.79669053  5057.86430425
  5303.40866033  6369.35710904  4604.11097692  5592.27594588
  6482.03273404  6459.81705765  4854.99597728  7278.50375746
  5024.49883722  6197.83694108  5209.46829917  5540.6469082
  7522.7058514   5805.2204071   6468.19581257  5782.46455314
  5692.33250491 72477.41115467 51600.06891208  8856.52166366
 62943.69318919  5752.15755694  6434.41781206  6175.45290944
  5454.62450261 66271.70139824  5796.18657665  5358.69525856
  8359.56566151  6360.01816964 51436.40368253  5348.09413797
  5474.96559347 69503.47674335  5128.33258009  6745.74691071
  6034.9807265   6557.05472839  6358.90583962 52248.4614654
  5467.35029669  5670.22454833  5901.50128919  6211.05044057
  6419.6837719  57295.7180111   6059.99133844  6167.11529196
 66304.30813631 66638.94487489  6477.28794424 64997.18334172
  5061.97648848  5718.96331458  7266.34446446  4885.84976324
  5609.05794961  5967.54222057  6838.951804    6767.75309854
  5341.33189646 68702.1067681   6136.13301701  7531.34189992
  5771.75567899  6450.78745202  7515.36460564  5578.52643622
  5966.11805694  6567.93556199  6055.758       5858.40265394
  5560.77844108  5323.65156574  5514.50148703  6111.62386056
  5710.73425763  6664.45013326  6872.66858031  7142.67696039
  6258.42906788 58905.44525643  5187.339974    7711.43811044
  5909.46572739  6164.18866056  5669.92212196 67986.63025219
  5200.24001547  5644.17726963  7102.82664257  6278.31092704
  5018.89011866  4533.60526563  5346.14468065  4620.71872829
  8291.18717421  4266.0339798   6146.59923246  6405.60007717
  6541.02315119 53744.82514093  5864.44067177 62094.83540211
 46544.69246588  6506.58119561  6513.09612723  7371.77330748
  4274.39219832  5812.37361055  6102.91272103  7330.97246074
  5612.03197893 48804.79188279  3661.3531037   6572.93458682
 62585.26270059  5597.99082873 58549.58618634  5737.26019309
 44498.49701452 26710.11728903  2436.89836843  6437.11472851
  7067.45995109  6229.9391521   7076.14268029  5488.82951338
  6016.26989173 54022.66049321  6007.4309339   6018.56254241
  5780.09617056  6067.16216127  5511.39281878  5942.52162396
  6958.84720921  6036.33310955  6101.41603375  7668.43229391
  6737.86458724  6201.01480059  5454.493183   49191.23289923
 54760.2065735   5638.24929873 61235.41406109 53379.09994062
  6090.7712035   6219.13954262  5453.58385823 79704.50675539
 52531.72283607 67821.90029971  5182.33097695 68251.06828595
 48526.45206025  5263.36786983  5206.60962733 62058.57697816
 50635.973715    7054.73486875  6434.25094218  6768.62213038
 61377.64716986  6623.11907275  6650.78234275  6048.18081994
  6459.48472417  5255.53414244  6336.07152761  5712.8354574
 68366.93949887  6842.52107243  5849.27743201  5486.07822697
 73459.86911773  6067.86756842  6316.3333092   5335.03755213
  6777.97748822  6888.23236147  6829.60307726  6009.37798512
  5089.06513364  6957.68548656  6735.35360518  7319.01988886
 66958.89814405  5055.57269164  5475.33888718  5871.20140117
  7205.97997593  6587.82945276  5431.02408363  3872.55948362
 83426.39064094  5049.89165556  6313.32132379  7147.40739313
  6281.08256948 67073.2617105   6718.50368607  7853.21643755
  5408.81938451  5961.24928774  7543.9909818  64517.50046972
  7255.86400585  7711.8558246   6986.37585977  7111.40055011
  6688.13578273  4406.68412387  6366.24421357 53413.44332333
  5240.49949138  5556.721681    6427.72065557  6614.68026129
  6852.86951835  4739.52961736 52670.16539111  6116.14212862
  6355.36668485  5465.98099482  5792.2486926  64990.92604669
  5994.44445172  3990.10264563  5333.27744334  6950.00297577
  4756.3050704  65656.20730969  5326.2478625   6131.154278
  5891.08429632  7135.81404557  6309.44781531  6037.7622878
  6073.72701386  6051.68538535  6199.53774946  6014.97592548
  6474.33142109  6600.67237045 56438.62693176  6937.08201409
  5602.36272726 77975.12645521  4339.96904506  9033.06777606
  6677.82967524 69897.44041875  6575.8007806   6214.41840904
  6888.69290131 44517.86540616  6004.24458225  5671.89876059
  7536.81231556  6205.60616601  6347.56890759  5764.9516347
  5049.54580346  6554.04031211  7001.58081658 61988.91059094
  6574.39609647  5396.11985525  7247.6111163   5662.30904433
  6348.50720356  5984.31857841  6237.42258857  5260.89370849
  6422.36188613  6499.52067089  6592.81506165  5508.47589306
  7128.63901863 44601.5291943   7603.98968401  7138.11837187
  6585.38046401  6596.20835365 56421.43414045  5538.40468649
  6159.76490891  6596.61747978  6077.59043593 49534.62578375
 62172.40110078  5395.51217456 50791.99673851  5737.62055884
  5756.80080629 53869.04043454  5222.98793473  6762.72306905
  6242.59444598  5793.67834264  6126.77150755  6209.28570253
  6803.27998184  6448.25925102  6867.2019113   5922.59669055
  6047.46050561  5902.61894044  5773.43881077  6601.11073588
  6205.51941981  7165.52589596  6562.00851932  5248.22429406
  5969.10210566  6999.65362447  6646.3273887   5636.17857057
 79100.02352639  4484.90288342  4944.95058149 43202.15090913
  5794.80258143 52786.39427646  7160.46914491  5436.61839379
  6366.53501618  5976.14390765  6504.80858371  5727.01171504
  6109.23617367  5377.0887071   5765.30604669 72058.83685306
  6061.55808443  5487.97385497  6584.05683503  7102.11694723
  4927.34778935  5901.76503365  5982.19865119 68074.69368397
  5061.26895982  6450.63435616  6972.31047384  5408.90017476
  5650.25999399  5256.72841609  4895.95279336  6904.95890944
  6024.18387012  6222.15483259  7676.89052219  6292.42105284
  6871.49991638  6540.69115375 57458.74832961  7751.92683802
  5749.62686463  6704.28080505  5593.28549238  6764.60867462
  6863.76478634  6899.70860756  4618.46303321 49590.60995816
 65635.52710693  5097.45563461 71377.30376034  5056.33954634
  6661.70342347  5397.58216983  5747.04009446  5547.42575416
  5178.54138674  6754.8255611   5642.62559449 70007.22087003
  5041.38469023  6820.22767223  5615.65268651  6750.31613463
  6851.59460641 64626.61688619  5389.36491903  5487.71653954
  6404.22343482  6731.21346237 46625.27676393  5921.89092102
  6721.58100065 56415.54730266  6578.57034544  5513.29007767
  6700.77756901  6281.58231366  5272.80678628  5734.62692341
  6485.86937125  6497.74951313 59731.46034239  4486.70358594
  7370.79608249 62387.75370858 61901.45503569  5015.12011916
  5842.40450292  7133.1020611  60020.21582426  5327.60875961
 62909.67328185  4997.74744827 63913.93599172 46398.62385603
 61499.3359013  52161.63018427  5593.26114626  6551.40542695
  5685.50265629  5055.20325491  6396.16424983  6796.05448237
  6364.2297955   5007.95948763  7321.99209019  7250.22310533
  4823.1564068  59794.77956557 59295.90996197  5920.37593695
  5833.51972073  6631.77763097  5618.99673916  6462.83850723
 60961.9882332   4620.01898871  6402.91761515 63132.3698698
  4262.2563924   6471.60732411  7658.12643801 50124.81216026
  4492.30075523  6444.44546308  6197.90792057  5560.864886
  7180.50358141 54793.28622608 64782.50575027  5578.4399295
  6040.93162956  6258.79116723  5556.49522654  6933.88485723
  7441.02259615  5675.00598923 49315.58290214  6711.58151108
 47543.480574   59279.58312057  6912.19742046  5929.80122065
  5189.99190546 69371.40555817  8251.20176144  6227.58929352
  6943.96959276  7165.21908138  6139.64285306  7603.52376275
  7033.9751392   5150.50973895 63724.56201086 53646.80700774
  6563.39464876 70802.19600911  4831.50649438  6061.54321168
  6273.88269162  5003.83780422  5153.73421979  5437.93784028
  7181.88527474  6025.60466672  7557.06962044  6868.70609285
  5050.74172702  5062.06993408  5072.37552614 48349.85694202
  7154.01894912  7308.01148061  5702.14510973  4997.29787794
  7334.25470794  5192.82001566  5316.96252673  6082.88752035
  7630.62831377  6329.72954596  5944.8494581   6582.94123246
  6191.97129265 55032.4593921   4832.3667545   6416.24393523
 54990.37046457  5214.29775215  4586.20219157 52519.73290809
  4373.22884609  6614.40860794  5962.01225273  4702.2744181
  6659.6502107   5658.97145976  6332.36357333 63091.39927474
  5940.64133587  6614.16801913  5826.51720701  7411.37672171
  4955.61086878  5347.37948719  6756.89319919  5666.89192422
 73851.47978071 58132.73443316 73135.22542354  6485.02594613
  6925.11572672  5830.49526316]"
99,[-0.9833506 -0.5932862],5,-0.9640276,-0.11569941,-8.43852700464093,71,"[4.43873537e-25 1.23862304e-17 1.50485065e-11 8.13873345e-07
 2.06219219e-03 2.96642498e-01 5.53082882e+00 4.59942721e+01
 2.12171816e+02 5.45239039e+02 8.95140339e+02 9.13226911e+02
 6.09288044e+02 3.95473271e+02 3.32653532e+02 2.61902820e+02
 1.49193862e+02 5.15027487e+01 1.18415628e+01 1.48582153e+00
 6.23570280e-02 3.56730942e-04]","[83547.96886933 39938.44376778 65923.18095353 ... 37471.97048924
  4798.92394805  6262.6113901 ]"
99,[-0.988984  -0.6672221],5,-0.9640276,-0.11569941,-6.300207020508996,72,"[7.47079991e-24 4.45835786e-17 1.73959922e-11 4.52462681e-07
 8.20828951e-04 1.21817139e-01 2.66039998e+00 2.21154298e+01
 1.10378179e+02 3.32707084e+02 5.84407139e+02 6.20807686e+02
 4.11109176e+02 2.17001645e+02 1.39857774e+02 1.02857735e+02
 5.52819180e+01 1.90564958e+01 4.34172202e+00 6.97065904e-01
 4.02205653e-02 2.91250255e-04]","[83547.96886933 39938.44376778 65923.18095353 ...  4663.3115644
  4487.49014753  5711.93769272]"
99,[-0.985741   -0.66958827],5,-0.9640276,-0.11569941,-7.954656663523649,73,"[1.45349436e-27 1.25526559e-19 4.64222293e-13 7.48421800e-08
 5.46147076e-04 2.03026798e-01 6.47459334e+00 5.56146037e+01
 2.42972904e+02 6.17773097e+02 9.52880925e+02 9.14962880e+02
 5.57010176e+02 2.88099871e+02 2.07850264e+02 1.57177486e+02
 8.76727487e+01 3.11415014e+01 5.57220291e+00 6.80750756e-01
 3.13177552e-02 1.23626224e-04]","[83547.96886933 39938.44376778 65923.18095353 ... 56816.94158679
  7053.16607094 57317.16829306]"
99,[-0.9847531  -0.67064595],5,-0.9640276,0.074012265,-7.269274088349893,74,"[3.27251107e-32 5.65807885e-23 2.20729263e-15 1.98288924e-09
 4.29523553e-05 2.77300584e-02 1.72734042e+00 2.76039531e+01
 1.64237421e+02 5.08812596e+02 8.76627539e+02 8.50999263e+02
 5.06307559e+02 2.55344996e+02 2.01125595e+02 1.58672697e+02
 8.41524886e+01 2.95269463e+01 5.00837128e+00 2.40961420e-01
 8.03973158e-04 7.74991778e-08]","[83547.96886933 39938.44376778 65923.18095353 ...  5528.1989566
  6699.70338933  5014.21314156]"
99,[-0.9835523 -0.6859941],5,-0.9640276,0.074012265,-7.943285184070642,75,"[9.82806229e-21 1.14310067e-13 3.61827454e-08 3.27151833e-04
 1.01781889e-01 2.92726094e+00 2.84537744e+01 1.38205789e+02
 3.99375285e+02 7.51558065e+02 1.01951209e+03 9.57832147e+02
 5.97725407e+02 2.72470016e+02 1.35415785e+02 7.91906002e+01
 3.46503746e+01 1.01510890e+01 2.10696532e+00 1.49320646e-01
 7.33687486e-04 1.21068164e-07]","[83547.96886933 39938.44376778 65923.18095353 ...  6363.20358847
 56282.05096699 60711.5122345 ]"
99,[-0.98558795 -0.6520706 ],5,-0.9640276,-0.11569941,-9.456507433755437,76,"[5.72129951e-12 8.80860987e-08 1.38088890e-04 2.39279684e-02
 6.05717812e-01 5.19300928e+00 3.37565749e+01 1.35932674e+02
 3.36551076e+02 5.67461841e+02 7.64313840e+02 8.06183643e+02
 6.25516957e+02 3.75065159e+02 1.99744519e+02 1.10533802e+02
 6.02351164e+01 2.65578010e+01 7.45365015e+00 7.61963316e-01
 1.39419045e-02 3.07144309e-05]","[83547.96886933 39938.44376778 65923.18095353 ...  7233.80563787
 61276.54135886  5939.65226807]"
99,[-0.98546827 -0.68630373],5,-0.9640276,0.074012265,-7.369106254786296,77,"[2.26039480e-27 4.94063582e-19 3.10759083e-12 5.75552195e-07
 3.30205488e-03 7.03064327e-01 1.35085380e+01 9.38309731e+01
 3.31989876e+02 6.44134278e+02 8.32899252e+02 7.47301784e+02
 4.72081903e+02 2.38506934e+02 1.37010640e+02 8.80622771e+01
 4.10517171e+01 1.15934815e+01 1.65592325e+00 8.17743204e-02
 4.18089698e-04 8.17539615e-08]","[83547.96886933 39938.44376778 65923.18095353 ...  5765.69222833
 59389.83485743  7127.57332039]"
99,[-0.9867607 -0.6448393],5,-0.9640276,-0.11569941,-8.937606298509325,78,"[2.23261123e-15 1.41835421e-10 9.06353083e-07 6.11176244e-04
 5.09873186e-02 8.82747840e-01 7.60199391e+00 4.51193286e+01
 1.77797688e+02 4.61981599e+02 7.52772382e+02 7.69158409e+02
 5.32790610e+02 3.09587773e+02 2.08113922e+02 1.57429078e+02
 9.42734707e+01 3.77033454e+01 1.06219210e+01 1.95362119e+00
 1.48914341e-01 2.30710910e-03]","[83547.96886933 39938.44376778 65923.18095353 ...  5664.65656043
  6837.99138427  6653.47048215]"
99,[-0.98701143 -0.65498203],5,-0.9640276,-0.11569941,-5.049526200387274,79,"[5.78505560e-29 1.88910326e-20 1.73346055e-13 4.56892552e-08
 3.63512351e-04 1.06906357e-01 3.22300423e+00 3.21186062e+01
 1.57611172e+02 4.56467468e+02 7.60246498e+02 7.30202728e+02
 4.30756097e+02 2.01689924e+02 1.52213685e+02 1.19186733e+02
 6.24564592e+01 1.85776138e+01 3.27341652e+00 2.05162799e-01
 9.64229124e-04 1.60750430e-07]","[83547.96886933 39938.44376778 65923.18095353 ...  5546.19530832
  5416.0920298   7145.12557208]"
99,[-0.9877804  -0.66331154],5,-0.9640276,-0.11569941,-6.757082082355424,80,"[6.82463812e-20 8.18445987e-14 6.13880069e-09 2.99056234e-05
 1.08837438e-02 5.14758173e-01 7.16416030e+00 4.45892835e+01
 1.70667489e+02 4.28898053e+02 7.00945192e+02 7.01831872e+02
 4.46697669e+02 2.31243875e+02 1.54951478e+02 1.20261761e+02
 6.63955179e+01 2.46429541e+01 6.11513014e+00 1.19734632e+00
 7.61158319e-02 5.19715861e-04]","[83547.96886933 39938.44376778 65923.18095353 ...  4671.09628881
  5978.05830622  6174.61388519]"
99,[-0.98192126 -0.64728814],5,-0.9640276,-0.11569941,-8.03739936022282,81,"[9.21574005e-25 4.26060152e-17 6.47696493e-11 3.32731972e-06
 6.17557521e-03 5.54738562e-01 8.08654924e+00 6.13579529e+01
 2.61706355e+02 6.38616464e+02 1.01074438e+03 1.10303081e+03
 8.23170456e+02 4.41131751e+02 2.31931969e+02 1.40055012e+02
 7.27083241e+01 2.44948054e+01 5.95268888e+00 5.27559907e-01
 3.68235480e-03 1.05610526e-06]","[83547.96886933 39938.44376778 65923.18095353 ...  5953.10174001
 64652.64570227  4742.67332165]"
99,[-0.98491734 -0.6730666 ],5,-0.9640276,0.074012265,-7.855323641431158,82,"[2.19344521e-33 1.61217120e-23 1.93102409e-15 3.85156319e-09
 1.34064781e-04 9.81055986e-02 4.98720394e+00 6.81149286e+01
 3.56481856e+02 9.26200116e+02 1.25327372e+03 9.23005273e+02
 4.62525526e+02 2.99779525e+02 2.67405012e+02 1.77506622e+02
 7.40109108e+01 1.97545527e+01 3.22538138e+00 1.56473582e-01
 3.52326885e-04 1.62415158e-08]","[83547.96886933 39938.44376778 65923.18095353 ... 53476.62461693
  4950.90836888  5882.67161336]"
99,[-0.9834639 -0.720453 ],5,-0.9640276,0.074012265,-8.71051605019966,83,"[2.94992478e-23 8.15034863e-16 7.08449403e-10 2.00338723e-05
 2.04630197e-02 1.31095864e+00 1.99654229e+01 1.27822600e+02
 3.86448594e+02 7.31630746e+02 9.82514348e+02 9.13463984e+02
 5.63982322e+02 2.43874625e+02 9.96285896e+01 4.58458136e+01
 1.69532225e+01 5.13859833e+00 1.47293995e+00 1.05729081e-01
 4.63538888e-04 7.67198621e-08]","[83547.96886933 39938.44376778 65923.18095353 ...  5367.00757965
 61162.51105827  5904.76490009]"
99,[-0.9851058  -0.67274296],5,-0.9640276,0.074012265,-6.227545434185481,84,"[2.50343011e-23 1.17181547e-16 3.81349950e-11 8.79323897e-07
 1.50174411e-03 2.21419508e-01 4.85609176e+00 3.71799807e+01
 1.60137073e+02 4.48695142e+02 7.73201596e+02 8.07369752e+02
 5.55655977e+02 2.95524298e+02 1.80957595e+02 1.24709986e+02
 7.08822604e+01 2.54690696e+01 4.74734438e+00 6.60470559e-01
 4.16807305e-02 3.38148038e-04]","[83547.96886933 39938.44376778 65923.18095353 ...  5771.01397841
  6465.71592453  6218.92937405]"
99,[-0.9869519 -0.6759491],5,-0.9640276,0.074012265,-8.489632609349885,85,"[8.00480937e-28 2.56749297e-19 2.14314163e-12 4.76718305e-07
 2.97752864e-03 6.28899001e-01 1.13584494e+01 6.82918882e+01
 2.14926287e+02 4.51268288e+02 6.84338524e+02 7.27285148e+02
 5.11590709e+02 2.41929239e+02 1.08347199e+02 5.68761878e+01
 2.36806022e+01 7.43897191e+00 1.89049468e+00 1.49254603e-01
 7.31211245e-04 1.16362639e-07]","[83547.96886933 39938.44376778 65923.18095353 ...  7100.46718142
 53182.89632009 67141.3275612 ]"
99,[-0.9862425 -0.6655033],5,-0.9640276,-0.11569941,-10.499813899017663,86,"[5.88586630e-29 2.09260208e-20 2.20921718e-13 7.06792943e-08
 7.15708259e-04 2.65828418e-01 7.60132136e+00 6.35931575e+01
 2.58924763e+02 6.26653766e+02 9.36328636e+02 8.41131337e+02
 4.89764321e+02 2.77214734e+02 2.28845580e+02 1.85042278e+02
 1.04592376e+02 3.59548830e+01 8.89535603e+00 1.48695232e+00
 6.61495670e-02 1.86125198e-04]","[83547.96886933 39938.44376778 65923.18095353 ...  5132.18579148
  5710.50295295 68158.72040898]"
99,[-0.9829738  -0.63185024],5,-0.9640276,-0.11569941,-11.868258324746678,87,"[8.00917541e-26 3.93175534e-18 7.16274487e-12 4.96023677e-07
 1.38922773e-03 2.13007256e-01 5.47264416e+00 4.72297629e+01
 2.02291067e+02 5.45448611e+02 9.76710945e+02 1.14514770e+03
 8.72381006e+02 4.96862875e+02 2.90414072e+02 1.96872581e+02
 1.02720497e+02 3.40935303e+01 6.34758311e+00 4.16977517e-01
 2.88186396e-03 9.52488934e-07]","[83547.96886933 39938.44376778 65923.18095353 ... 65937.07781352
 46168.74581217  5776.84216491]"
99,[-0.98527294 -0.669496  ],5,-0.9640276,-0.11569941,-7.6898695630128096,88,"[2.51798002e-24 3.57295303e-17 2.67398998e-11 1.07727974e-06
 2.44658484e-03 3.67373008e-01 6.93516442e+00 5.03055444e+01
 2.21950628e+02 5.85128631e+02 9.17896098e+02 8.83112965e+02
 5.47025636e+02 2.84226735e+02 1.98851936e+02 1.51899858e+02
 8.36365955e+01 2.88157756e+01 6.14214870e+00 8.91557698e-01
 5.08847685e-02 3.41088092e-04]","[83547.96886933 39938.44376778 65923.18095353 ...  5906.00756353
  7235.0938078  70334.96316709]"
99,[-0.9863955  -0.67662567],5,-0.9640276,0.074012265,-8.51920260907644,89,"[9.23828593e-21 1.82406475e-14 2.52173034e-09 2.49905090e-05
 1.88700347e-02 1.37049632e+00 1.93838842e+01 1.05024175e+02
 3.10838917e+02 6.26724715e+02 8.52920651e+02 7.54221633e+02
 4.64471230e+02 2.56208866e+02 1.68127498e+02 1.09063151e+02
 5.67788984e+01 2.21467528e+01 6.11818686e+00 1.00533826e+00
 6.26564788e-02 6.18369848e-04]","[83547.96886933 39938.44376778 65923.18095353 ... 60529.93602738
  6489.21962829  7094.81276467]"
99,[-0.9848489 -0.6902363],5,-0.9640276,0.074012265,-7.576532336598227,90,"[1.34244523e-18 1.13246468e-12 5.80850868e-08 1.87661786e-04
 4.21506969e-02 9.67844218e-01 8.00057653e+00 5.50388600e+01
 2.22149299e+02 5.62563268e+02 8.57527938e+02 8.21184738e+02
 5.36521498e+02 2.79271464e+02 1.80306563e+02 1.27931931e+02
 6.99944823e+01 2.59636268e+01 6.17419621e+00 8.73838596e-01
 4.41846057e-02 2.95797846e-04]","[83547.96886933 39938.44376778 65923.18095353 ... 59017.44879495
  7264.81642288  5844.07475901]"
99,[-0.984493   -0.64564675],5,-0.9640276,-0.11569941,-7.188563866868111,91,"[6.92933683e-33 4.02816709e-23 3.60663426e-15 5.09239307e-09
 1.19493953e-04 5.80800838e-02 2.30299003e+00 2.97016535e+01
 1.82218531e+02 5.88903873e+02 9.80822084e+02 8.81198326e+02
 4.82967168e+02 2.59590960e+02 2.19007030e+02 1.69678630e+02
 7.73303797e+01 1.90187529e+01 3.75052357e+00 2.35023013e-01
 5.73350430e-04 2.68967633e-08]","[83547.96886933 39938.44376778 65923.18095353 ... 62559.98540373
  6106.90721776  6632.21848292]"
99,[-0.9884485 -0.7028054],5,-0.9640276,0.074012265,-6.7530161407380485,92,"[1.10497381e-25 1.22578887e-17 3.49072239e-11 2.62924480e-06
 5.65467081e-03 4.92924700e-01 7.19431231e+00 6.36852522e+01
 2.57735745e+02 5.56703948e+02 7.38744782e+02 6.18554950e+02
 3.33663191e+02 1.71615362e+02 1.34333219e+02 1.00044097e+02
 5.02490677e+01 1.73522380e+01 3.68344029e+00 2.08666000e-01
 7.18060271e-04 7.80086767e-08]","[83547.96886933 39938.44376778 65923.18095353 ...  6190.1231374
  5724.45754056  5751.21562296]"
99,[-0.98687774 -0.6900178 ],5,-0.9640276,0.074012265,-6.59192713655952,93,"[1.58134431e-19 1.73507839e-13 1.15870805e-08 4.89992242e-05
 1.52116789e-02 6.28566580e-01 8.80352445e+00 6.17768015e+01
 2.38330947e+02 5.39588412e+02 7.57184324e+02 6.88449671e+02
 4.33032591e+02 2.22888040e+02 1.29353516e+02 9.15751265e+01
 5.08453381e+01 1.90816863e+01 5.19249354e+00 7.75236486e-01
 3.59427429e-02 2.10303454e-04]","[83547.96886933 39938.44376778 65923.18095353 ... 70605.29677784
  5338.51723719  5906.36834635]"
99,[-0.98183787 -0.6547449 ],5,-0.9640276,-0.11569941,-9.87216304812523,94,"[1.85108765e-29 2.19260738e-20 5.08554493e-13 2.36744411e-07
 2.33479216e-03 5.85011555e-01 9.79734879e+00 6.10812757e+01
 2.44639035e+02 6.53119859e+02 1.11996580e+03 1.20722837e+03
 7.90240058e+02 3.53728215e+02 1.77601974e+02 1.12193963e+02
 5.73527113e+01 1.76159796e+01 3.31393464e+00 2.04992194e-01
 7.00013129e-04 5.90777433e-08]","[83547.96886933 39938.44376778 65923.18095353 ...  7207.3356895
 57570.98872927  4567.83073816]"
99,[-0.988984   -0.63388425],5,-0.9640276,-0.11569941,-6.125199075742313,95,"[5.62307826e-26 1.83784421e-18 2.80738803e-12 2.04422970e-07
 7.41244148e-04 1.55517414e-01 3.57071334e+00 2.82353023e+01
 1.34645485e+02 4.05709534e+02 7.21311361e+02 7.75769770e+02
 5.17257853e+02 2.78278564e+02 2.03790163e+02 1.53517520e+02
 8.42593170e+01 3.15057264e+01 6.66860038e+00 4.42930979e-01
 3.12797694e-03 1.28977293e-06]","[83547.96886933 39938.44376778 65923.18095353 ...  3417.47230421
  4850.66619094  8044.48863467]"
99,[-0.9881816 -0.6904737],5,-0.9640276,0.074012265,-4.41986138828109,96,"[1.49848540e-17 3.20781194e-12 6.34684163e-08 1.21510069e-04
 2.66251032e-02 1.09589138e+00 1.45455540e+01 8.22566640e+01
 2.60415980e+02 5.46108815e+02 7.49185730e+02 6.82020793e+02
 4.36705935e+02 2.43809169e+02 1.65150968e+02 1.23286900e+02
 7.17891919e+01 2.90750271e+01 7.98309028e+00 1.37774419e+00
 8.74210356e-02 9.28219788e-04]","[83547.96886933 39938.44376778 65923.18095353 ...  5960.69141414
  7571.3577906  70761.17746294]"
99,[-0.98699474 -0.62720805],5,-0.9640276,-0.11569941,-9.456471556148951,97,"[1.91979841e-34 4.41209665e-25 3.00515470e-17 6.15589844e-11
 3.90084677e-06 8.25858015e-03 8.91954418e-01 1.88830573e+01
 1.27061883e+02 4.33231287e+02 8.47405253e+02 9.33503628e+02
 6.00239697e+02 2.84115144e+02 1.89825597e+02 1.58199019e+02
 9.04461232e+01 3.38085479e+01 8.28539905e+00 1.19776510e+00
 6.28887826e-02 2.85069803e-04]","[83547.96886933 39938.44376778 65923.18095353 ...  5473.80354935
  5457.18588942  6631.23549726]"
99,[-0.986861  -0.6855237],5,-0.9640276,0.074012265,-6.86200386218348,98,"[2.36383760e-28 4.71923420e-20 3.36084503e-13 8.69770011e-08
 8.49603474e-04 3.49196348e-01 9.66639434e+00 6.37112746e+01
 2.41626973e+02 5.72091427e+02 8.36503180e+02 7.48480044e+02
 4.35277737e+02 2.27722841e+02 1.70705065e+02 1.33044953e+02
 7.32856093e+01 2.56468259e+01 6.33714327e+00 4.45272313e-01
 2.29874776e-03 5.17920486e-07]","[83547.96886933 39938.44376778 65923.18095353 ... 66252.89355019
  5838.82064707  5418.03782051]"
99,[-0.9868944 -0.6659292],5,-0.9640276,-0.11569941,-9.260753125865882,99,"[9.68779746e-17 2.08540885e-11 3.35642019e-07 4.24757982e-04
 5.11223624e-02 1.14867733e+00 1.22879488e+01 7.28563079e+01
 2.46050807e+02 5.39231491e+02 7.57940130e+02 6.97054370e+02
 4.43931856e+02 2.43163275e+02 1.54903406e+02 1.07798222e+02
 6.19264786e+01 2.62146206e+01 6.88373475e+00 1.03352658e+00
 6.36658625e-02 6.58037980e-04]","[83547.96886933 39938.44376778 65923.18095353 ... 61853.24428815
  4855.71161862  5592.12197702]"
99,[-0.98649323 -0.6556184 ],5,-0.9640276,-0.11569941,-4.212584573354205,100,"[2.48979026e-16 3.30445552e-11 3.78922190e-07 3.96571581e-04
 4.66302462e-02 1.13721184e+00 1.10549750e+01 5.93771955e+01
 2.06342629e+02 4.79654811e+02 7.29644639e+02 7.16981620e+02
 4.89824774e+02 2.79925276e+02 1.86026975e+02 1.30513003e+02
 7.22559924e+01 2.77683364e+01 7.02017856e+00 1.01684029e+00
 5.73517657e-02 6.11567086e-04]","[83547.96886933 39938.44376778 65923.18095353 ...  5638.31088605
  6436.90156138  5816.48096312]"
99,[-0.9862759  -0.62562454],5,-0.9640276,-0.11569941,-11.555354824558297,101,"[2.74611930e-24 2.97440917e-17 1.77985595e-11 6.01065183e-07
 1.21053940e-03 1.84036104e-01 4.77351838e+00 4.45026252e+01
 2.12163644e+02 6.11777874e+02 1.04300478e+03 1.05549041e+03
 6.85410643e+02 3.80687473e+02 2.87668617e+02 2.34907178e+02
 1.35562144e+02 5.31399558e+01 1.54317797e+01 2.65860704e+00
 1.51004852e-01 1.04241260e-03]","[83547.96886933 39938.44376778 65923.18095353 ...  4769.86705388
  5044.31826955  5483.61026909]"
99,[-0.9865601  -0.64291507],5,-0.9640276,-0.11569941,-9.85693055242052,102,"[1.11125956e-26 1.01533859e-18 3.14529550e-12 3.38046733e-07
 1.33041331e-03 2.39888169e-01 5.46087972e+00 4.99015404e+01
 2.20914617e+02 5.39599253e+02 8.32061122e+02 7.63772148e+02
 4.62239968e+02 2.76980410e+02 2.27444912e+02 1.68146120e+02
 8.47779137e+01 2.79188289e+01 6.45580249e+00 4.86131755e-01
 2.83398680e-03 6.94231092e-07]","[83547.96886933 39938.44376778 65923.18095353 ...  5837.52329343
  5153.58143653  4867.51723057]"
99,[-0.98739594 -0.64897376],5,-0.9640276,-0.11569941,-6.821772257017453,103,"[3.26672257e-19 4.33219963e-13 3.01749231e-08 1.14998687e-04
 2.76328272e-02 7.79473259e-01 9.05458279e+00 6.56384784e+01
 2.65427009e+02 6.30994831e+02 9.03297130e+02 8.18118707e+02
 5.37118877e+02 3.34586898e+02 2.66235835e+02 2.02513443e+02
 1.13672464e+02 4.03530060e+01 1.00403665e+01 2.03230448e+00
 1.29318774e-01 7.93906721e-04]","[83547.96886933 39938.44376778 65923.18095353 ...  6550.60095665
  5507.61278328  6523.74540066]"
99,[-0.985624 -0.625318],5,-0.9640276,-0.11569941,-11.105763955338444,104,"[9.11818475e-24 5.75017937e-17 2.13913261e-11 4.80334921e-07
 6.95358465e-04 8.76461316e-02 2.29887512e+00 2.24137676e+01
 1.15383672e+02 3.57697481e+02 6.73975479e+02 7.83808535e+02
 5.70155376e+02 3.15715157e+02 1.94070606e+02 1.39502015e+02
 8.03554600e+01 3.09433460e+01 9.07297696e+00 1.77160934e+00
 1.18672352e-01 1.00153700e-03]","[83547.96886933 39938.44376778 65923.18095353 ...  6194.17527088
  6178.69632455 73563.69560695]"
99,[-0.98498875 -0.6343384 ],5,-0.9640276,-0.11569941,-8.541782505945502,105,"[1.21983180e-26 6.94781050e-19 1.66361824e-12 1.70837449e-07
 7.86745491e-04 1.91191967e-01 5.07910088e+00 4.89225393e+01
 2.54111218e+02 7.30249643e+02 1.20430460e+03 1.14264130e+03
 6.92230292e+02 4.14784457e+02 3.48911751e+02 2.63914265e+02
 1.43454148e+02 5.16287482e+01 9.66643644e+00 5.68668840e-01
 3.52950849e-03 1.16726369e-06]","[83547.96886933 39938.44376778 65923.18095353 ...  5690.46499955
  5633.39656457 55943.58305843]"
99,[-0.9863428 -0.6338683],5,-0.9640276,-0.11569941,-7.977386133831259,106,"[5.66576024e-37 7.01515661e-27 2.03612723e-18 1.40509764e-11
 2.36713590e-06 1.03404926e-02 1.46989850e+00 2.05796285e+01
 1.28007802e+02 4.39321212e+02 7.99906116e+02 8.28862404e+02
 5.24925861e+02 2.49146234e+02 1.72608555e+02 1.37602708e+02
 7.12467066e+01 2.31544244e+01 3.97657300e+00 2.20699284e-01
 9.22138214e-04 1.17458020e-07]","[83547.96886933 39938.44376778 65923.18095353 ...  5241.08242629
  5560.86261965  8028.63433151]"
99,[-0.9795385  -0.66283405],5,-0.9640276,-0.11569941,-9.626855032927613,107,"[3.52716532e-26 3.08466627e-18 9.11822981e-12 9.32361034e-07
 3.47228926e-03 5.65311346e-01 9.31192456e+00 5.97129965e+01
 2.38150087e+02 6.46615354e+02 1.18251878e+03 1.38447471e+03
 1.00435795e+03 4.49475446e+02 1.78853968e+02 9.25603898e+01
 4.12190574e+01 1.49954609e+01 3.39064525e+00 2.41390295e-01
 1.53490835e-03 4.19271306e-07]","[83547.96886933 39938.44376778 65923.18095353 ...  6287.07859276
 61363.12361482  4802.10291755]"
99,[-0.9868061 -0.6834709],5,-0.9640276,0.074012265,-5.025033035462807,108,"[3.07410772e-24 1.82945846e-17 7.81924911e-12 2.44137825e-07
 5.78335001e-04 1.17334873e-01 3.18003042e+00 2.84086489e+01
 1.40260154e+02 3.88776144e+02 6.62271710e+02 7.11219721e+02
 4.97906773e+02 2.62349756e+02 1.48527755e+02 1.02409355e+02
 5.26289310e+01 1.90783613e+01 4.84765558e+00 7.20960466e-01
 3.70012919e-02 2.69783596e-04]","[83547.96886933 39938.44376778 65923.18095353 ...  4985.71781665
  6408.1591465   6744.61354632]"
99,[-0.98435354 -0.63945705],5,-0.9640276,-0.11569941,-5.185080576071197,109,"[6.38756855e-22 2.89650792e-15 6.94010715e-10 9.03434935e-06
 6.93241678e-03 4.61359626e-01 7.59594913e+00 5.72130964e+01
 2.40273716e+02 6.11601577e+02 9.69892391e+02 9.54079354e+02
 6.15818907e+02 3.52758309e+02 2.44780206e+02 1.72334034e+02
 1.01669047e+02 3.80626772e+01 8.57552823e+00 1.68892107e+00
 1.43787430e-01 1.32448909e-03]","[83547.96886933 39938.44376778 65923.18095353 ...  6114.48543097
  6339.06261181  6312.88099091]"
99,[-0.9845067  -0.69121647],5,-0.9640276,0.074012265,-6.039775995118387,110,"[1.61071316e-20 5.97932882e-14 9.37868329e-09 6.48495707e-05
 2.34282831e-02 9.82750846e-01 1.46313469e+01 1.01359169e+02
 3.57796925e+02 7.81610257e+02 1.06321130e+03 8.75894373e+02
 4.98309554e+02 2.60654290e+02 1.79428567e+02 1.31220118e+02
 7.56880025e+01 2.89076555e+01 8.22841000e+00 1.62184935e+00
 9.60004126e-02 5.01135389e-04]","[83547.96886933 39938.44376778 65923.18095353 ...  5759.60396588
  7034.40631234  6633.14846089]"
99,[-0.98565745 -0.6556052 ],5,-0.9640276,-0.11569941,-7.382979080681623,111,"[7.78645660e-21 2.60666095e-14 4.34669996e-09 3.73006895e-05
 1.81379052e-02 7.57631563e-01 8.69590525e+00 6.28724063e+01
 2.66734078e+02 6.68911068e+02 1.01605240e+03 9.61640779e+02
 5.79097132e+02 3.12579442e+02 2.28877537e+02 1.78691446e+02
 1.00795635e+02 3.62082913e+01 8.57803804e+00 1.38244745e+00
 7.02910449e-02 3.45930939e-04]","[83547.96886933 39938.44376778 65923.18095353 ...  6119.33390066
  6675.62790132  6699.02049253]"
99,[-0.98480785 -0.691898  ],5,-0.9640276,0.074012265,-6.85025231337978,112,"[4.72523476e-29 1.46317929e-20 1.42742955e-13 4.47400106e-08
 4.69478987e-04 1.88240808e-01 5.50923197e+00 4.67417185e+01
 2.22986288e+02 6.50590986e+02 1.03992952e+03 9.53611632e+02
 5.40645346e+02 2.48041146e+02 1.59692368e+02 1.17538499e+02
 6.10355291e+01 2.25141073e+01 5.93916984e+00 8.67674316e-01
 3.65600604e-02 1.14956612e-04]","[83547.96886933 39938.44376778 65923.18095353 ...  6061.4634281
  6585.33434653  6783.91731113]"
99,[-0.9875178  -0.67845494],5,-0.9640276,0.074012265,-4.673614075409475,113,"[1.52431019e-17 5.02396093e-12 1.26163807e-07 2.50915601e-04
 4.48396694e-02 1.16143447e+00 1.18698524e+01 7.33408330e+01
 2.52412898e+02 5.47633403e+02 7.50128847e+02 6.78900462e+02
 4.12277153e+02 1.99119427e+02 1.15774238e+02 8.32276767e+01
 4.72051729e+01 1.89896544e+01 5.30010620e+00 8.92163987e-01
 5.65389229e-02 5.65941630e-04]","[83547.96886933 39938.44376778 65923.18095353 ...  6374.35724424
  5890.96489654  5059.82474848]"
99,[-0.98617566 -0.64892   ],5,-0.9640276,-0.11569941,-6.045481337610269,114,"[4.72288292e-27 5.42106155e-19 1.98284593e-12 2.36619153e-07
 9.73941839e-04 1.75904500e-01 4.17626445e+00 4.08921934e+01
 2.01078073e+02 5.35071287e+02 8.76399380e+02 8.82305719e+02
 5.24189810e+02 2.59165388e+02 1.82466883e+02 1.36233647e+02
 7.27432169e+01 2.58282645e+01 5.94433968e+00 9.35686702e-01
 5.13220754e-02 2.15449427e-04]","[83547.96886933 39938.44376778 65923.18095353 ...  5070.52175105
  6260.93790446 60019.439992  ]"
99,[-0.98304224 -0.6501747 ],5,-0.9640276,-0.11569941,-6.695159358973536,115,"[1.41212613e-23 9.94589819e-17 4.20439327e-11 1.08928328e-06
 1.82145804e-03 2.40266497e-01 5.08278541e+00 3.89973301e+01
 1.59285177e+02 4.29197691e+02 8.15586721e+02 1.08734401e+03
 9.33185318e+02 5.11753228e+02 2.32292175e+02 1.22911066e+02
 6.12610613e+01 2.27105015e+01 5.51562040e+00 8.42758378e-01
 4.81921691e-02 3.52695062e-04]","[83547.96886933 39938.44376778 65923.18095353 ...  6068.66581928
 56768.29365479  6816.08488654]"
99,[-0.9800312  -0.65671873],5,-0.9640276,-0.11569941,-8.880940692566016,116,"[2.19141602e-22 1.15843450e-15 3.77242557e-10 7.73131129e-06
 1.04964487e-02 1.13980037e+00 1.93668554e+01 1.20712358e+02
 3.89865419e+02 7.93238118e+02 1.19262125e+03 1.31559884e+03
 9.96508372e+02 5.37035300e+02 2.58816405e+02 1.31957282e+02
 6.51560424e+01 2.53035880e+01 7.07470977e+00 1.12859695e+00
 6.40075921e-02 5.50320107e-04]","[83547.96886933 39938.44376778 65923.18095353 ...  6655.74996748
 61061.20393512  5401.8144396 ]"
99,[-0.9855237  -0.66143763],5,-0.9640276,-0.11569941,-5.945648833940104,117,"[9.85077103e-30 7.63631403e-21 1.32144748e-13 5.22613826e-08
 4.97647381e-04 1.38960769e-01 3.37295581e+00 3.70626663e+01
 2.06480583e+02 5.88793596e+02 9.72682256e+02 9.07531976e+02
 5.16290336e+02 2.61936851e+02 1.92915855e+02 1.38508447e+02
 6.83418429e+01 2.21255587e+01 4.33110443e+00 2.61977449e-01
 9.66639129e-04 1.00243273e-07]","[83547.96886933 39938.44376778 65923.18095353 ...  6153.07656098
  6297.66701892  5391.94710653]"
99,[-0.98520476 -0.66102797],5,-0.9640276,-0.11569941,-8.819269053716493,118,"[5.89793673e-28 1.38975045e-19 8.54686925e-13 1.40724601e-07
 6.63009977e-04 1.30654845e-01 4.40277344e+00 4.13342764e+01
 1.96561888e+02 5.89285240e+02 1.00578458e+03 9.46443900e+02
 5.49702161e+02 2.85995230e+02 2.09124589e+02 1.45526127e+02
 6.82786117e+01 1.90042270e+01 3.39604157e+00 2.28388781e-01
 1.10732684e-03 1.77233552e-07]","[83547.96886933 39938.44376778 65923.18095353 ... 55818.83560246
  4801.51306369  6406.94756958]"
99,[-0.98521847 -0.63864684],5,-0.9640276,-0.11569941,-7.158878199382963,119,"[3.02015456e-17 1.04763634e-11 2.40277764e-07 3.80610264e-04
 4.79803429e-02 8.41010356e-01 6.89783859e+00 4.13150834e+01
 1.51794253e+02 3.70431171e+02 6.67532468e+02 8.58219336e+02
 7.28279918e+02 4.29867301e+02 2.16079966e+02 1.15887068e+02
 5.80081438e+01 2.06585062e+01 4.35656647e+00 3.48776684e-01
 4.18709436e-03 4.16432126e-06]","[83547.96886933 39938.44376778 65923.18095353 ...  6121.58520792
 55875.93296321  5916.52469054]"
99,[-0.98732907 -0.6571016 ],5,-0.9640276,-0.11569941,-7.5989851907549735,120,"[3.76401789e-25 8.70011243e-18 1.02203935e-11 6.22027899e-07
 2.04510290e-03 4.16531739e-01 9.16381143e+00 6.06656548e+01
 2.19701132e+02 5.28471586e+02 7.54974411e+02 6.66297874e+02
 3.91789936e+02 2.13359874e+02 1.59509813e+02 1.26266844e+02
 6.94048237e+01 2.68450515e+01 6.98990872e+00 5.75104420e-01
 5.02641624e-03 2.76381012e-06]","[83547.96886933 39938.44376778 65923.18095353 ...  6482.24712562
  5761.80420515  6179.79486271]"
99,[-0.9859416 -0.6733198],5,-0.9640276,0.074012265,-8.280673184297479,121,"[2.53432660e-15 1.56523746e-10 1.11071149e-06 9.43975145e-04
 1.09265638e-01 2.50225827e+00 2.05147602e+01 8.82626339e+01
 2.40330965e+02 4.82018074e+02 6.76386263e+02 6.39697359e+02
 4.38474744e+02 2.65752044e+02 1.76204578e+02 1.20132038e+02
 7.40916350e+01 3.31414976e+01 9.41854769e+00 1.29707400e+00
 6.38648834e-02 7.93278556e-04]","[83547.96886933 39938.44376778 65923.18095353 ... 52774.82935658
  6018.03206818  7178.18132326]"
99,[-0.98404354 -0.69872725],5,-0.9640276,0.074012265,-5.81755940182109,122,"[6.26806169e-21 3.80350376e-14 8.94245470e-09 8.46168550e-05
 3.64612934e-02 1.31290179e+00 1.66937208e+01 1.18309514e+02
 3.81004258e+02 7.03304642e+02 9.07576228e+02 8.74066733e+02
 5.90822422e+02 2.78422005e+02 1.24598240e+02 6.96429178e+01
 3.36008139e+01 1.17651634e+01 3.27177740e+00 7.03177545e-01
 4.16494812e-02 1.83187574e-04]","[83547.96886933 39938.44376778 65923.18095353 ...  6695.99090181
 66237.61666347  4728.95600917]"
99,[-0.9867941  -0.61855155],5,-0.9640276,-0.11569941,-5.042876341625347,123,"[2.39022504e-22 9.23239971e-16 2.21813197e-10 3.39238952e-06
 3.50595634e-03 3.11160669e-01 5.27004986e+00 3.94997230e+01
 1.69228832e+02 4.51514343e+02 7.58202388e+02 7.97198462e+02
 5.76729996e+02 3.55159953e+02 2.62033953e+02 1.96119711e+02
 1.17473514e+02 5.05059966e+01 1.44965261e+01 2.30989935e+00
 1.35341941e-01 1.22509216e-03]","[83547.96886933 39938.44376778 65923.18095353 ...  6824.87992109
  5323.49644285 51660.55973859]"
99,[-0.98334336 -0.66731524],5,-0.9640276,-0.11569941,-8.412432053057723,124,"[2.05513319e-40 1.90761076e-29 2.93371812e-20 7.58441737e-13
 3.38746101e-07 2.79142110e-03 5.93349749e-01 1.64291305e+01
 1.43465481e+02 5.43115943e+02 1.02066567e+03 1.01244307e+03
 5.76115118e+02 2.48557141e+02 1.63954000e+02 1.08729062e+02
 5.15063174e+01 1.52978461e+01 3.05206768e+00 1.90241019e-01
 5.33477814e-04 3.14601892e-08]","[83547.96886933 39938.44376778 65923.18095353 ...  5907.01479288
  6510.10554136  5128.90709456]"
99,[-0.9844204  -0.63942546],5,-0.9640276,-0.11569941,-9.959969686547872,125,"[1.78968345e-23 2.75615722e-16 1.64779793e-10 3.93822725e-06
 4.07936010e-03 2.75064532e-01 4.45899192e+00 3.88018044e+01
 1.83027171e+02 5.17572090e+02 8.86505017e+02 9.05950679e+02
 5.80589776e+02 3.08326004e+02 2.12485971e+02 1.52309854e+02
 8.21613504e+01 3.10600877e+01 7.59458025e+00 1.19262120e+00
 7.75925987e-02 5.34271702e-04]","[83547.96886933 39938.44376778 65923.18095353 ...  6023.38130458
  6732.80418125  6744.41639619]"
99,[-0.9861088 -0.647457 ],5,-0.9640276,-0.11569941,-8.394417881725289,126,"[9.75865467e-27 5.55825063e-19 1.33090260e-12 1.36682072e-07
 6.30185554e-04 1.55283376e-01 4.44116552e+00 4.64493913e+01
 2.43681189e+02 6.78805092e+02 1.10771718e+03 1.05382466e+03
 6.35833276e+02 3.65377051e+02 3.03677421e+02 2.39075926e+02
 1.29963299e+02 4.62122387e+01 1.00222983e+01 1.46446220e+00
 7.05427175e-02 2.95310047e-04]","[83547.96886933 39938.44376778 65923.18095353 ...  4357.36725699
  5267.57056934  5574.67538986]"
99,[-0.9822306 -0.615216 ],5,-0.9640276,-0.11569941,-5.393065602138929,127,"[4.04969612e-32 2.41692492e-23 4.99717685e-16 3.63602703e-10
 9.60742429e-06 1.01829344e-02 7.70807064e-01 1.52115324e+01
 1.14282495e+02 4.50878856e+02 9.97700653e+02 1.21418696e+03
 8.28502085e+02 3.94616418e+02 2.46477053e+02 1.84659187e+02
 9.94873893e+01 3.02331626e+01 5.34923733e+00 3.98472332e-01
 3.10058286e-03 1.09436741e-06]","[83547.96886933 39938.44376778 65923.18095353 ...  6484.32854466
  7745.45614555  6022.89440451]"
99,[-0.98515    -0.63698405],5,-0.9640276,-0.11569941,-7.148854663158169,128,"[4.46372086e-28 1.10385163e-20 1.90121794e-14 2.30956053e-09
 2.02735254e-05 1.37028097e-02 9.07237575e-01 1.24510809e+01
 8.29572081e+01 3.29059782e+02 7.39248222e+02 9.34678859e+02
 7.15011453e+02 3.90609928e+02 2.14213659e+02 1.40996047e+02
 7.65422422e+01 2.62315404e+01 5.22423164e+00 4.01451043e-01
 4.85862717e-03 5.25016926e-06]","[83547.96886933 39938.44376778 65923.18095353 ...  4585.77270437
  6311.1413222   6900.72636269]"
99,[-0.9874795  -0.67335266],5,-0.9640276,0.074012265,-6.826283781319956,129,"[6.52366411e-22 4.99752595e-15 1.52180184e-09 1.91000870e-05
 1.12222515e-02 5.85772398e-01 9.66549372e+00 7.54751130e+01
 2.80759553e+02 6.41131071e+02 8.97393591e+02 7.69408839e+02
 4.26496143e+02 2.12310656e+02 1.49141557e+02 1.09386106e+02
 5.66213927e+01 2.01707562e+01 4.71466113e+00 3.46842634e-01
 2.27997331e-03 7.33805248e-07]","[83547.96886933 39938.44376778 65923.18095353 ...  6841.25820962
  5158.62467459  6096.11394218]"
99,[-0.98486257 -0.66863275],5,-0.9640276,-0.11569941,-4.137466973025763,130,"[2.80657011e-31 7.14215424e-22 3.03700034e-14 2.21273454e-08
 2.92137476e-04 8.66419538e-02 2.05606424e+00 2.19912511e+01
 1.34175437e+02 4.50688307e+02 8.12555932e+02 7.99960380e+02
 4.56521867e+02 1.92387970e+02 1.29366268e+02 9.80648482e+01
 5.35444205e+01 1.56569162e+01 3.11864394e+00 2.13968737e-01
 6.68950710e-04 4.40928812e-08]","[83547.96886933 39938.44376778 65923.18095353 ...  5391.1392438
  5951.76350453  7383.39896715]"
99,[-0.9866418  -0.70162266],5,-0.9640276,0.074012265,-6.6063854477641435,131,"[9.05254514e-22 8.29649969e-15 2.70837425e-09 3.27036384e-05
 1.65046174e-02 6.47408721e-01 9.01014338e+00 7.20828173e+01
 2.81868854e+02 6.48675246e+02 8.68772812e+02 7.19937174e+02
 3.96732787e+02 1.96179209e+02 1.41647055e+02 1.00905262e+02
 5.23340322e+01 1.78882102e+01 4.24846301e+00 7.31055203e-01
 3.62113733e-02 1.29670724e-04]","[83547.96886933 39938.44376778 65923.18095353 ...  6426.08777763
  5770.85907437 61155.70112544]"
99,[-0.9774507  -0.65698576],5,-0.9640276,-0.11569941,-7.475463613806912,132,"[5.73230486e-25 1.39649815e-17 1.59525015e-11 8.72746220e-07
 2.40497829e-03 4.08211436e-01 9.56523203e+00 7.87376173e+01
 3.28331866e+02 8.20844400e+02 1.29564051e+03 1.37465340e+03
 9.62046703e+02 4.63991808e+02 2.24905439e+02 1.38334152e+02
 7.55723400e+01 2.65541001e+01 4.01679551e+00 1.84696086e-01
 1.39341954e-03 6.98777417e-07]","[83547.96886933 39938.44376778 65923.18095353 ...  6217.67267105
 60499.48635682  4358.73814198]"
99,[-0.98544014 -0.65393203],5,-0.9640276,-0.11569941,-5.691922683693183,133,"[6.90815270e-23 2.38147943e-16 5.78394147e-11 1.01106769e-06
 1.35041610e-03 1.76330586e-01 4.57991651e+00 4.14284902e+01
 1.76793264e+02 4.50987595e+02 7.28962532e+02 7.43747531e+02
 5.21362933e+02 3.13591272e+02 2.10947057e+02 1.51056698e+02
 8.80904737e+01 3.62764221e+01 8.79100385e+00 1.45465393e+00
 9.68787136e-02 8.68686857e-04]","[83547.96886933 39938.44376778 65923.18095353 ...  5334.19835068
  6359.14728218  7546.47999708]"
99,[-0.9831003 -0.6585367],5,-0.9640276,-0.11569941,-11.442658507652657,134,"[4.40377816e-21 9.79031705e-15 1.50846819e-09 1.64845459e-05
 1.35624442e-02 1.05590810e+00 1.56940186e+01 8.72181758e+01
 2.65198995e+02 5.68978638e+02 8.72004177e+02 9.52349532e+02
 7.31861849e+02 4.05886297e+02 2.04049135e+02 1.12091241e+02
 4.96149279e+01 1.50805101e+01 3.69800122e+00 3.84538889e-01
 5.67887190e-03 7.21029489e-06]","[83547.96886933 39938.44376778 65923.18095353 ...  6576.41402325
 61291.83373412 68715.31563356]"
99,[-0.9851774  -0.69010544],5,-0.9640276,0.074012265,-7.842279560863316,135,"[5.90963304e-29 1.38771793e-20 1.10337706e-13 3.02797073e-08
 2.98906462e-04 1.22865119e-01 4.35981994e+00 4.62027265e+01
 2.28241879e+02 6.10791696e+02 9.31361670e+02 8.26647861e+02
 4.40186970e+02 1.94263803e+02 1.14371254e+02 8.10755341e+01
 4.15283266e+01 1.23539665e+01 2.25097906e+00 1.49380502e-01
 8.87748231e-04 2.27835572e-07]","[83547.96886933 39938.44376778 65923.18095353 ...  5694.11636026
  5821.32317233  5963.07223406]"
99,[-0.98435354 -0.64400274],5,-0.9640276,-0.11569941,-7.219082844884989,136,"[9.33024653e-34 1.74029396e-24 9.94473217e-17 1.76671682e-10
 1.00314382e-05 1.94494130e-02 1.68585420e+00 2.04526518e+01
 1.20820678e+02 4.13958240e+02 8.06688846e+02 8.81553806e+02
 5.63472745e+02 2.80737899e+02 1.73085087e+02 1.27162677e+02
 6.92647318e+01 2.33461095e+01 4.77775648e+00 3.54184934e-01
 2.27383656e-03 5.78071602e-07]","[83547.96886933 39938.44376778 65923.18095353 ...  6661.43605809
  5581.09918799  5694.60605412]"
99,[-0.9861589 -0.6605906],5,-0.9640276,-0.11569941,-8.65930800331719,137,"[6.93016052e-27 6.79086917e-19 2.34278300e-12 2.90801599e-07
 1.36334314e-03 2.88674195e-01 6.35705414e+00 5.17102842e+01
 2.30309003e+02 5.91898777e+02 9.08154625e+02 8.47156398e+02
 5.04251225e+02 2.51202111e+02 1.70105943e+02 1.20547729e+02
 6.32556461e+01 2.23733281e+01 5.37553389e+00 8.59019788e-01
 4.38414411e-02 1.79206163e-04]","[83547.96886933 39938.44376778 65923.18095353 ...  5125.91476616
  5417.05030871  6525.97157488]"
99,[-0.9857076 -0.6439261],5,-0.9640276,-0.11569941,-7.516418316239362,138,"[2.29776276e-26 1.14238834e-18 2.17782576e-12 1.62859671e-07
 5.03726182e-04 7.95486160e-02 1.65201683e+00 1.68662680e+01
 1.02657504e+02 3.59244062e+02 7.51441099e+02 9.13527370e+02
 6.35120064e+02 3.02861899e+02 1.67986802e+02 1.14203716e+02
 5.67722224e+01 1.90420439e+01 4.20877159e+00 3.22107151e-01
 2.32729810e-03 8.12940573e-07]","[83547.96886933 39938.44376778 65923.18095353 ...  6958.12781258
  6791.86508122  5891.0246446 ]"
99,[-0.98590815 -0.6601376 ],5,-0.9640276,-0.11569941,-8.19371414577497,139,"[1.00945639e-23 3.02865509e-16 2.74824899e-10 7.80008146e-06
 7.62481847e-03 4.15419623e-01 5.78612723e+00 5.16999473e+01
 2.47811326e+02 6.64473898e+02 1.05006463e+03 9.78511602e+02
 5.65372322e+02 3.06263722e+02 2.49341072e+02 1.96122385e+02
 1.06551945e+02 3.56874112e+01 7.27710666e+00 8.41983843e-01
 2.92109067e-02 7.27308557e-05]","[83547.96886933 39938.44376778 65923.18095353 ...  5898.53009633
  5758.21253074 54867.21472206]"
99,[-0.9829431  -0.69079864],5,-0.9640276,0.074012265,-6.692125769776406,140,"[5.41907214e-22 5.90463310e-15 2.34491982e-09 3.52359782e-05
 2.30731822e-02 1.36095065e+00 2.16100506e+01 1.32767862e+02
 4.18586580e+02 7.62060971e+02 9.69901994e+02 9.15971455e+02
 6.07424097e+02 2.87127368e+02 1.28533392e+02 6.84462170e+01
 3.24519059e+01 1.17368663e+01 2.78881217e+00 2.01176176e-01
 1.19081198e-03 3.15660566e-07]","[83547.96886933 39938.44376778 65923.18095353 ...  5918.4460158
 63215.44034278  4674.21537527]"
99,[-0.9836445 -0.6468376],5,-0.9640276,-0.11569941,-9.082553215706037,141,"[4.96799117e-23 4.29855937e-16 1.89141458e-10 4.33540320e-06
 5.49128525e-03 4.85041846e-01 7.00180180e+00 4.31408110e+01
 1.66775262e+02 4.57891811e+02 8.55594027e+02 1.01305758e+03
 7.49188812e+02 3.78738440e+02 1.68491804e+02 8.52903483e+01
 3.89095765e+01 1.39994932e+01 3.22730323e+00 2.59665479e-01
 2.53523996e-03 1.59238831e-06]","[83547.96886933 39938.44376778 65923.18095353 ... 57478.13083102
 55543.2945775   5723.42979824]"
99,[-0.98711175 -0.6622292 ],5,-0.9640276,-0.11569941,-6.509416425979884,142,"[2.64947130e-25 6.91948282e-18 7.98657899e-12 4.16677317e-07
 1.03986634e-03 1.59660214e-01 3.90576042e+00 3.43188508e+01
 1.58880336e+02 4.56487989e+02 7.89002609e+02 8.09860400e+02
 5.09779367e+02 2.59455361e+02 1.76877615e+02 1.40267814e+02
 8.08441423e+01 2.99726371e+01 8.08780428e+00 1.20945972e+00
 5.97864676e-02 3.57883628e-04]","[83547.96886933 39938.44376778 65923.18095353 ...  5043.48708022
  5339.72543179  5716.64635485]"
99,[-0.98567414 -0.6722079 ],5,-0.9640276,0.074012265,-9.690130299525851,143,"[1.02209795e-17 3.66470971e-12 9.40795986e-08 1.80501414e-04
 3.00992542e-02 7.60821905e-01 7.29207525e+00 4.46363412e+01
 1.85320822e+02 4.76499910e+02 7.81442422e+02 8.25036905e+02
 5.51649571e+02 2.89662141e+02 1.71366342e+02 1.14685527e+02
 6.30452640e+01 2.34352045e+01 5.55972035e+00 8.42747846e-01
 4.99458654e-02 4.36021007e-04]","[83547.96886933 39938.44376778 65923.18095353 ... 43535.44326756
  6430.02092802  4964.64125235]"
99,[-0.9843703  -0.62562966],5,-0.9640276,-0.11569941,-7.182088709704015,144,"[4.31783699e-25 1.95901672e-17 2.87228976e-11 1.39983197e-06
 2.44133572e-03 2.21208040e-01 4.01857988e+00 3.52501599e+01
 1.81188111e+02 5.61386373e+02 9.94933743e+02 1.02235383e+03
 6.73725683e+02 3.65419989e+02 2.55615263e+02 2.08319951e+02
 1.14215309e+02 4.12369839e+01 9.98370178e+00 8.56301260e-01
 6.20343852e-03 1.83888044e-06]","[83547.96886933 39938.44376778 65923.18095353 ...  6293.62100167
  6577.40833914  6062.97891548]"
99,[-0.989452  -0.6545933],5,-0.9640276,-0.11569941,-8.946769298547053,145,"[1.93145844e-17 4.01051173e-12 7.24700915e-08 1.19446184e-04
 2.13776644e-02 7.20306135e-01 9.04899156e+00 5.58230674e+01
 1.94861017e+02 4.48204282e+02 6.79912440e+02 6.70677574e+02
 4.63991436e+02 2.81755500e+02 1.90580472e+02 1.37362480e+02
 8.03440620e+01 3.45355045e+01 1.05209948e+01 2.01272974e+00
 1.33480785e-01 1.37067107e-03]","[83547.96886933 39938.44376778 65923.18095353 ...  6512.59541791
  6287.13214771  6480.314912  ]"
99,[-0.98937917 -0.65394855],5,-0.9640276,-0.11569941,-7.772032302544007,146,"[1.41393025e-12 3.40057129e-08 7.08070827e-05 1.39601020e-02
 3.56220722e-01 2.71772347e+00 1.41902751e+01 5.28566904e+01
 1.40786924e+02 2.82737235e+02 4.70206386e+02 5.98925030e+02
 5.26094555e+02 3.30567237e+02 1.75344159e+02 9.02845489e+01
 4.38714097e+01 1.67009626e+01 4.31724283e+00 7.51938842e-01
 5.05842264e-02 5.38989837e-04]","[83547.96886933 39938.44376778 65923.18095353 ... 54519.96867966
 55854.28484759  7325.57794511]"
99,[-0.9842604  -0.64248157],5,-0.9640276,-0.11569941,-8.798680953367512,147,"[6.14912458e-40 3.17070293e-29 3.18018709e-20 6.28972536e-13
 2.51598427e-07 2.15867401e-03 5.14817787e-01 1.30817667e+01
 1.14241123e+02 4.57764603e+02 9.51364374e+02 1.05159688e+03
 6.30079135e+02 2.95446116e+02 2.29804579e+02 1.77424760e+02
 9.20887343e+01 2.91819553e+01 3.85423718e+00 1.43815899e-01
 4.60122611e-04 3.87606086e-08]","[83547.96886933 39938.44376778 65923.18095353 ...  5432.25362431
  6256.01003778  5172.8643317 ]"
99,[-0.98591644 -0.6416568 ],5,-0.9640276,-0.11569941,-7.169406027552656,148,"[3.56335880e-32 1.15687168e-22 6.86962969e-15 7.62847711e-09
 1.66144829e-04 8.38249852e-02 2.65905037e+00 3.00745514e+01
 1.78917193e+02 5.63430995e+02 9.51417910e+02 8.63194560e+02
 4.67813141e+02 2.20854539e+02 1.68140630e+02 1.35568296e+02
 6.74636024e+01 2.20638287e+01 5.53096688e+00 3.74728453e-01
 1.13406974e-03 7.83822537e-08]","[83547.96886933 39938.44376778 65923.18095353 ... 60890.81996334
  6179.44699948  6612.22828924]"
99,[-0.98530054 -0.69785887],5,-0.9640276,0.074012265,-9.572731622085174,149,"[1.51338479e-23 1.25598604e-16 6.54625179e-11 2.18271800e-06
 4.84714006e-03 8.13309677e-01 1.65213304e+01 1.03120483e+02
 3.46808868e+02 6.96560167e+02 8.87342995e+02 7.65412063e+02
 4.56596113e+02 2.24251885e+02 1.26248520e+02 8.62578092e+01
 4.83928552e+01 1.98873041e+01 4.92993421e+00 4.04833605e-01
 4.54588981e-03 4.05093679e-06]","[83547.96886933 39938.44376778 65923.18095353 ...  5626.59061488
  6693.84711678  5544.37009603]"
99,[-0.98669386 -0.68888825],5,-0.9640276,0.074012265,-6.996861996229046,150,"[4.91576922e-24 2.14880501e-16 2.54314990e-10 8.44417679e-06
 8.83078626e-03 5.63568660e-01 9.82371366e+00 8.02087986e+01
 3.22034428e+02 7.21349123e+02 1.00514612e+03 8.47212765e+02
 4.76868172e+02 2.62945831e+02 2.05815145e+02 1.52231179e+02
 8.24122831e+01 2.90419685e+01 6.92335649e+00 9.05067428e-01
 3.29819648e-02 8.04370876e-05]","[83547.96886933 39938.44376778 65923.18095353 ...  6351.87809081
  6615.68514372  5819.42556225]"
99,[-0.9835916 -0.6837792],5,-0.9640276,0.074012265,-8.35009907754031,151,"[7.51321659e-16 2.46787486e-10 4.63175865e-06 5.27040072e-03
 4.51613433e-01 6.20801919e+00 4.08207653e+01 1.69112471e+02
 4.34567568e+02 7.71574881e+02 1.05517222e+03 1.07148493e+03
 7.65331478e+02 4.05761472e+02 2.10855952e+02 1.28213558e+02
 6.27794740e+01 2.16169529e+01 4.28280359e+00 2.56397158e-01
 1.80113070e-03 8.71034410e-07]","[83547.96886933 39938.44376778 65923.18095353 ...  5845.21297207
 62626.34217318  4897.09663387]"
99,[-0.98741263 -0.61526924],5,-0.9640276,-0.11569941,-7.2113757122416065,152,"[1.30929705e-29 1.01283364e-21 4.32687453e-15 1.03458446e-09
 1.42040756e-05 1.19599781e-02 8.05630508e-01 1.07647425e+01
 7.61910637e+01 3.08788418e+02 6.75789404e+02 8.48073824e+02
 6.51101631e+02 3.46181112e+02 1.94979934e+02 1.37544041e+02
 7.25149441e+01 2.45224087e+01 5.26649519e+00 4.26348471e-01
 4.48195747e-03 3.32234857e-06]","[83547.96886933 39938.44376778 65923.18095353 ...  5439.78278329
  7296.11230242  6226.97185383]"
99,[-0.98620903 -0.64734906],5,-0.9640276,-0.11569941,-6.7564431312741755,153,"[1.28194500e-23 1.43881944e-16 8.10291189e-11 2.34298657e-06
 3.67558502e-03 3.86818845e-01 6.20537425e+00 4.38441281e+01
 1.87474695e+02 4.94336491e+02 7.91075165e+02 7.71652349e+02
 4.95411798e+02 2.74060611e+02 1.91341020e+02 1.37630439e+02
 7.30350146e+01 2.55697508e+01 6.39533098e+00 1.01629369e+00
 5.82987964e-02 4.03241329e-04]","[83547.96886933 39938.44376778 65923.18095353 ...  7062.69987532
  5014.82352731  6079.27700698]"
99,[-0.9859028 -0.6784013],5,-0.9640276,0.074012265,-8.2592190769816,154,"[3.20972599e-17 7.12780939e-12 1.28170599e-07 1.94934789e-04
 2.92158784e-02 7.45302121e-01 8.15372928e+00 5.27017204e+01
 1.99578225e+02 4.81714497e+02 7.40324609e+02 7.38179430e+02
 4.91204889e+02 2.64499771e+02 1.62847413e+02 1.10099221e+02
 6.05012553e+01 2.11924473e+01 5.10767984e+00 8.30146026e-01
 5.12341829e-02 5.11762068e-04]","[83547.96886933 39938.44376778 65923.18095353 ...  4925.71303754
  6537.486198    6440.53586202]"
99,[-0.9849052 -0.6278357],5,-0.9640276,-0.11569941,-6.337106461211486,155,"[3.62383817e-22 6.73233644e-16 9.43456652e-11 1.02576608e-06
 9.62905663e-04 1.21961336e-01 3.99739980e+00 3.91909724e+01
 1.79065802e+02 4.96393624e+02 8.72223543e+02 9.58520185e+02
 6.71049896e+02 4.05303268e+02 2.88299744e+02 2.04774294e+02
 1.08477313e+02 4.17318538e+01 1.05823820e+01 1.73427753e+00
 1.17734086e-01 1.24585988e-03]","[83547.96886933 39938.44376778 65923.18095353 ...  7411.68269973
  5480.14391722  4734.90914704]"
99,[-0.9870616 -0.6813336],5,-0.9640276,0.074012265,-7.138763095326236,156,"[8.09362618e-28 8.10573195e-20 3.40345993e-13 6.09886281e-08
 4.84093225e-04 1.91162046e-01 6.28756295e+00 5.46581740e+01
 2.41091830e+02 6.13313499e+02 9.08840600e+02 8.14309567e+02
 4.76841776e+02 2.42135568e+02 1.71566555e+02 1.28182681e+02
 6.88751259e+01 2.32767217e+01 5.55537435e+00 7.79880272e-01
 3.17754083e-02 1.19599952e-04]","[83547.96886933 39938.44376778 65923.18095353 ...  5304.93049481
  6474.47276019  6402.82046417]"
99,[-0.9786101 -0.7094582],5,-0.9640276,0.074012265,-5.472056536995287,157,"[3.63022726e-20 8.10789463e-14 1.08824270e-08 9.04048444e-05
 5.07180519e-02 2.72569113e+00 3.34753444e+01 1.82809620e+02
 5.40340868e+02 9.86122554e+02 1.33720157e+03 1.31863205e+03
 8.41925792e+02 3.82853765e+02 1.71105437e+02 9.61682706e+01
 4.47159390e+01 1.52781077e+01 3.82107615e+00 6.04872088e-01
 2.87160305e-02 1.50118852e-04]","[83547.96886933 39938.44376778 65923.18095353 ...  7818.42211383
 39168.5653648   4657.79352546]"
99,[-0.9836849 -0.6866136],5,-0.9640276,0.074012265,-8.383458757193905,158,"[8.30517973e-18 3.87204616e-12 1.30807012e-07 3.31818451e-04
 7.05018375e-02 1.89487251e+00 1.67954985e+01 9.29154410e+01
 3.09406377e+02 6.48731480e+02 9.06093272e+02 8.29927650e+02
 5.12414740e+02 2.55691697e+02 1.52848372e+02 1.02167481e+02
 5.89883952e+01 2.44324712e+01 6.38351117e+00 9.48913483e-01
 5.29494174e-02 4.68235237e-04]","[83547.96886933 39938.44376778 65923.18095353 ...  6960.00589865
  7350.66362737  6374.56332527]"
99,[-0.9845615  -0.65687174],5,-0.9640276,-0.11569941,-6.63010588112983,159,"[1.60863855e-41 1.87369787e-30 3.94348367e-21 1.51930896e-13
 1.09740634e-07 1.56727061e-03 5.45277730e-01 1.49664322e+01
 1.26000396e+02 4.87040632e+02 1.01615666e+03 1.08787362e+03
 6.49361982e+02 3.17610971e+02 2.26435473e+02 1.68168810e+02
 8.81062148e+01 2.69352135e+01 4.35423758e+00 2.06976033e-01
 5.11627368e-04 2.89996591e-08]","[83547.96886933 39938.44376778 65923.18095353 ...  6089.28040195
  6969.4625118   5466.20777343]"
99,[-0.9847882 -0.6435809],5,-0.9640276,-0.11569941,-7.696516252132112,160,"[1.48119919e-18 7.28882617e-13 3.09106362e-08 1.15864986e-04
 4.09658268e-02 1.71392824e+00 1.63963245e+01 7.94622591e+01
 2.63349097e+02 5.85022366e+02 8.61016751e+02 8.43860545e+02
 5.66738256e+02 3.14049553e+02 1.92596547e+02 1.25592486e+02
 7.36139413e+01 3.10141663e+01 8.72952525e+00 1.43727986e+00
 9.64561049e-02 1.40837161e-03]","[83547.96886933 39938.44376778 65923.18095353 ...  5366.88103008
  5221.45170974  6130.12152024]"
99,[-0.9885443 -0.6985461],5,-0.9640276,0.074012265,-4.650371674957324,161,"[1.52476486e-22 2.28438451e-15 1.23872818e-09 2.51109699e-05
 2.08556710e-02 1.08429370e+00 1.25360218e+01 8.05480707e+01
 2.95536650e+02 5.99802559e+02 7.70652181e+02 6.24701000e+02
 3.42731619e+02 1.94177161e+02 1.46282345e+02 1.03918106e+02
 4.85185732e+01 1.26640736e+01 1.53599602e+00 6.08669062e-02
 2.83037280e-04 6.27262452e-08]","[83547.96886933 39938.44376778 65923.18095353 ...  7366.73044479
  5366.60834621  5765.21512899]"
99,[-0.9881314 -0.6705318],5,-0.9640276,0.074012265,-6.573214378044409,162,"[1.16499612e-28 6.40246937e-20 8.51963898e-13 2.80899413e-07
 2.41168844e-03 6.34098402e-01 1.16091726e+01 7.91774752e+01
 3.26384816e+02 7.22951097e+02 9.01188400e+02 6.91495214e+02
 3.74130818e+02 1.93010417e+02 1.40090827e+02 9.41154948e+01
 4.36710143e+01 1.39500023e+01 2.94369749e+00 1.86896134e-01
 7.19558380e-04 8.36306954e-08]","[83547.96886933 39938.44376778 65923.18095353 ...  5361.163173
  4849.38281638  6124.89125834]"
99,[-0.9854879 -0.6507447],5,-0.9640276,-0.11569941,-6.603448221785603,163,"[4.57712035e-18 4.07177419e-12 1.81214478e-07 4.25505284e-04
 6.60160201e-02 1.61527527e+00 1.51739601e+01 7.66213357e+01
 2.39896749e+02 4.97947941e+02 7.49462826e+02 8.21327994e+02
 6.28602916e+02 3.48706929e+02 1.87096542e+02 1.06868387e+02
 5.07629386e+01 1.77685122e+01 4.09148968e+00 3.42992449e-01
 3.27281803e-03 1.92596775e-06]","[83547.96886933 39938.44376778 65923.18095353 ...  6016.16494885
 50043.35739109  6146.55986887]"
99,[-0.984387   -0.64269406],5,-0.9640276,-0.11569941,-7.577378812808647,164,"[1.32560740e-31 2.69508834e-22 1.10795621e-14 9.41364101e-09
 1.73293001e-04 8.20124440e-02 2.72584512e+00 3.14981012e+01
 1.79090005e+02 5.38607546e+02 9.22438812e+02 8.81448806e+02
 5.23531684e+02 3.07819910e+02 2.66018326e+02 2.05615343e+02
 9.62976877e+01 2.76152714e+01 4.77000737e+00 2.64877988e-01
 8.89815975e-04 7.69928670e-08]","[83547.96886933 39938.44376778 65923.18095353 ... 67420.56085897
  4412.57627159  5047.75103413]"
99,[-0.98458886 -0.6340002 ],5,-0.9640276,-0.11569941,-7.140237470438918,165,"[2.01954915e-25 7.18075415e-18 1.01432781e-11 5.82836017e-07
 1.44392766e-03 1.98744149e-01 4.12765247e+00 3.19943194e+01
 1.29137424e+02 3.52737910e+02 6.96439978e+02 9.02440725e+02
 7.52523039e+02 4.30722711e+02 2.04894311e+02 1.03786776e+02
 4.45064216e+01 1.38753931e+01 2.42224228e+00 1.40097676e-01
 8.82206048e-04 2.82349824e-07]","[83547.96886933 39938.44376778 65923.18095353 ...  5604.81394989
 58964.39355286  6345.69112934]"
99,[-0.98651    -0.64247686],5,-0.9640276,-0.11569941,-6.494215023042376,166,"[1.85964408e-30 1.10133101e-21 1.73094843e-14 7.37238634e-09
 8.92030085e-05 3.74303155e-02 1.54775419e+00 1.99475173e+01
 1.19333686e+02 4.09522932e+02 7.98271515e+02 8.49937330e+02
 5.14032594e+02 2.58712004e+02 1.93685886e+02 1.51310629e+02
 7.92159547e+01 2.49487037e+01 4.78243206e+00 2.78321961e-01
 1.05444025e-03 1.31843962e-07]","[83547.96886933 39938.44376778 65923.18095353 ...  5455.3567659
  5517.16810879 60277.10660794]"
99,[-0.98602515 -0.628936  ],5,-0.9640276,-0.11569941,-8.152953860690802,167,"[2.41680897e-21 4.33500102e-15 5.74987292e-10 5.76640305e-06
 4.62299303e-03 3.62988315e-01 5.48268092e+00 3.97139786e+01
 1.80002760e+02 5.00808768e+02 8.57891212e+02 9.12406822e+02
 6.45594988e+02 3.92369054e+02 2.99314571e+02 2.24316802e+02
 1.25900265e+02 4.85451341e+01 1.20875918e+01 1.87569441e+00
 1.17302396e-01 1.17994716e-03]","[83547.96886933 39938.44376778 65923.18095353 ...  6410.45711341
  5339.90840358  5659.69450542]"
99,[-0.9870616  -0.65208715],5,-0.9640276,-0.11569941,-7.508290002675156,168,"[1.32560740e-31 2.69508831e-22 1.10795589e-14 9.41356235e-09
 1.73252189e-04 8.15498685e-02 2.59004713e+00 2.90266669e+01
 1.69586855e+02 5.31021963e+02 9.17023358e+02 8.75436186e+02
 4.98210806e+02 2.29885828e+02 1.67811716e+02 1.32125298e+02
 7.54675849e+01 2.83263256e+01 7.20396023e+00 9.98901592e-01
 3.89424611e-02 8.30508226e-05]","[83547.96886933 39938.44376778 65923.18095353 ...  4889.24328185
  6008.21900906  7513.29771308]"
99,[-0.9859416 -0.6504922],5,-0.9640276,-0.11569941,-6.755580640895745,169,"[2.32425865e-16 2.44971840e-11 2.49292353e-07 2.57589259e-04
 3.23636302e-02 8.51783439e-01 9.46762083e+00 5.81191092e+01
 2.10412137e+02 4.88528934e+02 7.47815813e+02 7.56473212e+02
 5.26471722e+02 2.99186055e+02 1.85523448e+02 1.25445927e+02
 7.20591052e+01 3.22171547e+01 8.34927876e+00 7.58800437e-01
 1.27927386e-02 2.57514692e-05]","[83547.96886933 39938.44376778 65923.18095353 ...  4625.8910022
  6626.73146724 47186.10960868]"
99,[-0.9863929  -0.64756924],5,-0.9640276,-0.11569941,-8.664763446961892,170,"[5.19855704e-30 1.18748319e-21 1.15514627e-14 4.85664798e-09
 9.07752417e-05 8.08495395e-02 4.51282342e+00 4.29785038e+01
 2.07303597e+02 5.83522068e+02 9.49172225e+02 9.18368776e+02
 5.68560418e+02 3.06922764e+02 2.23373177e+02 1.63245515e+02
 8.75536738e+01 3.10051431e+01 8.17162018e+00 1.25637935e+00
 6.69052019e-02 4.31028795e-04]","[83547.96886933 39938.44376778 65923.18095353 ...  5716.23283243
  5946.76424057  5993.43255678]"
99,[-0.98480487 -0.6337728 ],5,-0.9640276,-0.11569941,-8.393010693493768,171,"[9.26246335e-36 1.88118484e-25 5.52907477e-17 2.40028110e-10
 1.60597081e-05 1.90102182e-02 9.87615771e-01 1.52699415e+01
 1.14070788e+02 4.41240893e+02 9.37986595e+02 1.02974217e+03
 6.28305867e+02 2.95249473e+02 2.20179070e+02 1.89621259e+02
 1.06933152e+02 3.60094603e+01 6.47363185e+00 3.10874321e-01
 6.24466943e-04 2.28831069e-08]","[83547.96886933 39938.44376778 65923.18095353 ...  5665.71776516
  6075.46364696  5411.01563931]"
99,[-0.9827548  -0.63979983],5,-0.9640276,-0.11569941,-6.918956666807203,172,"[6.67374673e-25 1.50335993e-17 1.42374954e-11 5.81362355e-07
 1.10141381e-03 1.43036222e-01 3.89156925e+00 3.46941457e+01
 1.72587504e+02 5.37389981e+02 9.56524744e+02 9.86581867e+02
 6.33671760e+02 3.19578572e+02 2.00785781e+02 1.57661494e+02
 9.19894200e+01 3.47209273e+01 7.90454969e+00 1.12295653e+00
 6.63459781e-02 4.30439085e-04]","[83547.96886933 39938.44376778 65923.18095353 ...  6276.85651237
  7816.38799409  6547.86408758]"
99,[-0.98612547 -0.6570757 ],5,-0.9640276,-0.11569941,-8.203569779568847,173,"[7.96533445e-23 4.35425906e-16 1.46431921e-10 3.09470506e-06
 4.32722298e-03 4.84678297e-01 8.69302334e+00 6.36025986e+01
 2.61077581e+02 6.36678932e+02 9.56658126e+02 8.84299320e+02
 5.46659362e+02 3.05553338e+02 2.24342565e+02 1.65452612e+02
 9.52486030e+01 3.81402647e+01 9.54050123e+00 1.63519837e+00
 1.08882681e-01 9.13465295e-04]","[83547.96886933 39938.44376778 65923.18095353 ...  5329.53787701
  6130.2708048   6421.46195768]"
99,[-0.978954  -0.6706001],5,-0.9640276,0.074012265,-5.917578401275712,174,"[1.51384593e-33 1.89805664e-23 3.32006229e-15 8.28819955e-09
 3.09917392e-04 2.02734659e-01 6.01689922e+00 5.80602396e+01
 2.96773139e+02 7.99034974e+02 1.23489389e+03 1.20285963e+03
 7.77001910e+02 3.49333235e+02 1.72134032e+02 1.11823203e+02
 5.24435552e+01 1.75744852e+01 3.31995070e+00 1.65761545e-01
 3.41439289e-04 1.23787049e-08]","[83547.96886933 39938.44376778 65923.18095353 ...  6115.23125969
 61647.86299677  3468.73886958]"
99,[-0.98475474 -0.6547395 ],5,-0.9640276,-0.11569941,-11.450377679144594,175,"[1.03434554e-23 1.21224502e-16 7.55042045e-11 2.55298969e-06
 4.92579976e-03 6.51991506e-01 1.21414090e+01 8.85732811e+01
 3.50991791e+02 8.06797997e+02 1.14514249e+03 9.81645445e+02
 5.71922289e+02 3.12832891e+02 2.27005049e+02 1.75912358e+02
 9.75382661e+01 3.60118715e+01 1.03535868e+01 1.78970340e+00
 9.99889846e-02 6.60512196e-04]","[83547.96886933 39938.44376778 65923.18095353 ...  3788.72907149
  6411.06500025 65406.90060263]"
99,[-0.98520297 -0.64018196],5,-0.9640276,-0.11569941,-7.014875090827849,176,"[2.13371597e-24 8.26966464e-17 1.03492728e-10 4.30473116e-06
 6.39302072e-03 4.65050716e-01 5.72375581e+00 3.44693310e+01
 1.33802642e+02 3.60508150e+02 6.65244051e+02 8.33210768e+02
 6.73244059e+02 3.51149081e+02 1.51684268e+02 7.16292442e+01
 3.42141021e+01 9.83344475e+00 1.48973175e+00 9.50297397e-02
 6.41593056e-04 1.82333826e-07]","[83547.96886933 39938.44376778 65923.18095353 ...  6577.19763209
 72232.54540787  4169.56495942]"
99,[-0.9847882 -0.661231 ],5,-0.9640276,-0.11569941,-7.874234449853399,177,"[1.20222356e-19 1.89371052e-13 1.57574444e-08 7.18314327e-05
 1.99921410e-02 5.43250227e-01 5.99700843e+00 4.86296611e+01
 2.04276001e+02 5.20154042e+02 8.22218484e+02 8.19867246e+02
 5.37996469e+02 2.97684064e+02 1.99918918e+02 1.49122301e+02
 8.23772321e+01 2.93561283e+01 7.14966508e+00 1.39456762e+00
 9.01734617e-02 5.74598287e-04]","[83547.96886933 39938.44376778 65923.18095353 ... 64724.86771338
  5222.94454993  5739.49884703]"
99,[-0.98550695 -0.64097977],5,-0.9640276,-0.11569941,-8.318766355744899,178,"[3.06442182e-28 2.32290619e-20 7.85024471e-14 1.20444962e-08
 8.77464622e-05 3.70785872e-02 2.04583779e+00 2.98905082e+01
 1.64528501e+02 5.14749978e+02 9.34780098e+02 9.87030968e+02
 6.41729665e+02 3.73670655e+02 3.13445662e+02 2.63434111e+02
 1.51579389e+02 5.71245351e+01 1.35399083e+01 1.69198339e+00
 6.57840400e-02 2.64275701e-04]","[83547.96886933 39938.44376778 65923.18095353 ... 68456.89113472
  5187.14235382  5102.24753338]"
99,[-0.98416966 -0.6393181 ],5,-0.9640276,-0.11569941,-8.392257077797122,179,"[6.60859587e-21 8.36229244e-15 8.26522706e-10 6.54852957e-06
 4.52264751e-03 3.85428728e-01 8.30232483e+00 6.31105792e+01
 2.39792372e+02 5.78551108e+02 9.19921515e+02 9.50656877e+02
 6.39717976e+02 3.47055275e+02 2.33546452e+02 1.72908111e+02
 9.95081092e+01 3.84229802e+01 9.78265100e+00 1.77223193e+00
 1.37572668e-01 1.70480451e-03]","[83547.96886933 39938.44376778 65923.18095353 ...  6433.88703731
  6490.34604417  4357.08919117]"
99,[-0.98732525 -0.68254036],5,-0.9640276,0.074012265,-6.257998663288152,180,"[1.00849818e-20 2.33983023e-14 2.95110413e-09 2.10542673e-05
 1.00205968e-02 6.24794735e-01 1.11020258e+01 7.15149028e+01
 2.10883553e+02 4.11264805e+02 6.03675879e+02 6.97395777e+02
 5.57095996e+02 3.11895844e+02 1.43277248e+02 7.32379775e+01
 3.35849212e+01 1.00798103e+01 2.37412293e+00 1.99874758e-01
 1.76645047e-03 1.02294324e-06]","[83547.96886933 39938.44376778 65923.18095353 ... 64254.01693372
 64056.85916255  5667.00566683]"
99,[-0.98334336 -0.68806684],5,-0.9640276,0.074012265,-7.355810704150788,181,"[4.12739663e-29 2.46523948e-20 3.31211174e-13 1.02579036e-07
 7.74792141e-04 1.81955269e-01 4.72831817e+00 5.01354418e+01
 2.56177832e+02 6.67699841e+02 1.00834952e+03 9.16080647e+02
 4.86328975e+02 2.08325966e+02 1.37800975e+02 9.83683977e+01
 4.43892474e+01 1.29031757e+01 1.28337629e+00 8.34297540e-03
 1.58661822e-06 7.38827444e-12]","[83547.96886933 39938.44376778 65923.18095353 ... 52214.44902533
  6521.25420918  6575.65066786]"
99,[-0.9857243 -0.6175152],5,-0.9640276,-0.11569941,-4.889225084987698,182,"[3.15760824e-27 8.06690082e-20 1.28525815e-13 1.29554143e-08
 8.49722729e-05 3.90846139e-02 1.69586964e+00 1.72610690e+01
 1.01122702e+02 3.68181139e+02 7.92832843e+02 9.89868241e+02
 7.30206856e+02 3.95498883e+02 2.26441656e+02 1.44384355e+02
 7.71565882e+01 2.68378442e+01 4.76685768e+00 3.15978272e-01
 3.79280213e-03 3.89459053e-06]","[83547.96886933 39938.44376778 65923.18095353 ...  5497.90691599
  6167.31774187  5573.7264716 ]"
99,[-0.98343915 -0.6611442 ],5,-0.9640276,-0.11569941,-6.991773464567799,183,"[8.41339102e-43 3.86480515e-31 2.33183030e-21 1.87436236e-13
 2.06136628e-07 3.29304902e-03 9.61203206e-01 1.99942828e+01
 1.40072415e+02 5.07589440e+02 1.02729512e+03 1.07543771e+03
 6.23329096e+02 2.82395993e+02 1.95914730e+02 1.57275567e+02
 8.04933179e+01 2.35140298e+01 4.29063936e+00 2.32072245e-01
 4.81997857e-04 1.67572735e-08]","[83547.96886933 39938.44376778 65923.18095353 ...  4819.59013938
  7359.28572268  5909.88640619]"
99,[-0.98421985 -0.65065914],5,-0.9640276,-0.11569941,-5.235374058823529,184,"[1.14211824e-33 1.93232957e-24 1.05727220e-16 1.89732329e-10
 1.14659285e-05 2.48445352e-02 2.48614385e+00 3.32262766e+01
 1.85650195e+02 5.60599580e+02 9.54136970e+02 9.52858741e+02
 5.72457505e+02 2.55482728e+02 1.58286537e+02 1.18930748e+02
 6.19108200e+01 1.99827018e+01 2.65324527e+00 9.28644178e-02
 4.91486634e-04 1.23659431e-07]","[83547.96886933 39938.44376778 65923.18095353 ...  5924.72862595
  7111.14643376  6142.4771596 ]"
99,[-0.9873123  -0.63730943],5,-0.9640276,-0.11569941,-9.24506877540496,185,"[7.43372429e-31 4.42269373e-22 7.38689158e-15 3.53241181e-09
 5.04585540e-05 2.51209519e-02 1.00520084e+00 1.45840899e+01
 1.08250148e+02 3.95096858e+02 7.69151694e+02 8.37285191e+02
 5.37337004e+02 2.61951988e+02 1.85972743e+02 1.41760954e+02
 7.37923724e+01 2.49153685e+01 4.76062969e+00 2.56350578e-01
 9.49160591e-04 1.22701877e-07]","[83547.96886933 39938.44376778 65923.18095353 ...  5553.41044486
  5191.04572876  7174.99694859]"
99,[-0.9875464 -0.6495136],5,-0.9640276,-0.11569941,-5.495978403623273,186,"[1.81380380e-24 1.82937197e-17 1.04882520e-11 3.49042522e-07
 7.11652435e-04 1.11621179e-01 2.99854947e+00 3.06202548e+01
 1.51909308e+02 4.12978219e+02 6.85761997e+02 6.99034562e+02
 4.43093064e+02 2.43525673e+02 1.78178804e+02 1.45527395e+02
 8.55575194e+01 3.26874726e+01 7.75486726e+00 1.04120681e+00
 5.24292698e-02 3.65576537e-04]","[83547.96886933 39938.44376778 65923.18095353 ...  6639.01431293
  5377.81641988  7428.94272651]"
99,[-0.9785708  -0.68409556],5,-0.9640276,0.074012265,-8.253351888778976,187,"[3.71854843e-22 4.54047809e-15 2.04644642e-09 3.52909452e-05
 2.65794180e-02 1.72596757e+00 2.95437601e+01 1.93763560e+02
 6.23609568e+02 1.19138644e+03 1.57180935e+03 1.45710299e+03
 9.09280950e+02 4.39213249e+02 2.30081524e+02 1.39319540e+02
 7.49003093e+01 2.54872694e+01 4.77211732e+00 6.58054966e-01
 2.83961706e-02 8.84557411e-05]","[83547.96886933 39938.44376778 65923.18095353 ...  6264.1045001
 61809.96167406  4233.48414356]"
99,[-0.9834442  -0.71346486],5,-0.9640276,0.074012265,-8.488969601249037,188,"[1.19126242e-17 9.01118636e-12 3.97475271e-07 1.06991370e-03
 2.09367008e-01 5.84962432e+00 5.33467944e+01 2.21990321e+02
 5.31878525e+02 8.34663508e+02 9.51678470e+02 8.13665760e+02
 5.03841581e+02 2.49186671e+02 1.34539421e+02 8.10094755e+01
 4.06744216e+01 1.47303628e+01 3.71343097e+00 3.40749513e-01
 3.80187947e-03 3.02894951e-06]","[83547.96886933 39938.44376778 65923.18095353 ... 68872.08874811
 63198.00376799  5472.96877112]"
99,[-0.9829824 -0.6763883],5,-0.9640276,0.074012265,-7.094083464014321,189,"[3.87593705e-21 3.77995295e-14 1.19262347e-08 1.26746999e-04
 5.13369747e-02 1.45798821e+00 1.43106469e+01 9.31346733e+01
 3.28790729e+02 7.06778942e+02 1.01857769e+03 1.00196553e+03
 6.62948927e+02 3.26934116e+02 1.63823817e+02 1.00101001e+02
 5.02035327e+01 1.95191387e+01 5.47324006e+00 9.37079702e-01
 5.03463217e-02 2.07009554e-04]","[83547.96886933 39938.44376778 65923.18095353 ...  6911.95164498
 46198.77619137  5893.18165532]"
99,[-0.9855237 -0.6951589],5,-0.9640276,0.074012265,-5.426438657114351,190,"[3.14536155e-21 1.56992802e-14 3.62926906e-09 4.00935924e-05
 2.30371336e-02 9.72611023e-01 9.46716247e+00 6.22901753e+01
 2.37012219e+02 5.41186110e+02 7.71316088e+02 7.02701643e+02
 4.15024730e+02 2.11301851e+02 1.35503516e+02 8.96565914e+01
 4.83144528e+01 1.87186407e+01 4.21405237e+00 6.13450069e-01
 2.68772293e-02 1.02295430e-04]","[83547.96886933 39938.44376778 65923.18095353 ... 55241.56767281
  6329.60625819  6171.57873028]"
99,[-0.9842056 -0.6611929],5,-0.9640276,-0.11569941,-7.159213794876809,191,"[1.46227540e-26 1.05528759e-18 2.71309233e-12 2.54261603e-07
 9.17354910e-04 1.60873688e-01 3.77391020e+00 3.38938845e+01
 1.74031200e+02 5.43531414e+02 9.40205988e+02 9.05417452e+02
 5.32552789e+02 2.70560307e+02 1.85593003e+02 1.17543383e+02
 5.48146214e+01 1.47773454e+01 1.82396519e+00 8.05131885e-02
 4.63469284e-04 1.29030004e-07]","[83547.96886933 39938.44376778 65923.18095353 ... 64991.6751833
  5807.99958552  5819.37948912]"
99,[-0.98764664 -0.67432004],5,-0.9640276,0.074012265,-4.486010236648646,192,"[1.31021451e-23 1.38829725e-16 7.39860560e-11 2.03070075e-06
 3.05326143e-03 3.29279882e-01 6.42688423e+00 4.96699748e+01
 1.99340039e+02 4.83025289e+02 7.38404128e+02 6.90233605e+02
 4.12685810e+02 2.04985718e+02 1.28217874e+02 8.33368273e+01
 3.84368637e+01 1.27789856e+01 2.95269379e+00 2.45022095e-01
 2.30939820e-03 1.36821181e-06]","[83547.96886933 39938.44376778 65923.18095353 ...  6540.29560095
  5359.95759503  8235.94669594]"
99,[-0.98654336 -0.64337313],5,-0.9640276,-0.11569941,-11.618423524343171,193,"[5.75001761e-20 4.17297587e-14 2.56170442e-09 1.36600519e-05
 6.87601654e-03 4.53507361e-01 7.91298887e+00 5.57002513e+01
 2.12805568e+02 5.14846367e+02 8.00933770e+02 8.07840782e+02
 5.52312892e+02 3.05762574e+02 2.02309381e+02 1.53322092e+02
 9.06967702e+01 3.85460968e+01 1.23167702e+01 2.62732821e+00
 2.16440846e-01 2.99484109e-03]","[83547.96886933 39938.44376778 65923.18095353 ...  5848.08293107
  6479.42175684 57233.2045383 ]"
99,[-0.9839158  -0.69167656],5,-0.9640276,0.074012265,-11.093621003003124,194,"[4.30946242e-27 8.43506734e-19 4.72067099e-12 7.73457540e-07
 3.91234617e-03 7.45570998e-01 1.41188084e+01 9.84515968e+01
 3.59023516e+02 7.49634882e+02 9.90562645e+02 9.00987006e+02
 5.50998344e+02 2.42862190e+02 1.09130047e+02 5.70848173e+01
 2.89404938e+01 6.50257096e+00 3.86780828e-01 2.80393312e-03
 8.20495340e-07 7.49865327e-12]","[83547.96886933 39938.44376778 65923.18095353 ...  5355.9294899
 59891.48986781  6739.45365894]"
99,[-0.981261   -0.63865274],5,-0.9640276,-0.11569941,-6.560158788181488,195,"[4.38148310e-24 7.66387809e-17 5.47610017e-11 1.64162480e-06
 2.21125575e-03 1.83015117e-01 3.03018918e+00 2.92471729e+01
 1.64645149e+02 5.32824479e+02 1.00076383e+03 1.08877604e+03
 7.12201920e+02 3.62391665e+02 2.31370803e+02 1.72652324e+02
 9.72014003e+01 3.11640793e+01 7.00547761e+00 1.15792844e+00
 7.32403638e-02 5.01949565e-04]","[83547.96886933 39938.44376778 65923.18095353 ...  6856.02160216
  7167.78238098  5533.87813632]"
99,[-0.9840192 -0.6397674],5,-0.9640276,-0.11569941,-5.9828658660701475,196,"[8.96418471e-29 2.02415395e-20 1.38126058e-13 2.91128038e-08
 1.99147605e-04 5.40016827e-02 1.57769662e+00 1.92244425e+01
 1.28543431e+02 4.64313026e+02 9.20438540e+02 1.02912716e+03
 6.76792078e+02 3.39131388e+02 2.42080834e+02 1.90923912e+02
 9.93117490e+01 3.34540027e+01 6.88375576e+00 8.84809203e-01
 3.81787919e-02 1.19463984e-04]","[83547.96886933 39938.44376778 65923.18095353 ...  7615.77641417
  6760.90435567  4683.46338798]"
99,[-0.98505557 -0.6465042 ],5,-0.9640276,-0.11569941,-9.502759995267951,197,"[2.75004271e-21 5.83017058e-15 8.47567047e-10 8.65324493e-06
 6.60910909e-03 4.85079380e-01 7.49017550e+00 5.35947196e+01
 2.05852063e+02 4.71789301e+02 7.50789244e+02 8.32578384e+02
 6.46509446e+02 3.79822896e+02 1.99437221e+02 1.09887721e+02
 5.63544012e+01 2.08324316e+01 5.48194209e+00 9.79873709e-01
 6.89733173e-02 7.35006988e-04]","[83547.96886933 39938.44376778 65923.18095353 ...  5830.74384959
 60545.37441741 57535.99364606]"
99,[-0.984387  -0.6435558],5,-0.9640276,-0.11569941,-8.481148856658297,198,"[2.55831785e-29 1.70364577e-21 6.87995203e-15 1.70568186e-09
 2.65586700e-05 2.74260241e-02 2.27895026e+00 2.97765543e+01
 1.52122429e+02 4.46101705e+02 7.98096777e+02 8.71016403e+02
 6.12445620e+02 3.25504898e+02 1.94537215e+02 1.39502780e+02
 7.93496455e+01 3.02050606e+01 8.76746280e+00 1.66084159e+00
 1.05476149e-01 8.49651529e-04]","[83547.96886933 39938.44376778 65923.18095353 ... 42429.41175931
  6197.8559922   6051.14118749]"
99,[-0.9802639  -0.63581985],5,-0.9640276,-0.11569941,-10.154030262957699,199,"[5.79560801e-29 2.78756189e-20 3.31074999e-13 9.93855516e-08
 7.95698875e-04 2.14986872e-01 6.36013749e+00 5.61370304e+01
 2.32646071e+02 6.30040460e+02 1.13588712e+03 1.35052262e+03
 1.00374205e+03 5.30934680e+02 3.03994851e+02 2.00731007e+02
 1.04888923e+02 3.32632998e+01 6.39178665e+00 4.03679775e-01
 1.67585653e-03 2.16068895e-07]","[83547.96886933 39938.44376778 65923.18095353 ... 58249.49724627
 56685.2901182   3980.33490715]"
99,[-0.98590815 -0.6528798 ],5,-0.9640276,-0.11569941,-6.730081496704207,200,"[4.09098283e-26 1.51103929e-18 2.60246063e-12 2.13094796e-07
 8.66490128e-04 2.04746796e-01 5.49229616e+00 4.73552457e+01
 2.07911116e+02 5.46563294e+02 8.63537542e+02 8.54874226e+02
 5.35326773e+02 2.73506800e+02 1.87795480e+02 1.44756306e+02
 7.79769445e+01 2.76636863e+01 6.39966886e+00 4.81710698e-01
 3.70426011e-03 1.65210710e-06]","[83547.96886933 39938.44376778 65923.18095353 ...  6208.32024076
  6426.7013073   5412.4695517 ]"
99,[-0.984387   -0.64790595],5,-0.9640276,-0.11569941,-10.183563609488907,201,"[7.27143496e-34 2.51925944e-24 2.09673378e-16 4.26354481e-10
 2.18950226e-05 3.10173580e-02 1.93954081e+00 2.54706078e+01
 1.40292288e+02 4.68670625e+02 8.72898072e+02 8.71445037e+02
 5.20692384e+02 2.66491410e+02 2.05830931e+02 1.61428644e+02
 8.21605176e+01 2.38162452e+01 3.53608209e+00 1.98661551e-01
 1.07420221e-03 1.87650732e-07]","[83547.96886933 39938.44376778 65923.18095353 ...  7115.6713884
  5441.55062233  6897.73331824]"
99,[-0.98406935 -0.64720076],5,-0.9640276,-0.11569941,-8.307056867984576,202,"[5.75036200e-39 1.15208657e-28 5.94003379e-20 7.97681019e-13
 2.85118657e-07 2.84163833e-03 9.20120051e-01 2.07710840e+01
 1.40450722e+02 4.97708983e+02 9.93349103e+02 1.05920097e+03
 6.37647782e+02 2.89854898e+02 1.98808391e+02 1.61952153e+02
 9.05076437e+01 2.96341776e+01 7.10916935e+00 5.16634614e-01
 2.23161627e-03 3.11386717e-07]","[83547.96886933 39938.44376778 65923.18095353 ... 68188.16564215
  5426.74113274 67994.17462668]"
99,[-0.98734576 -0.67875624],5,-0.9640276,0.074012265,-8.626695744924165,203,"[1.23834667e-30 1.49408839e-21 4.41405713e-14 3.25708825e-08
 6.25127373e-04 3.49977862e-01 9.81076286e+00 6.84348610e+01
 3.07050004e+02 7.46371100e+02 1.00936710e+03 8.52092855e+02
 4.49173950e+02 2.15565961e+02 1.65303514e+02 1.28700120e+02
 6.95620978e+01 2.50908758e+01 5.21462950e+00 7.91428977e-01
 3.75388436e-02 9.65956492e-05]","[83547.96886933 39938.44376778 65923.18095353 ...  5618.20611075
  5454.1979668   5175.77213898]"
99,[-0.9881314  -0.64250743],5,-0.9640276,-0.11569941,-5.607944534732858,204,"[4.24527241e-25 1.03762280e-17 1.14599689e-11 5.84513895e-07
 1.44600169e-03 2.06144364e-01 3.56001197e+00 2.86326056e+01
 1.44353202e+02 4.11781527e+02 6.97751994e+02 6.90541971e+02
 4.27065511e+02 2.34715268e+02 1.69606379e+02 1.20237559e+02
 6.46449016e+01 2.51351322e+01 5.98782359e+00 4.68003042e-01
 3.83088920e-03 1.77744130e-06]","[83547.96886933 39938.44376778 65923.18095353 ...  5113.92025993
  4441.29311383  6045.09736587]"
99,[-0.9854736 -0.6456784],5,-0.9640276,-0.11569941,-9.878905120786614,205,"[3.16792736e-26 1.36291912e-18 2.33259434e-12 1.62444127e-07
 4.85957029e-04 7.85142258e-02 1.84653998e+00 2.08171108e+01
 1.27932984e+02 4.16564729e+02 7.85859893e+02 8.81676710e+02
 5.84836265e+02 2.81326290e+02 1.72710952e+02 1.32685969e+02
 7.49411010e+01 3.01169459e+01 7.81167211e+00 1.11933034e+00
 5.67076060e-02 3.03736944e-04]","[83547.96886933 39938.44376778 65923.18095353 ...  5578.60101086
  6379.67105431 51871.86397372]"
99,[-0.982878  -0.6967652],5,-0.9640276,0.074012265,-10.317342567889938,206,"[1.67817975e-28 3.53879934e-19 8.15966418e-12 2.13638552e-06
 6.98289298e-03 4.29744880e-01 4.45017543e+00 5.54536326e+01
 2.91760186e+02 7.46172128e+02 1.10507009e+03 9.08638969e+02
 4.55172020e+02 2.26337190e+02 1.77768098e+02 1.37315942e+02
 6.97596475e+01 2.13932462e+01 5.54618351e+00 7.95887518e-01
 2.27869575e-02 1.70941114e-05]","[83547.96886933 39938.44376778 65923.18095353 ...  5296.88367182
  7207.73800939  6857.10666071]"
99,[-0.98600847 -0.6805909 ],5,-0.9640276,0.074012265,-9.358170319748778,207,"[9.24925392e-25 2.22572236e-17 2.51919445e-11 1.36967009e-06
 3.75653509e-03 6.25976130e-01 1.34669793e+01 9.59601328e+01
 3.36637162e+02 7.28044325e+02 9.99892192e+02 8.95741887e+02
 5.24128084e+02 2.46942686e+02 1.46305376e+02 9.59984716e+01
 4.91540949e+01 1.93343320e+01 5.34783920e+00 4.70898923e-01
 4.13845570e-03 2.11980035e-06]","[83547.96886933 39938.44376778 65923.18095353 ...  5057.78527218
  7708.4873782   5830.55359492]"
99,[-0.98125315 -0.6905217 ],5,-0.9640276,0.074012265,-5.633103873833204,208,"[9.53467402e-25 3.58992355e-17 5.01796459e-11 2.67066232e-06
 5.77716384e-03 6.95648627e-01 1.42895728e+01 9.07750455e+01
 2.91520592e+02 6.31997760e+02 9.49827303e+02 1.01665253e+03
 6.86962787e+02 3.04676366e+02 1.09367011e+02 4.32674397e+01
 1.77033483e+01 3.85172576e+00 2.77995530e-01 2.75467395e-03
 1.41113507e-06 2.92654660e-11]","[83547.96886933 39938.44376778 65923.18095353 ...  4243.55332164
 76061.66687978  6262.30698152]"
99,[-0.98590815 -0.64577204],5,-0.9640276,-0.11569941,-7.724235668421351,209,"[2.35879771e-24 2.29265532e-17 1.26407357e-11 4.03857940e-07
 7.90802165e-04 1.20902400e-01 3.24442046e+00 3.04020446e+01
 1.45045230e+02 4.31369348e+02 7.82638754e+02 8.43536882e+02
 5.56382954e+02 3.05309242e+02 1.97262953e+02 1.47524603e+02
 8.57136206e+01 3.23832584e+01 9.09887570e+00 1.28664873e+00
 5.70642982e-02 3.90628312e-04]","[83547.96886933 39938.44376778 65923.18095353 ...  4836.02008344
  6028.66718937  6539.01813159]"
99,[-0.9887165 -0.6657293],5,-0.9640276,-0.11569941,-6.0664593046630575,210,"[2.63184371e-23 3.93366454e-16 2.24506548e-10 5.05473356e-06
 5.02317832e-03 3.92401382e-01 7.38704826e+00 5.34739299e+01
 2.16733002e+02 5.40385373e+02 8.03949803e+02 7.00971955e+02
 4.02885775e+02 2.15670742e+02 1.65511909e+02 1.30207425e+02
 7.37052954e+01 2.82956761e+01 6.36367113e+00 7.97727657e-01
 3.10700397e-02 1.03139516e-04]","[83547.96886933 39938.44376778 65923.18095353 ...  6719.49652786
  5192.54989133  5994.08992421]"
99,[-0.9826986 -0.6511368],5,-0.9640276,-0.11569941,-7.225169510788976,211,"[1.41694766e-24 3.48417841e-17 3.45934824e-11 1.42199366e-06
 2.57420010e-03 2.68025416e-01 4.65442546e+00 4.03320844e+01
 1.96479209e+02 5.60567249e+02 9.99671255e+02 1.06099393e+03
 6.72714789e+02 3.32136828e+02 2.00737733e+02 1.47023536e+02
 7.73773121e+01 2.99118372e+01 7.37560778e+00 1.07971961e+00
 6.21589182e-02 3.70818844e-04]","[83547.96886933 39938.44376778 65923.18095353 ... 51719.5170317
  6900.71329541  6502.53680724]"
99,[-0.9862346 -0.6707845],5,-0.9640276,0.074012265,-6.0125307596296285,212,"[4.87267675e-24 1.41387968e-16 1.33562202e-10 4.24633098e-06
 5.10801063e-03 4.42857282e-01 8.78363309e+00 6.11309559e+01
 2.51339277e+02 5.59794333e+02 8.19466179e+02 8.15629969e+02
 5.55825453e+02 2.83926772e+02 1.50316920e+02 1.04088062e+02
 5.92896421e+01 2.33733635e+01 6.29849486e+00 4.32861935e-01
 1.97620921e-03 3.55169245e-07]","[83547.96886933 39938.44376778 65923.18095353 ...  5620.60983146
 47933.94288846 46698.48271264]"
99,[-0.9833023  -0.60237485],5,-0.9640276,-0.11569941,-10.947157532255899,213,"[5.44390990e-19 2.87107995e-13 1.25005050e-08 4.61383694e-05
 1.54786414e-02 6.07668137e-01 5.87747338e+00 3.28449797e+01
 1.26866219e+02 3.33649601e+02 6.40640692e+02 9.06475215e+02
 8.85220056e+02 5.95396958e+02 3.10218228e+02 1.49841988e+02
 6.61979112e+01 2.16344087e+01 4.26596708e+00 7.68041050e-01
 8.12943389e-02 1.30403368e-03]","[83547.96886933 39938.44376778 65923.18095353 ... 75695.46336722
 66960.07557096  4168.12647081]"
99,[-0.9827001 -0.6425138],5,-0.9640276,-0.11569941,-7.278045209321611,214,"[5.26785396e-37 8.05337167e-27 2.35773163e-18 1.34397324e-11
 1.54146898e-06 3.94040284e-03 4.79833730e-01 1.40967045e+01
 1.16511012e+02 4.74144009e+02 9.86529918e+02 1.08830864e+03
 6.81504368e+02 3.02246657e+02 1.74650114e+02 1.25949690e+02
 6.67220722e+01 2.13336073e+01 3.96816748e+00 2.67087780e-01
 1.14354024e-03 1.22222792e-07]","[83547.96886933 39938.44376778 65923.18095353 ...  6321.53061297
  7131.44328476  5679.29010678]"
99,[-0.9852897  -0.66437805],5,-0.9640276,-0.11569941,-9.13014496986013,215,"[1.26533061e-25 3.42307311e-18 4.54058916e-12 3.01108270e-07
 1.04198235e-03 2.17708202e-01 5.08207161e+00 4.19241901e+01
 1.99019667e+02 5.50341837e+02 9.18608450e+02 9.24551497e+02
 5.98483169e+02 3.21195825e+02 2.12607881e+02 1.53155173e+02
 8.33065382e+01 2.92954852e+01 5.63081730e+00 3.69169853e-01
 2.96427567e-03 1.49509731e-06]","[83547.96886933 39938.44376778 65923.18095353 ... 65041.76824807
  5102.82253278  6774.7079036 ]"
99,[-0.9827466 -0.6564952],5,-0.9640276,-0.11569941,-7.420298839992892,216,"[2.81206344e-27 3.73439422e-19 1.47030103e-12 1.76010032e-07
 6.86991239e-04 1.32042706e-01 4.71870739e+00 4.43107521e+01
 1.93354993e+02 5.22192551e+02 9.06003398e+02 1.00993436e+03
 7.10364300e+02 3.38378678e+02 1.61427174e+02 9.79767523e+01
 4.70631125e+01 1.66365173e+01 3.91645242e+00 2.82820429e-01
 1.46816860e-03 2.81545737e-07]","[83547.96886933 39938.44376778 65923.18095353 ...  6372.69819008
 66911.37800681  6001.47665211]"
99,[-0.9849052  -0.68770695],5,-0.9640276,0.074012265,-5.446497658287972,217,"[2.72602881e-18 9.43549218e-13 2.64807618e-08 6.32922263e-05
 1.56647688e-02 7.18580900e-01 1.02952496e+01 6.40785120e+01
 2.40880262e+02 5.72547604e+02 8.92833925e+02 8.97401277e+02
 5.90385409e+02 3.03768221e+02 1.65573311e+02 1.08738981e+02
 6.07525079e+01 2.33498810e+01 6.30744245e+00 9.27917524e-01
 4.71362197e-02 4.15919457e-04]","[83547.96886933 39938.44376778 65923.18095353 ...  6332.13980485
  8256.91121202  4398.94497064]"
99,[-0.9830664  -0.67960113],5,-0.9640276,0.074012265,-7.236187021040946,218,"[9.70308549e-22 3.88861669e-15 7.99255420e-10 8.69175991e-06
 5.51125440e-03 3.15127190e-01 5.20894527e+00 4.76362063e+01
 2.13059973e+02 5.73697225e+02 9.30647391e+02 9.18393375e+02
 5.85262582e+02 2.96731039e+02 1.88967245e+02 1.41500820e+02
 7.89165217e+01 2.74445236e+01 6.38018207e+00 1.11485395e+00
 5.44540819e-02 2.37555946e-04]","[83547.96886933 39938.44376778 65923.18095353 ...  5634.7524255
  7364.1602198   5749.9256893 ]"
99,[-0.985629 -0.696336],5,-0.9640276,0.074012265,-5.53850733209128,219,"[4.24816922e-18 3.36638349e-12 1.60624976e-07 4.79039832e-04
 9.97919768e-02 2.25421720e+00 1.72982116e+01 9.29956657e+01
 3.05154991e+02 6.36863174e+02 8.36218812e+02 7.03890835e+02
 4.00576116e+02 1.97691878e+02 1.20869008e+02 8.41365186e+01
 4.82353249e+01 1.83674559e+01 4.50852547e+00 3.98731546e-01
 4.35298612e-03 3.49741669e-06]","[83547.96886933 39938.44376778 65923.18095353 ...  5384.00978315
  6436.50966456  7248.97330827]"
99,[-0.9860259  -0.69704163],5,-0.9640276,0.074012265,-7.327277773452937,220,"[4.85986414e-32 6.79234369e-23 2.36930732e-15 2.10248648e-09
 4.94997190e-05 3.68004581e-02 2.30547327e+00 3.69338249e+01
 2.04518205e+02 5.41616197e+02 8.39322752e+02 7.43141421e+02
 3.80878902e+02 1.52558251e+02 1.03615927e+02 7.41908867e+01
 3.87075882e+01 1.24160283e+01 1.62238053e+00 5.87864777e-02
 1.94871070e-04 2.13809838e-08]","[83547.96886933 39938.44376778 65923.18095353 ...  6007.98521389
  5555.42380364 70175.34523434]"
99,[-0.98555714 -0.65092605],5,-0.9640276,-0.11569941,-5.886321306088438,221,"[5.44189454e-36 5.31993136e-26 1.19096472e-17 6.19792861e-11
 7.71435047e-06 2.45603718e-02 2.64251066e+00 3.44706716e+01
 1.87498020e+02 5.68647769e+02 9.92043789e+02 9.81286579e+02
 5.80314636e+02 2.92537940e+02 2.18397074e+02 1.79913217e+02
 1.03593278e+02 3.69245400e+01 7.68037939e+00 1.04952695e+00
 5.31238580e-02 1.68638329e-04]","[83547.96886933 39938.44376778 65923.18095353 ...  6233.15792768
  5974.19637618  7005.26762809]"
99,[-0.98671055 -0.61276096],5,-0.9640276,-0.11569941,-7.605520498143241,222,"[1.10047353e-33 1.53401883e-24 7.04688579e-17 1.08211078e-10
 5.70598341e-06 1.10307862e-02 1.03319123e+00 1.44237957e+01
 8.67892670e+01 3.11478307e+02 6.62168879e+02 7.90932362e+02
 5.60253351e+02 3.07475034e+02 2.18177811e+02 1.67316226e+02
 9.21589689e+01 3.21743957e+01 6.78862480e+00 5.03096940e-01
 3.29704331e-03 9.14240092e-07]","[83547.96886933 39938.44376778 65923.18095353 ...  7135.09682117
  4829.5461069   6726.57910802]"
99,[-0.9850556 -0.6606736],5,-0.9640276,-0.11569941,-5.755216922854108,223,"[1.97260730e-24 2.59258384e-17 1.84108398e-11 7.21084679e-07
 1.63661218e-03 2.60906415e-01 6.06465290e+00 4.98318488e+01
 2.10649713e+02 5.33534986e+02 8.22666334e+02 8.09967635e+02
 5.31915853e+02 2.75436067e+02 1.61985148e+02 1.13075377e+02
 6.59664691e+01 2.62970698e+01 6.49551094e+00 9.34355279e-01
 4.88070817e-02 3.17259048e-04]","[83547.96886933 39938.44376778 65923.18095353 ...  4389.41129009
  7084.17623555 64968.30630701]"
99,[-0.98433685 -0.6276785 ],5,-0.9640276,-0.11569941,-6.27366335674702,224,"[1.67461720e-22 6.70938652e-16 1.64208145e-10 2.51290080e-06
 2.55133447e-03 2.17488323e-01 3.54988081e+00 2.92502103e+01
 1.44166965e+02 4.46854998e+02 8.46997541e+02 9.27369703e+02
 6.31515550e+02 3.29667290e+02 2.07492947e+02 1.54363885e+02
 8.38422580e+01 3.05176483e+01 6.86467584e+00 1.00714306e+00
 6.71122435e-02 6.30201380e-04]","[83547.96886933 39938.44376778 65923.18095353 ...  7151.21598506
  6279.3474682   7721.53630373]"
99,[-0.98452073 -0.66347504],5,-0.9640276,-0.11569941,-8.2076819652983,225,"[1.92757583e-29 5.77219312e-21 5.53348353e-14 1.73158872e-08
 1.84589518e-04 7.86488702e-02 3.00852703e+00 3.44938101e+01
 1.78402890e+02 5.10841897e+02 8.67111427e+02 8.86625199e+02
 5.54943585e+02 2.81988339e+02 1.98395139e+02 1.52036491e+02
 7.88657390e+01 2.71523591e+01 7.19346985e+00 1.38296564e+00
 6.79805886e-02 2.13423930e-04]","[83547.96886933 39938.44376778 65923.18095353 ...  5938.2877984
  6187.07169641  6454.39637524]"
99,[-0.9855606  -0.71138924],5,-0.9640276,0.074012265,-8.797989470012768,226,"[3.55153119e-20 9.81672621e-14 1.34640257e-08 9.50036126e-05
 3.89752799e-02 1.60787299e+00 1.99584129e+01 1.24998656e+02
 4.23214795e+02 8.12912652e+02 9.36382639e+02 7.05836865e+02
 3.77198859e+02 1.68309867e+02 8.78234086e+01 5.60373665e+01
 2.72918351e+01 8.25650071e+00 1.30537129e+00 7.13687865e-02
 5.24978792e-04 2.48097272e-07]","[83547.96886933 39938.44376778 65923.18095353 ...  5235.67296859
  7462.96333715  6578.56736326]"
99,[-0.98322016 -0.6621571 ],5,-0.9640276,-0.11569941,-7.440696087514463,227,"[1.12368981e-39 1.67391521e-28 3.39010160e-19 9.48581262e-12
 3.78236085e-06 2.30956405e-02 2.82464255e+00 2.84207263e+01
 1.48886678e+02 4.51690357e+02 8.32424559e+02 9.72077535e+02
 6.45888865e+02 2.66438570e+02 1.05277507e+02 6.02587868e+01
 2.62501983e+01 6.67363691e+00 1.17229555e+00 7.20455678e-02
 1.89332050e-04 8.70962779e-09]","[83547.96886933 39938.44376778 65923.18095353 ...  4783.32550723
 54388.38605622  5916.79130889]"
99,[-0.984299   -0.70263255],5,-0.9640276,0.074012265,-9.071378092417499,228,"[1.09052865e-21 1.06200664e-14 3.52330971e-09 4.13363076e-05
 1.89968260e-02 5.41683113e-01 6.01617539e+00 5.86839030e+01
 2.55696061e+02 6.00717995e+02 8.75759565e+02 7.68372247e+02
 4.23768696e+02 1.74645911e+02 1.03673620e+02 7.36735787e+01
 3.77190079e+01 1.11888849e+01 2.09312059e+00 1.45236020e-01
 8.49620610e-04 2.10054512e-07]","[83547.96886933 39938.44376778 65923.18095353 ...  6165.7951464
  7273.37649529  7296.77440895]"
99,[-0.9848215  -0.62927645],5,-0.9640276,-0.11569941,-7.684868458664293,229,"[6.09213099e-25 1.56304859e-17 1.68763000e-11 7.85114263e-07
 1.66564991e-03 2.03350198e-01 3.62280628e+00 2.51592125e+01
 1.05033623e+02 3.20088093e+02 6.74544398e+02 9.39356478e+02
 8.19807799e+02 4.65710745e+02 2.29644470e+02 1.28657742e+02
 6.99085599e+01 2.63261515e+01 5.70550694e+00 9.05772877e-01
 6.04320264e-02 3.81608347e-04]","[83547.96886933 39938.44376778 65923.18095353 ...  6804.01750694
 61563.69608174  5684.08498481]"
99,[-0.9864913 -0.6946908],5,-0.9640276,0.074012265,-4.649328153626332,230,"[1.18935205e-11 1.65057422e-07 2.10416698e-04 2.82858390e-02
 6.45786825e-01 5.81400942e+00 3.50747584e+01 1.46473168e+02
 3.81722529e+02 6.45992234e+02 7.62114202e+02 6.29210699e+02
 3.79004816e+02 1.89761085e+02 1.07858528e+02 6.90534218e+01
 3.49764292e+01 1.41841731e+01 4.32845380e+00 8.57401906e-01
 6.73426205e-02 9.07555439e-04]","[83547.96886933 39938.44376778 65923.18095353 ...  5420.70764187
  6750.25095641  5650.59336331]"
99,[-0.9859249 -0.6710117],5,-0.9640276,0.074012265,-8.067814234839629,231,"[5.15553159e-19 5.33012110e-13 3.12335590e-08 1.08171477e-04
 2.58291149e-02 8.03177329e-01 9.02483429e+00 5.93723608e+01
 2.39149329e+02 5.60260821e+02 8.33943579e+02 7.88321087e+02
 4.87293769e+02 2.60142974e+02 1.82138822e+02 1.38838818e+02
 8.22009934e+01 3.08872816e+01 8.30185551e+00 1.56913133e+00
 9.81141897e-02 6.93551018e-04]","[83547.96886933 39938.44376778 65923.18095353 ...  4864.65535324
  6216.90752757  5261.94065271]"
99,[-0.9854067  -0.67844427],5,-0.9640276,0.074012265,-7.40603503739686,232,"[1.46001381e-34 3.02974785e-24 7.51003467e-16 2.27764468e-09
 8.90163178e-05 5.34622667e-02 1.59005887e+00 2.18308569e+01
 1.47810255e+02 4.61844337e+02 7.94737025e+02 7.49485266e+02
 4.03858517e+02 1.62132790e+02 1.03116920e+02 7.30193966e+01
 4.12150885e+01 1.29659008e+01 1.71110002e+00 6.88542242e-02
 1.44683742e-04 4.75827691e-09]","[83547.96886933 39938.44376778 65923.18095353 ...  6685.74462597
  5760.80107269  5996.70703515]"
99,[-0.9852732 -0.691723 ],5,-0.9640276,0.074012265,-4.566264760607772,233,"[9.51113611e-19 1.06663075e-12 6.18516059e-08 1.93753971e-04
 3.83330315e-02 9.56884144e-01 1.12830688e+01 7.62079240e+01
 2.65835969e+02 5.73042691e+02 7.89754422e+02 7.13835816e+02
 4.24003123e+02 1.94623824e+02 1.00739386e+02 6.48515592e+01
 3.20434409e+01 1.05479611e+01 2.68049202e+00 2.49785381e-01
 2.48584080e-03 1.55632747e-06]","[83547.96886933 39938.44376778 65923.18095353 ...  4546.19102273
  6731.77984138 60709.00196927]"
99,[-0.98931074 -0.6926498 ],5,-0.9640276,0.074012265,-6.077120910715705,234,"[1.69670745e-24 1.74418547e-17 1.16584153e-11 5.15289394e-07
 1.56047728e-03 3.59766702e-01 9.29412217e+00 6.24005770e+01
 2.08632622e+02 4.50363588e+02 6.16712526e+02 5.27438617e+02
 3.02875986e+02 1.50953938e+02 1.01174128e+02 7.30785148e+01
 3.98057876e+01 1.55834009e+01 4.19100723e+00 7.19234346e-01
 4.17086775e-02 3.05644874e-04]","[83547.96886933 39938.44376778 65923.18095353 ...  5675.90848302
  6549.96360483 62865.93581037]"
99,[-0.984233  -0.6922622],5,-0.9640276,0.074012265,-10.759156684495386,235,"[1.71535272e-21 1.30837654e-14 3.88520216e-09 4.65322257e-05
 2.50412826e-02 1.01332245e+00 1.24458207e+01 9.50480447e+01
 3.78481297e+02 8.37168000e+02 1.12095999e+03 9.36136897e+02
 5.16308205e+02 2.39076738e+02 1.56753430e+02 1.15909082e+02
 6.16400130e+01 2.00602575e+01 3.86103318e+00 6.29411907e-01
 3.17199452e-02 1.14853373e-04]","[83547.96886933 39938.44376778 65923.18095353 ...  6498.37386471
  7571.27865168  5357.53172841]"
99,[-0.9863261  -0.68217546],5,-0.9640276,0.074012265,-6.836138360950669,236,"[6.74424657e-22 1.50606035e-15 2.60387407e-10 3.55612797e-06
 4.03331598e-03 4.54860928e-01 9.03633457e+00 6.32218992e+01
 2.31618066e+02 5.43177829e+02 7.90051843e+02 7.60501213e+02
 5.19860620e+02 2.86310855e+02 1.78996487e+02 1.28911297e+02
 7.56562048e+01 3.01541835e+01 7.99070104e+00 1.49189356e+00
 1.06984847e-01 1.12537828e-03]","[83547.96886933 39938.44376778 65923.18095353 ...  5452.79403853
  7291.64322352  6345.43870517]"
99,[-0.9838361  -0.66684115],5,-0.9640276,-0.11569941,-7.719057053358494,237,"[3.72157155e-27 6.35479546e-19 2.83724948e-12 3.40230899e-07
 1.17232685e-03 1.64138918e-01 3.86776621e+00 3.79758715e+01
 2.05757195e+02 6.21559345e+02 1.03301591e+03 9.59514208e+02
 5.29716693e+02 2.35762980e+02 1.46924904e+02 9.47580179e+01
 4.40147302e+01 1.40509772e+01 2.56924227e+00 1.60821903e-01
 8.01288120e-04 1.33642104e-07]","[83547.96886933 39938.44376778 65923.18095353 ... 65875.48256383
  5460.28299726  4912.21864761]"
99,[-0.98354864 -0.66681695],5,-0.9640276,-0.11569941,-7.721385091650467,238,"[2.96295874e-22 2.21896093e-15 7.11120642e-10 1.00830653e-05
 7.07062541e-03 4.21660466e-01 7.08169987e+00 5.36218279e+01
 1.82385547e+02 4.35568217e+02 7.74454450e+02 9.91495415e+02
 8.16761004e+02 4.24343068e+02 1.69101158e+02 7.64957540e+01
 3.75885979e+01 1.16847611e+01 2.96955390e+00 2.35643840e-01
 1.52015103e-03 5.03120149e-07]","[83547.96886933 39938.44376778 65923.18095353 ...  5258.44286864
 67502.93574766  6336.22673373]"
99,[-0.98654336 -0.68460244],5,-0.9640276,0.074012265,-5.817183472880005,239,"[4.06301868e-23 3.29651755e-16 1.55073579e-10 4.31810919e-06
 7.46627007e-03 9.48223707e-01 1.65930657e+01 1.01450122e+02
 3.25800647e+02 6.38771036e+02 8.25495647e+02 7.02609051e+02
 4.12804606e+02 2.15948012e+02 1.39483934e+02 8.99036510e+01
 4.12291268e+01 1.50151466e+01 3.74289114e+00 3.12832986e-01
 3.24591349e-03 2.43603890e-06]","[83547.96886933 39938.44376778 65923.18095353 ...  7296.77446577
  5944.85027869  4699.66464231]"
99,[-0.98355114 -0.6645214 ],5,-0.9640276,-0.11569941,-7.638853672206434,240,"[6.96156452e-27 7.46711365e-19 2.62683088e-12 3.10149484e-07
 1.29629668e-03 2.37828301e-01 5.24009568e+00 4.92889004e+01
 2.48369700e+02 6.90122260e+02 1.12481845e+03 1.06798826e+03
 6.18067649e+02 3.06272041e+02 2.19865221e+02 1.74534251e+02
 8.85658305e+01 2.86748012e+01 6.16058823e+00 9.27347486e-01
 5.02975846e-02 2.13515762e-04]","[83547.96886933 39938.44376778 65923.18095353 ...  5976.46515981
  6831.44826771 56868.05133649]"
99,[-0.98146933 -0.6377251 ],5,-0.9640276,-0.11569941,-10.927729496460596,241,"[1.18508451e-19 2.37329586e-13 2.24966769e-08 1.05218415e-04
 2.81422790e-02 8.39396092e-01 9.69462207e+00 6.46256159e+01
 2.37497525e+02 5.60147767e+02 9.86874692e+02 1.23923372e+03
 9.93582744e+02 5.26579889e+02 2.62424531e+02 1.53636874e+02
 7.63336333e+01 2.55777040e+01 4.70704121e+00 7.07733277e-01
 4.35078813e-02 2.41838500e-04]","[83547.96886933 39938.44376778 65923.18095353 ...  5690.27092832
 66670.01365986  5496.75865775]"
99,[-0.9855237 -0.6248681],5,-0.9640276,-0.11569941,-7.453586048589454,242,"[3.03569146e-25 1.94224238e-17 3.86344620e-11 2.45472458e-06
 5.30989267e-03 5.05674210e-01 6.69974477e+00 5.09847556e+01
 2.41573283e+02 6.62864667e+02 1.05561184e+03 9.86848080e+02
 5.93939291e+02 3.34178252e+02 2.72337190e+02 2.11886813e+02
 1.17503082e+02 4.40542248e+01 1.20159515e+01 2.12314615e+00
 1.27895895e-01 6.22945586e-04]","[83547.96886933 39938.44376778 65923.18095353 ...  5550.13803242
  5953.50029879  6553.95986721]"
99,[-0.98408246 -0.63659114],5,-0.9640276,-0.11569941,-7.800847478271991,243,"[2.58890049e-36 2.77608291e-26 6.49297973e-18 3.36419440e-11
 3.97742016e-06 1.15254302e-02 1.12446905e+00 1.55790527e+01
 1.11613194e+02 4.37881385e+02 8.79192905e+02 9.38125135e+02
 5.72877241e+02 2.85898341e+02 2.09518989e+02 1.61487159e+02
 8.16813032e+01 2.25982832e+01 4.35361776e+00 3.21315814e-01
 1.43213812e-03 1.78030079e-07]","[83547.96886933 39938.44376778 65923.18095353 ...  6855.906465
  6001.50096566  6273.42312959]"
99,[-0.9853504  -0.67808056],5,-0.9640276,0.074012265,-8.118047741693763,244,"[4.83874631e-23 1.05840939e-15 7.76690534e-10 1.97662136e-05
 1.93851897e-02 1.27022131e+00 1.93621920e+01 1.16074325e+02
 3.48827823e+02 6.37091252e+02 8.56019326e+02 8.76380766e+02
 6.16805467e+02 3.11936517e+02 1.62954349e+02 9.87160944e+01
 4.49721429e+01 1.49920426e+01 2.04532946e+00 4.81003411e-01
 3.15764786e-02 1.02543066e-04]","[83547.96886933 39938.44376778 65923.18095353 ...  7827.42464533
 51872.22010593  4674.84561543]"
99,[-0.9824948 -0.6663009],5,-0.9640276,-0.11569941,-6.128065543445916,245,"[7.96319002e-23 3.05801426e-16 8.11755952e-11 1.51944074e-06
 2.10166465e-03 2.52882483e-01 4.75210651e+00 3.55221432e+01
 1.58735177e+02 4.40523978e+02 7.78372076e+02 8.63054850e+02
 6.12522525e+02 3.21431151e+02 1.70461067e+02 1.04766187e+02
 5.72895817e+01 2.33999555e+01 6.73042910e+00 1.06224807e+00
 5.85897781e-02 5.23845423e-04]","[83547.96886933 39938.44376778 65923.18095353 ...  6207.36376582
  7102.78952392  5790.33847478]"
99,[-0.9838224  -0.68501025],5,-0.9640276,0.074012265,-7.916439592340411,246,"[3.62426262e-32 6.12102321e-23 2.54890113e-15 2.66623399e-09
 7.28185563e-05 5.88906613e-02 2.83616918e+00 3.55119629e+01
 1.96378701e+02 5.63035009e+02 9.48005053e+02 9.26619835e+02
 5.31525681e+02 2.48885310e+02 1.76591674e+02 1.28350300e+02
 6.15286841e+01 1.78591645e+01 3.49475214e+00 1.98316456e-01
 6.43165014e-04 6.35544715e-08]","[83547.96886933 39938.44376778 65923.18095353 ...  6647.96035643
  6276.16921714  5443.01880302]"
99,[-0.98895055 -0.64962894],5,-0.9640276,-0.11569941,-8.616967590190447,247,"[1.11730230e-25 1.05553326e-17 2.74195569e-11 2.01588242e-06
 4.51749548e-03 4.33318236e-01 6.81001482e+00 6.04061241e+01
 2.57077575e+02 6.12601203e+02 8.74739689e+02 7.52148222e+02
 4.44551209e+02 2.48985073e+02 2.07083255e+02 1.65613437e+02
 9.63494732e+01 3.64785146e+01 9.42052692e+00 1.39708325e+00
 4.94030805e-02 1.01249197e-04]","[83547.96886933 39938.44376778 65923.18095353 ...  7071.50011016
  5252.27747249  5782.62695241]"
99,[-0.98665553 -0.69516176],5,-0.9640276,0.074012265,-7.291542371926956,248,"[1.38822695e-25 4.97546370e-18 7.93458093e-12 5.74692836e-07
 1.97911472e-03 3.81217893e-01 8.22795141e+00 5.94629288e+01
 2.26144208e+02 5.23450890e+02 7.60948455e+02 6.84989474e+02
 3.75071725e+02 1.70290442e+02 1.10443565e+02 8.00373787e+01
 4.68238976e+01 1.68577456e+01 3.37663572e+00 2.40602105e-01
 1.92673078e-03 8.76473415e-07]","[83547.96886933 39938.44376778 65923.18095353 ...  6311.66215679
  5206.9391187   6042.32814058]"
99,[-0.9839189  -0.58493626],5,-0.9640276,-0.11569941,-7.129137289187563,249,"[1.21091219e-31 2.32263604e-23 2.21902801e-16 1.06959051e-10
 2.66506223e-06 3.65992062e-03 3.66373317e-01 7.23976314e+00
 7.47712152e+01 3.66249024e+02 8.94239401e+02 1.22037680e+03
 9.74140218e+02 5.59890096e+02 3.81337449e+02 2.92274188e+02
 1.59179076e+02 5.15516668e+01 9.42831919e+00 1.00445971e+00
 4.26928371e-02 2.28380768e-04]","[83547.96886933 39938.44376778 65923.18095353 ...  5987.40608674
  6862.15902125  6459.22631981]"
99,[-0.9838688  -0.65588266],5,-0.9640276,-0.11569941,-9.905234087333506,250,"[8.22973528e-40 6.27129423e-29 8.79158101e-20 2.29832177e-12
 1.14892546e-06 1.16047411e-02 2.84558525e+00 4.40404946e+01
 2.34808462e+02 6.98712494e+02 1.14668420e+03 1.03730883e+03
 5.76683689e+02 3.08547166e+02 2.58561604e+02 2.02247655e+02
 1.08428663e+02 3.83086579e+01 7.37112860e+00 9.00628859e-01
 3.54314315e-02 6.53921651e-05]","[83547.96886933 39938.44376778 65923.18095353 ...  6380.17305406
  7036.01558328  4946.6523563 ]"
99,[-0.9870114 -0.6729053],5,-0.9640276,0.074012265,-8.805252059511071,251,"[2.90161418e-31 2.57299957e-22 6.07651031e-15 3.89634616e-09
 7.06412414e-05 4.14885843e-02 1.65226920e+00 1.91487158e+01
 1.12338399e+02 3.73203730e+02 6.81958745e+02 7.14343751e+02
 4.26154154e+02 1.92172276e+02 1.19297273e+02 8.85178375e+01
 4.92537034e+01 1.57843688e+01 2.05328116e+00 7.47450320e-02
 3.03232978e-04 4.52709085e-08]","[83547.96886933 39938.44376778 65923.18095353 ...  7080.34879106
  5235.68312063 65874.26357525]"
99,[-0.9853398 -0.7066284],5,-0.9640276,0.074012265,-6.846260607773494,252,"[1.19992973e-17 5.85214071e-12 1.85611704e-07 4.01202247e-04
 7.08791672e-02 1.99256923e+00 2.04710729e+01 1.04454534e+02
 3.13398999e+02 6.35507797e+02 8.53855409e+02 7.48175666e+02
 4.47555367e+02 2.31341644e+02 1.45478242e+02 1.04586352e+02
 5.93786118e+01 2.34382130e+01 5.83544907e+00 9.14209267e-01
 5.65504350e-02 4.89020795e-04]","[83547.96886933 39938.44376778 65923.18095353 ...  6150.22524596
  6755.48586787  7197.49315259]"
99,[-0.98631334 -0.679256  ],5,-0.9640276,0.074012265,-6.499178575495387,253,"[3.00180352e-28 9.62809908e-20 8.03679010e-13 1.78774273e-07
 1.11729098e-03 2.38834049e-01 4.75578375e+00 3.81321094e+01
 1.83572557e+02 5.23225525e+02 8.41620569e+02 7.94723674e+02
 4.59583119e+02 2.06005768e+02 1.36605148e+02 9.49789959e+01
 4.28936410e+01 1.16435546e+01 2.73965030e+00 2.23081748e-01
 1.09662353e-03 1.74542646e-07]","[83547.96886933 39938.44376778 65923.18095353 ...  5673.7077984
  5571.84989955 71448.55086648]"
99,[-0.9852869  -0.69858134],5,-0.9640276,0.074012265,-9.918768380889398,254,"[4.55357658e-27 2.98976722e-19 8.96761095e-13 1.25043386e-07
 8.40426753e-04 3.03199765e-01 9.17986821e+00 6.73679890e+01
 2.47483768e+02 5.65052311e+02 8.10894747e+02 7.12302688e+02
 4.20488040e+02 2.15730417e+02 1.33189453e+02 9.01130501e+01
 4.88136299e+01 1.64317317e+01 3.38366743e+00 5.61372494e-01
 2.65648141e-02 1.02189575e-04]","[83547.96886933 39938.44376778 65923.18095353 ...  5097.25493063
  6379.7537323   6788.318245  ]"
99,[-0.9847046 -0.6449356],5,-0.9640276,-0.11569941,-5.22317765003727,255,"[1.35717621e-22 5.21172810e-16 1.31912837e-10 2.24725148e-06
 2.70529334e-03 2.71862243e-01 4.29714323e+00 3.40992439e+01
 1.71071404e+02 4.93452867e+02 8.60826597e+02 8.73950514e+02
 5.68374558e+02 3.07854666e+02 2.00671733e+02 1.46732785e+02
 8.13628997e+01 2.82586022e+01 6.42372231e+00 9.26492362e-01
 5.13901274e-02 4.18459957e-04]","[83547.96886933 39938.44376778 65923.18095353 ...  5794.00127559
  6385.36517757 71051.98045399]"
99,[-0.986549   -0.68940544],5,-0.9640276,0.074012265,-6.044687323383805,256,"[1.07777909e-18 9.13136518e-13 4.51791636e-08 1.37595059e-04
 3.27190686e-02 1.33161651e+00 1.56090871e+01 6.97592505e+01
 1.79134557e+02 3.60879811e+02 5.76732029e+02 6.42448869e+02
 4.87716801e+02 2.51897451e+02 1.03282874e+02 4.28315057e+01
 1.76601423e+01 6.18478394e+00 1.19201857e+00 7.68542676e-02
 7.12803198e-04 4.92187403e-07]","[83547.96886933 39938.44376778 65923.18095353 ...  6165.82693837
 68341.769217   66814.29121512]"
99,[-0.98619235 -0.6900169 ],5,-0.9640276,0.074012265,-7.91481357085524,257,"[2.23605626e-22 3.67757249e-15 1.85359892e-09 2.97644732e-05
 1.73306289e-02 7.34678625e-01 1.01047194e+01 7.38913232e+01
 2.78984336e+02 6.20972792e+02 8.67508979e+02 7.41227425e+02
 4.30694320e+02 2.21359817e+02 1.53523734e+02 1.09162021e+02
 5.76679869e+01 2.10257726e+01 5.91881499e+00 9.48118437e-01
 4.34322298e-02 1.48932995e-04]","[83547.96886933 39938.44376778 65923.18095353 ...  5842.86733417
  6273.51007133 53232.27560206]"
99,[-0.9862759  -0.63615334],5,-0.9640276,-0.11569941,-9.273794843169426,258,"[1.24331028e-20 1.26088109e-14 1.11317037e-09 8.73244113e-06
 6.39457293e-03 5.14487837e-01 7.62626340e+00 4.66278058e+01
 1.81746871e+02 4.76239821e+02 8.05397686e+02 8.76152373e+02
 6.48165253e+02 3.70024621e+02 2.21381013e+02 1.53956632e+02
 9.23267751e+01 3.92119184e+01 1.07046445e+01 1.77157893e+00
 1.18204144e-01 1.40867563e-03]","[83547.96886933 39938.44376778 65923.18095353 ...  4742.62064412
  6889.51784946  5027.93617807]"
99,[-0.9875464  -0.66947716],5,-0.9640276,-0.11569941,-7.4198227495294695,259,"[1.66993838e-25 2.68576692e-18 2.53726024e-12 1.43319336e-07
 5.04246598e-04 1.27888630e-01 4.11665502e+00 4.00818978e+01
 1.83057274e+02 4.83261967e+02 7.52254034e+02 7.39182714e+02
 4.84604847e+02 2.69838295e+02 1.80335018e+02 1.31273324e+02
 7.16754493e+01 2.43278683e+01 5.08524505e+00 6.80636701e-01
 3.09711880e-02 1.64750679e-04]","[83547.96886933 39938.44376778 65923.18095353 ...  6254.55937006
  5774.78349361 55206.76326513]"
99,[-0.98485506 -0.63628227],5,-0.9640276,-0.11569941,-5.904727530965639,260,"[1.19509123e-21 2.35771823e-15 3.16501054e-10 2.97567270e-06
 2.17713119e-03 1.98232087e-01 4.80246847e+00 3.86648511e+01
 1.71705406e+02 4.75406551e+02 7.87324803e+02 8.08233677e+02
 5.49897253e+02 3.18540841e+02 2.12025888e+02 1.50713915e+02
 7.98181688e+01 2.84482739e+01 6.03506511e+00 8.97194185e-01
 6.57978137e-02 6.96384930e-04]","[83547.96886933 39938.44376778 65923.18095353 ...  6446.8094396
  5477.68473254  6777.07387989]"
99,[-0.98786396 -0.6280852 ],5,-0.9640276,-0.11569941,-8.053433735927578,261,"[6.65752479e-27 3.18299151e-19 7.24212534e-13 7.98455681e-08
 4.44337523e-04 1.45166028e-01 5.31282608e+00 5.52577229e+01
 2.43192562e+02 6.13388218e+02 9.22369056e+02 8.13439944e+02
 4.84244340e+02 2.76183607e+02 2.26756270e+02 1.76355548e+02
 1.00256714e+02 3.79647563e+01 8.92858865e+00 1.42395875e+00
 7.35981991e-02 3.62134899e-04]","[83547.96886933 39938.44376778 65923.18095353 ...  6437.14879117
  5803.93235605  6526.94908704]"
99,[-0.9865768 -0.7077   ],5,-0.9640276,0.074012265,-8.806389801242545,262,"[5.03884053e-23 1.16943890e-15 8.06351823e-10 1.71503997e-05
 1.28062596e-02 6.85708128e-01 9.87927085e+00 6.32865877e+01
 2.49042519e+02 6.16421569e+02 9.15675254e+02 8.26236662e+02
 4.50565637e+02 2.17958283e+02 1.64422499e+02 1.25493718e+02
 6.76053711e+01 2.40373037e+01 6.04288458e+00 8.84282116e-01
 3.70733366e-02 1.09488940e-04]","[83547.96886933 39938.44376778 65923.18095353 ...  6676.33652491
  6032.228385    5356.28861959]"
99,[-0.9850131 -0.6968281],5,-0.9640276,0.074012265,-6.372647429473659,263,"[3.03572185e-20 7.00688891e-14 8.05477130e-09 4.77681136e-05
 1.61947094e-02 4.94122519e-01 6.07638030e+00 5.19620560e+01
 2.06792232e+02 5.25552511e+02 8.37104063e+02 8.23412000e+02
 4.94043152e+02 2.19410693e+02 1.25644734e+02 8.73301151e+01
 4.54035098e+01 1.62645542e+01 3.25768728e+00 2.14084717e-01
 1.68478642e-03 8.29719691e-07]","[83547.96886933 39938.44376778 65923.18095353 ...  6042.73361118
  7217.60375435 66832.54013346]"
99,[-0.9844383 -0.6182677],5,-0.9640276,-0.11569941,-7.320994584797526,264,"[7.96333969e-27 1.20359242e-19 1.30841915e-13 1.03688302e-08
 6.15205514e-05 2.94568502e-02 1.53054642e+00 1.92980451e+01
 1.17688134e+02 4.12541090e+02 8.51135442e+02 1.03575325e+03
 7.67096214e+02 4.27051563e+02 2.63318181e+02 1.82322791e+02
 1.00974335e+02 3.34075034e+01 7.12621150e+00 1.07066848e+00
 6.92933625e-02 7.56555459e-04]","[83547.96886933 39938.44376778 65923.18095353 ...  6415.51956253
  6626.5810596  70752.81171388]"
99,[-0.9858891 -0.6726471],5,-0.9640276,0.074012265,-7.420065769364174,265,"[9.67889068e-23 4.33660285e-16 1.24952262e-10 2.36536835e-06
 3.10406423e-03 3.47397563e-01 6.71029537e+00 5.00153779e+01
 2.02324946e+02 5.12223849e+02 8.28904900e+02 8.43490517e+02
 5.50217087e+02 2.84247889e+02 1.79524554e+02 1.33587317e+02
 7.56815443e+01 2.73591024e+01 4.84633641e+00 6.80944175e-01
 5.32258242e-02 4.87577775e-04]","[83547.96886933 39938.44376778 65923.18095353 ...  5707.15872784
  6608.35695685  5770.78260334]"
99,[-0.9860419 -0.6836169],5,-0.9640276,0.074012265,-6.479289336856546,266,"[5.03292382e-24 4.57474918e-17 2.47302491e-11 8.11135203e-07
 1.69545582e-03 2.73432402e-01 6.78649762e+00 5.71279859e+01
 2.26346251e+02 5.32432406e+02 8.17603292e+02 7.80128426e+02
 4.81724915e+02 2.29109990e+02 1.29645542e+02 9.94773964e+01
 5.87253616e+01 2.14829179e+01 5.79973958e+00 9.45985079e-01
 5.19218450e-02 3.84213946e-04]","[83547.96886933 39938.44376778 65923.18095353 ...  5554.74781406
  5869.69732983  5603.05238408]"
99,[-0.9848352  -0.69492483],5,-0.9640276,0.074012265,-8.349128931625225,267,"[1.16353627e-18 1.72842915e-12 1.25904254e-07 4.68762961e-04
 1.02188271e-01 2.35215772e+00 1.95276350e+01 1.01090026e+02
 3.20858222e+02 6.64363143e+02 8.76700252e+02 7.41619268e+02
 4.33511008e+02 2.04808945e+02 1.26782735e+02 9.43534213e+01
 5.32945117e+01 2.04434991e+01 5.00970515e+00 8.58811144e-01
 5.55629396e-02 3.73396134e-04]","[83547.96886933 39938.44376778 65923.18095353 ...  7009.03655455
  7037.05375266  7089.39620957]"
99,[-0.9845374  -0.65114635],5,-0.9640276,-0.11569941,-8.112327880682331,268,"[2.56120265e-44 1.71970181e-32 1.64283051e-22 2.26128306e-14
 4.58934828e-08 1.44231965e-03 8.14858692e-01 1.88065264e+01
 1.26526258e+02 4.90117683e+02 9.89132743e+02 1.02209859e+03
 5.95332282e+02 2.78796012e+02 2.34158238e+02 1.91007329e+02
 9.41066011e+01 2.50735337e+01 3.61303707e+00 1.62514339e-01
 3.33588499e-04 1.25038962e-08]","[83547.96886933 39938.44376778 65923.18095353 ... 64318.93059113
  6427.1423479   5581.74140873]"
99,[-0.98623127 -0.67619395],5,-0.9640276,0.074012265,-8.4167986514876,269,"[4.58357361e-19 5.88125783e-13 3.90798679e-08 1.40353469e-04
 3.18078752e-02 8.87650124e-01 9.73248859e+00 6.50845845e+01
 2.56931643e+02 5.89368019e+02 8.21954655e+02 7.24999830e+02
 4.18588163e+02 1.99693940e+02 1.24784478e+02 8.81664799e+01
 4.65674406e+01 1.47751723e+01 2.54610455e+00 1.64448186e-01
 1.44695960e-03 8.44403642e-07]","[83547.96886933 39938.44376778 65923.18095353 ...  6494.36528029
  5466.21817692 56052.12140178]"
99,[-0.98619235 -0.6677642 ],5,-0.9640276,-0.11569941,-9.486534034927901,270,"[9.08120890e-31 1.09566488e-21 3.23697932e-14 2.38860350e-08
 4.58745133e-04 2.60337255e-01 8.46359388e+00 7.21802982e+01
 3.09494875e+02 7.53411785e+02 1.04534730e+03 8.74714310e+02
 4.60329538e+02 2.22282671e+02 1.80606997e+02 1.40168593e+02
 7.24635089e+01 2.43014178e+01 5.01039555e+00 7.89991350e-01
 3.75385418e-02 9.65956475e-05]","[83547.96886933 39938.44376778 65923.18095353 ...  5569.45661259
  5882.00869088  5443.42086698]"
99,[-0.9854736 -0.6426119],5,-0.9640276,-0.11569941,-7.179036025472737,271,"[1.08609037e-23 5.91293368e-17 2.07867878e-11 4.81652719e-07
 7.74945530e-04 1.06283569e-01 2.53951969e+00 2.51322997e+01
 1.37526862e+02 4.32984712e+02 7.94581627e+02 8.82484923e+02
 6.43473025e+02 3.65112934e+02 2.43057885e+02 1.80024010e+02
 9.70687830e+01 3.53589724e+01 9.63688518e+00 1.29131302e+00
 5.42862783e-02 3.91964428e-04]","[83547.96886933 39938.44376778 65923.18095353 ...  6110.81148827
  6274.68580907  6125.40068169]"
99,[-0.9873792 -0.6693582],5,-0.9640276,-0.11569941,-5.835520363840196,272,"[1.82958147e-25 5.56412819e-18 7.65690869e-12 4.86904774e-07
 1.50320344e-03 2.73678297e-01 6.50856897e+00 5.14370910e+01
 2.09916214e+02 5.43496522e+02 8.21363446e+02 7.46498783e+02
 4.40783747e+02 2.46132566e+02 1.90865665e+02 1.36504871e+02
 7.05577294e+01 2.37404652e+01 4.06625222e+00 2.36807091e-01
 1.77896364e-03 7.93800225e-07]","[83547.96886933 39938.44376778 65923.18095353 ...  7511.00494425
  5123.73475075  7245.97158836]"
99,[-0.9911905 -0.6474058],5,-0.9640276,-0.11569941,-6.056679841061859,273,"[4.94115568e-23 2.06375080e-16 6.19215717e-11 1.35955813e-06
 2.27812095e-03 3.34392761e-01 6.96925859e+00 4.60506859e+01
 1.63350997e+02 3.82978486e+02 5.37843529e+02 4.90875062e+02
 3.13016397e+02 1.62989046e+02 1.14199175e+02 8.90818205e+01
 5.55522768e+01 2.44752122e+01 7.17003803e+00 1.04639824e+00
 5.08461609e-02 4.15755780e-04]","[83547.96886933 39938.44376778 65923.18095353 ...  6035.7626169
  7940.83217858  6101.12411973]"
99,[-0.98416966 -0.64919287],5,-0.9640276,-0.11569941,-6.723077636235163,274,"[1.05089488e-35 3.81184283e-26 4.27534145e-18 1.50218399e-11
 1.69368494e-06 6.48042693e-03 1.05479247e+00 2.01047891e+01
 1.39579861e+02 4.79941186e+02 9.02412210e+02 9.62849609e+02
 6.02409790e+02 2.89411416e+02 1.98029776e+02 1.48539697e+02
 8.06955635e+01 2.79486490e+01 5.92945713e+00 3.98660679e-01
 2.04433228e-03 4.09368530e-07]","[83547.96886933 39938.44376778 65923.18095353 ...  5425.61418469
  6737.67533937  6000.28442615]"
99,[-0.98430145 -0.7074931 ],5,-0.9640276,0.074012265,-8.318876884943279,275,"[5.43769808e-28 8.39345965e-20 4.79035465e-13 1.03003690e-07
 8.67975077e-04 3.24559338e-01 9.56011750e+00 7.54844448e+01
 2.93050886e+02 6.53837052e+02 8.59111090e+02 7.21960534e+02
 3.82065568e+02 1.63474047e+02 1.03536309e+02 7.57004048e+01
 4.02450904e+01 1.30668236e+01 3.34280165e+00 2.82338132e-01
 1.84605830e-03 5.50711687e-07]","[83547.96886933 39938.44376778 65923.18095353 ...  7267.09601238
  6710.81627531  5353.30963426]"
99,[-0.98640966 -0.56169754],5,-0.9640276,-0.11569941,-9.566843169115165,276,"[8.01394576e-21 2.07671246e-14 3.20161955e-09 3.01582437e-05
 1.86082245e-02 9.95277153e-01 1.13030757e+01 6.50548106e+01
 2.28913549e+02 5.11984561e+02 7.49255662e+02 7.28230935e+02
 5.40414248e+02 4.41432122e+02 4.11601755e+02 3.14189579e+02
 1.66931303e+02 6.10854361e+01 1.58831816e+01 2.54056828e+00
 1.63124274e-01 1.63610024e-03]","[83547.96886933 39938.44376778 65923.18095353 ... 43664.46591065
  2667.62362529  6689.12820314]"
99,[-0.987422  -0.7064702],5,-0.9640276,0.074012265,-6.043900147475474,277,"[1.29919956e-21 4.27726406e-15 9.32245778e-10 1.37446490e-05
 1.44140204e-02 1.27512654e+00 1.72910236e+01 8.90948233e+01
 2.70807186e+02 5.49250141e+02 7.41405462e+02 6.41096513e+02
 3.80756003e+02 1.73851718e+02 8.33819711e+01 4.91108122e+01
 2.42699630e+01 8.06013156e+00 1.45960131e+00 9.92273586e-02
 1.20282610e-03 1.29850837e-06]","[83547.96886933 39938.44376778 65923.18095353 ... 46195.0602935
  7456.19775757 65963.40367877]"
99,[-0.9826986 -0.6301697],5,-0.9640276,-0.11569941,-6.144731993748077,278,"[6.77717472e-30 9.66713195e-22 6.35798429e-15 1.95673269e-09
 2.89995403e-05 2.23630946e-02 1.26975330e+00 1.61506372e+01
 1.09285316e+02 4.09204791e+02 8.70762087e+02 1.04076121e+03
 7.22087431e+02 3.67615081e+02 2.24786757e+02 1.64733465e+02
 8.90674811e+01 3.19258740e+01 6.00807834e+00 4.00316544e-01
 3.74789860e-03 2.17177454e-06]","[83547.96886933 39938.44376778 65923.18095353 ...  6258.56275895
  6710.20503469 55447.57045428]"
99,[-0.98598486 -0.68047136],5,-0.9640276,0.074012265,-10.223040524012749,279,"[4.74801429e-18 2.39673069e-12 7.89621364e-08 1.76987634e-04
 3.11252797e-02 7.87289177e-01 1.05085119e+01 8.15138490e+01
 2.93684453e+02 6.07357022e+02 8.32110860e+02 7.42514453e+02
 4.29568639e+02 2.10775541e+02 1.25480317e+02 7.88452090e+01
 3.97416740e+01 1.28127320e+01 2.39018578e+00 1.79989454e-01
 2.12783408e-03 2.09385034e-06]","[83547.96886933 39938.44376778 65923.18095353 ... 46294.32417267
  5158.04888611  5889.05351336]"
99,[-0.9868443 -0.6766246],5,-0.9640276,0.074012265,-8.342136749013157,280,"[9.91019140e-19 6.85080075e-13 3.23119611e-08 1.08146671e-04
 2.96202543e-02 1.13233815e+00 1.31873502e+01 7.14818407e+01
 2.37751298e+02 5.04006977e+02 7.42773217e+02 7.02047324e+02
 4.48748499e+02 2.48023199e+02 1.52390814e+02 9.84989474e+01
 5.42926959e+01 2.08903505e+01 4.30842586e+00 3.02695730e-01
 3.26874971e-03 3.05211208e-06]","[83547.96886933 39938.44376778 65923.18095353 ... 66791.76177997
  5007.48502411  6543.69129713]"
99,[-0.9839691 -0.6407502],5,-0.9640276,-0.11569941,-6.396758007591612,281,"[1.96793846e-28 8.01652322e-20 7.33251323e-13 1.54611142e-07
 7.99104013e-04 1.31904715e-01 2.69126283e+00 3.02878862e+01
 1.75736345e+02 5.47570109e+02 9.53507128e+02 9.29174157e+02
 5.46241763e+02 3.04837678e+02 2.61879991e+02 1.94439061e+02
 9.99058683e+01 3.26678510e+01 7.66628148e+00 1.12078750e+00
 5.29848981e-02 1.60906313e-04]","[83547.96886933 39938.44376778 65923.18095353 ...  6295.58787342
  5455.19297937  6027.81980267]"
99,[-0.985741  -0.6620131],5,-0.9640276,-0.11569941,-5.306391522361377,282,"[1.76502973e-28 6.92236709e-20 6.74997598e-13 1.67602362e-07
 1.11776564e-03 2.44481812e-01 4.91869151e+00 3.87226224e+01
 1.77659323e+02 4.94664792e+02 8.04358346e+02 7.71287518e+02
 4.60100350e+02 2.31001878e+02 1.68336678e+02 1.24038922e+02
 6.29282300e+01 2.33585034e+01 6.46691053e+00 1.04977385e+00
 5.30573690e-02 1.78807814e-04]","[83547.96886933 39938.44376778 65923.18095353 ...  6471.69350445
  6316.1569371   6562.73100314]"
99,[-0.9816052  -0.66560173],5,-0.9640276,-0.11569941,-11.325852185543427,283,"[5.18171306e-23 3.61690029e-16 1.43518829e-10 3.30922915e-06
 4.66816463e-03 4.84956176e-01 7.66711700e+00 5.97748031e+01
 2.71807785e+02 7.03470264e+02 1.13826797e+03 1.10341017e+03
 6.95657027e+02 3.78932302e+02 2.66398989e+02 1.98144106e+02
 1.08759412e+02 3.94555294e+01 9.04571678e+00 1.15866660e+00
 5.73693425e-02 4.17387582e-04]","[83547.96886933 39938.44376778 65923.18095353 ...  5795.42699354
  6762.12687169  5839.95594321]"
99,[-0.9851636 -0.6915658],5,-0.9640276,0.074012265,-10.451189985600973,284,"[1.21467154e-17 5.18342096e-12 1.61865873e-07 3.86322006e-04
 8.29241231e-02 2.81447058e+00 3.02651546e+01 1.39669886e+02
 3.50362532e+02 5.90491911e+02 7.60132045e+02 7.47443972e+02
 5.51781972e+02 3.03649371e+02 1.50377981e+02 8.32432718e+01
 3.94499558e+01 1.29683067e+01 3.24095960e+00 6.31950611e-01
 4.18036680e-02 3.53088811e-04]","[83547.96886933 39938.44376778 65923.18095353 ... 79621.49866878
 61566.61324656  5824.01562196]"
99,[-0.9834509  -0.63491887],5,-0.9640276,-0.11569941,-6.283407111069986,285,"[7.08779333e-41 7.98272347e-30 1.41867817e-20 4.03744645e-13
 1.89230938e-07 1.57187225e-03 3.78638001e-01 1.57488025e+01
 1.32230472e+02 5.05385011e+02 1.04958836e+03 1.09771035e+03
 6.25247831e+02 2.67215048e+02 1.89437578e+02 1.61972145e+02
 8.22146121e+01 2.41924248e+01 4.03679514e+00 2.25946554e-01
 6.90692528e-04 4.34134754e-08]","[83547.96886933 39938.44376778 65923.18095353 ...  5541.53818694
  6041.57359256  5690.5731345 ]"
99,[-0.9796343  -0.65088546],5,-0.9640276,-0.11569941,-8.172975084254809,286,"[1.69579668e-29 2.77835688e-20 7.63900265e-13 3.62095344e-07
 3.14328082e-03 6.20050712e-01 9.19681880e+00 7.12669636e+01
 3.31092030e+02 8.57623926e+02 1.38875414e+03 1.45282110e+03
 9.69727849e+02 4.74631524e+02 2.59665587e+02 1.73785187e+02
 9.11971790e+01 2.85178561e+01 6.58812421e+00 1.03898907e+00
 4.94468312e-02 1.09477712e-04]","[83547.96886933 39938.44376778 65923.18095353 ...  7158.43492066
 53864.69486283  5396.03799186]"
99,[-0.98654604 -0.68472767],5,-0.9640276,0.074012265,-4.4508304268709,287,"[3.89853993e-32 1.15830470e-22 6.78447047e-15 7.99997097e-09
 1.98403278e-04 1.18271734e-01 3.49673815e+00 2.91321478e+01
 1.44558730e+02 4.51785375e+02 7.92786503e+02 7.46075492e+02
 4.07047259e+02 1.91984822e+02 1.28776164e+02 9.80392374e+01
 4.61056433e+01 1.48985184e+01 3.17205582e+00 1.89676619e-01
 6.08298904e-04 4.85375951e-08]","[83547.96886933 39938.44376778 65923.18095353 ...  6432.95584929
  5714.43654188  6343.32972486]"
99,[-0.9778044  -0.68144757],5,-0.9640276,0.074012265,-8.16555111752767,288,"[2.76784053e-19 4.98668980e-13 4.76353110e-08 2.50381920e-04
 8.19668085e-02 2.84018162e+00 2.88988322e+01 1.45678641e+02
 4.40536920e+02 9.02765770e+02 1.32213135e+03 1.34751347e+03
 9.33960556e+02 4.61740691e+02 2.06339930e+02 1.12238917e+02
 6.03826498e+01 2.31590904e+01 6.43361385e+00 1.33990872e+00
 8.35637035e-02 5.06371597e-04]","[83547.96886933 39938.44376778 65923.18095353 ...  4864.04516009
 68028.73577125  3793.59355009]"
99,[-0.9799759 -0.6631747],5,-0.9640276,-0.11569941,-7.680457625572371,289,"[5.04746294e-20 2.40681463e-13 3.87197551e-08 2.20069332e-04
 5.13812811e-02 1.04176021e+00 1.09381225e+01 8.09678805e+01
 3.19336572e+02 7.63113880e+02 1.20771855e+03 1.26209304e+03
 8.72792330e+02 4.32942915e+02 2.15195742e+02 1.28887211e+02
 6.23544254e+01 1.85236735e+01 2.89608289e+00 1.60165235e-01
 9.33928557e-04 2.35632483e-07]","[83547.96886933 39938.44376778 65923.18095353 ...  5298.38576106
 60386.1768843   5721.42227444]"
99,[-0.9716144 -0.704275 ],5,-0.9640276,0.074012265,-10.103543296826777,290,"[1.60052507e-14 1.70810047e-09 1.17300261e-05 5.76343209e-03
 3.22382982e-01 6.21918987e+00 6.58704269e+01 3.21828501e+02
 8.83659987e+02 1.51798903e+03 1.84597097e+03 1.57842975e+03
 9.44234410e+02 4.55668455e+02 2.59348286e+02 1.59595190e+02
 8.02946274e+01 3.03285792e+01 6.49716216e+00 8.27427771e-01
 4.35072720e-02 3.02443593e-04]","[83547.96886933 39938.44376778 65923.18095353 ... 45110.40608359
 40514.10948489  3348.78514873]"
99,[-0.98595834 -0.6377399 ],5,-0.9640276,-0.11569941,-7.455719461707404,291,"[6.97682813e-32 3.46181297e-23 6.55212088e-16 4.79982585e-10
 1.39969871e-05 1.75280575e-02 1.36171980e+00 2.15586170e+01
 1.42594018e+02 4.67591619e+02 8.37851393e+02 8.67497272e+02
 5.58905556e+02 2.93615389e+02 1.95389480e+02 1.35287365e+02
 7.36045024e+01 2.72956724e+01 6.80847210e+00 1.08476155e+00
 6.34639782e-02 3.70069974e-04]","[83547.96886933 39938.44376778 65923.18095353 ...  5174.30458108
  5776.11787562  7442.96851908]"
99,[-0.985858   -0.62815636],5,-0.9640276,-0.11569941,-5.859259275117051,292,"[4.59392775e-21 4.61045241e-15 4.04972465e-10 3.18324641e-06
 2.38295061e-03 2.14821562e-01 4.41335627e+00 3.82393981e+01
 1.80314258e+02 5.01895464e+02 8.61807612e+02 9.52683123e+02
 6.88216047e+02 3.84037076e+02 2.41152463e+02 1.68490574e+02
 9.55417874e+01 4.01143069e+01 1.14946698e+01 1.93103506e+00
 1.28491917e-01 1.58879029e-03]","[83547.96886933 39938.44376778 65923.18095353 ...  5643.11726732
  6532.11904596  6131.77527795]"
99,[-0.9870305 -0.6613772],5,-0.9640276,-0.11569941,-7.358396040127204,293,"[1.62257802e-20 1.66342435e-14 1.48313458e-09 1.17409513e-05
 8.68162229e-03 7.11713547e-01 1.09054980e+01 6.24552487e+01
 1.95896222e+02 4.08731912e+02 6.05260771e+02 6.38502685e+02
 4.88453784e+02 2.91886082e+02 1.51983976e+02 7.92460415e+01
 4.25081481e+01 1.72984379e+01 3.78810393e+00 3.16422698e-01
 5.30476426e-03 1.02325168e-05]","[83547.96886933 39938.44376778 65923.18095353 ...  7131.37845678
 66315.34161818  6870.96246367]"
99,[-0.9886538  -0.69750434],5,-0.9640276,0.074012265,-7.733918678552518,294,"[3.35719222e-21 1.00959175e-14 1.69058732e-09 1.62584284e-05
 9.91289908e-03 5.86941580e-01 8.82649496e+00 6.17203952e+01
 2.44345437e+02 5.67093181e+02 7.93342338e+02 7.11124763e+02
 4.16271596e+02 1.87716311e+02 1.03020466e+02 7.14763334e+01
 3.78372396e+01 1.46317999e+01 3.63659030e+00 6.33660007e-01
 3.58761164e-02 2.05349196e-04]","[83547.96886933 39938.44376778 65923.18095353 ...  5325.75859815
  7217.41746674 55415.78959078]"
99,[-0.9874293 -0.6333924],5,-0.9640276,-0.11569941,-5.76873284934587,295,"[6.95167116e-20 5.14043987e-14 3.21037325e-09 1.73253167e-05
 8.53714976e-03 4.61409695e-01 5.07098832e+00 3.18776884e+01
 1.43304931e+02 3.98192792e+02 6.92983207e+02 7.53615826e+02
 5.37525187e+02 3.19446037e+02 2.11625951e+02 1.48965837e+02
 8.30263535e+01 3.26508740e+01 8.19373152e+00 1.18672975e+00
 7.44274027e-02 9.35271885e-04]","[83547.96886933 39938.44376778 65923.18095353 ...  6074.8184809
  4677.99515182 64943.75763303]"
99,[-0.98403597 -0.65927315],5,-0.9640276,-0.11569941,-7.571864402939908,296,"[1.24068603e-33 1.26385260e-23 1.94906554e-15 4.65096817e-09
 1.79843773e-04 1.30733972e-01 4.42448407e+00 4.35063306e+01
 2.25069635e+02 6.97922204e+02 1.17640886e+03 1.05042801e+03
 5.53474336e+02 3.23518879e+02 3.16602763e+02 2.56547004e+02
 1.38266210e+02 4.95155382e+01 1.15217650e+01 1.13699365e+00
 2.88748634e-02 3.54624389e-05]","[83547.96886933 39938.44376778 65923.18095353 ...  6213.26253745
  6239.59194206  6388.28924449]"
99,[-0.98643655 -0.6861537 ],5,-0.9640276,0.074012265,-10.401242421291615,297,"[5.84918723e-33 4.29912299e-23 5.14938906e-15 1.02702445e-08
 3.56820362e-04 2.47618237e-01 7.42617940e+00 6.56085661e+01
 3.24822334e+02 8.18912226e+02 1.11443224e+03 8.26811913e+02
 3.64349030e+02 1.46257413e+02 1.22465285e+02 1.28205808e+02
 8.73425696e+01 3.70592722e+01 9.35454644e+00 1.51105445e+00
 5.70540201e-02 7.84678049e-05]","[83547.96886933 39938.44376778 65923.18095353 ...   713.04167172
  7078.67277455  5995.9558423 ]"
99,[-0.9865768  -0.62838525],5,-0.9640276,-0.11569941,-8.826189167237809,298,"[1.24413597e-20 1.38395616e-14 1.21392745e-09 8.59951323e-06
 5.25293993e-03 3.56024434e-01 5.56681785e+00 4.20463427e+01
 1.84158769e+02 4.90031465e+02 8.22148033e+02 8.72035236e+02
 6.05691038e+02 3.49749845e+02 2.45426051e+02 1.79781481e+02
 9.38878791e+01 3.41679708e+01 8.96818361e+00 1.28474841e+00
 6.90965824e-02 7.33050450e-04]","[83547.96886933 39938.44376778 65923.18095353 ...  6241.891286
  4787.86249409  5349.65573903]"
99,[-0.98497206 -0.6496123 ],5,-0.9640276,-0.11569941,-6.886476812928292,299,"[1.07134675e-22 5.47033987e-16 1.73191613e-10 3.47204722e-06
 4.62152609e-03 4.77520592e-01 6.97038821e+00 4.66275993e+01
 2.02772012e+02 5.14759741e+02 8.40096407e+02 8.58812342e+02
 5.66051157e+02 3.10814449e+02 2.11542806e+02 1.55404305e+02
 8.44805845e+01 3.20466815e+01 1.00253479e+01 1.85631523e+00
 1.12810560e-01 9.36419407e-04]","[83547.96886933 39938.44376778 65923.18095353 ...  5984.59942292
  6510.26436956  5349.92497459]"
99,[-0.98215264 -0.652791  ],5,-0.9640276,-0.11569941,-7.289104715744376,300,"[6.02341238e-27 6.75186365e-19 2.39443624e-12 2.75121980e-07
 1.08319895e-03 1.85332734e-01 4.07265634e+00 3.73167959e+01
 2.09328718e+02 6.84441088e+02 1.21288760e+03 1.21384145e+03
 7.26178051e+02 3.58670979e+02 2.67711643e+02 2.02294647e+02
 1.01232270e+02 3.04429676e+01 4.59296411e+00 2.38898348e-01
 1.31512437e-03 3.01293897e-07]","[83547.96886933 39938.44376778 65923.18095353 ...  6588.42002515
  7854.25741539 50303.10257651]"
99,[-0.9848215  -0.68436664],5,-0.9640276,0.074012265,-6.209724088739067,301,"[1.56537986e-25 5.74291410e-18 8.94103641e-12 6.03613267e-07
 1.85638965e-03 3.12861458e-01 6.42738432e+00 5.14006490e+01
 2.20222291e+02 5.31218233e+02 7.90198160e+02 7.17693967e+02
 4.10950554e+02 1.92449533e+02 1.16898819e+02 8.05428972e+01
 3.98714485e+01 1.48752006e+01 3.88192303e+00 3.30912337e-01
 2.72874957e-03 1.19584268e-06]","[83547.96886933 39938.44376778 65923.18095353 ...  5106.6262984
  5668.77501625  6368.01908248]"
99,[-0.98525625 -0.66301066],5,-0.9640276,-0.11569941,-8.992438703066801,302,"[5.15881717e-17 8.67557036e-12 1.28977716e-07 1.77854224e-04
 2.71749190e-02 8.20519713e-01 1.05748497e+01 6.82977211e+01
 2.34374651e+02 5.30374475e+02 7.85118084e+02 7.80618032e+02
 5.44462143e+02 2.89292670e+02 1.64939773e+02 1.16408223e+02
 6.74232834e+01 2.72912819e+01 7.62248537e+00 1.13115485e+00
 6.12440064e-02 6.63972052e-04]","[83547.96886933 39938.44376778 65923.18095353 ...  5847.24033606
  7144.34384944  5797.69998563]"
99,[-0.98612547 -0.6750699 ],5,-0.9640276,0.074012265,-5.806602546930789,303,"[1.91237950e-21 1.62066507e-15 1.40399391e-10 1.26674175e-06
 1.24915342e-03 1.58042411e-01 3.97599913e+00 3.36607885e+01
 1.39888712e+02 3.75532157e+02 6.41338922e+02 7.08353567e+02
 5.18820625e+02 2.86093100e+02 1.62783383e+02 1.00982633e+02
 5.60805251e+01 2.27153240e+01 5.82014185e+00 1.07968037e+00
 7.63495240e-02 8.97006417e-04]","[83547.96886933 39938.44376778 65923.18095353 ...  6319.4118164
  6771.81366058  7393.42629392]"
99,[-0.98630935 -0.6240297 ],5,-0.9640276,-0.11569941,-6.429164425198166,304,"[5.70369377e-29 1.61968574e-20 1.30658500e-13 3.06224440e-08
 2.20277489e-04 6.39953490e-02 2.53849529e+00 3.04808650e+01
 1.66181302e+02 5.10281826e+02 9.04069325e+02 9.43193915e+02
 5.93601670e+02 3.19082299e+02 2.38980550e+02 1.87361704e+02
 9.48407224e+01 3.50640963e+01 9.06964753e+00 1.13186024e+00
 4.29610662e-02 1.33183208e-04]","[83547.96886933 39938.44376778 65923.18095353 ...  5385.03749103
  5402.40051106  5182.76284261]"
99,[-0.9876136  -0.67774653],5,-0.9640276,0.074012265,-7.532822602069397,305,"[1.74971888e-30 2.03636052e-21 4.81112479e-14 2.36376097e-08
 2.55499325e-04 7.98049583e-02 2.93776530e+00 3.38393439e+01
 1.79396549e+02 5.36228908e+02 9.09849217e+02 8.31763553e+02
 4.29316302e+02 1.99852035e+02 1.48176700e+02 1.12018209e+02
 5.28770822e+01 1.62892804e+01 3.84909848e+00 2.73811585e-01
 9.87455543e-04 9.04274023e-08]","[83547.96886933 39938.44376778 65923.18095353 ...  4190.64182013
  6112.85775476  5053.89425592]"
99,[-0.9865601  -0.64219594],5,-0.9640276,-0.11569941,-9.068465335297457,306,"[2.84477139e-27 2.43334393e-19 7.92547529e-13 1.00330366e-07
 5.16933482e-04 1.28759040e-01 3.42543457e+00 3.24295277e+01
 1.69097602e+02 5.08895203e+02 8.73442659e+02 9.01731698e+02
 5.77535326e+02 3.16063400e+02 2.27263932e+02 1.63133066e+02
 8.58715195e+01 3.12003792e+01 6.72456162e+00 8.63883680e-01
 3.81734873e-02 1.49357653e-04]","[83547.96886933 39938.44376778 65923.18095353 ...  7388.65386924
  5813.5420414   6239.38704152]"
99,[-0.984621  -0.6729152],5,-0.9640276,0.074012265,-6.2599059134756265,307,"[3.54798600e-25 1.08258070e-17 1.44693461e-11 8.65634586e-07
 2.43516154e-03 3.86127279e-01 7.41982587e+00 5.27653348e+01
 2.20259080e+02 5.87238454e+02 9.36393868e+02 9.09726870e+02
 5.78902594e+02 2.90094624e+02 1.98518213e+02 1.52588195e+02
 8.44616906e+01 3.21666235e+01 7.72067421e+00 1.04147450e+00
 5.02456236e-02 2.68885005e-04]","[83547.96886933 39938.44376778 65923.18095353 ...  5263.7725297
  7570.72849809  5655.12790149]"
99,[-0.9847213  -0.65998644],5,-0.9640276,-0.11569941,-8.909454750272694,308,"[7.61763805e-30 3.29276792e-21 4.32350364e-14 1.75785567e-08
 2.30621407e-04 1.13093090e-01 4.46140035e+00 5.08272113e+01
 2.63681984e+02 7.42779785e+02 1.12779497e+03 1.00110559e+03
 5.53981914e+02 2.91774588e+02 2.37574182e+02 1.88031631e+02
 9.80677311e+01 3.34596079e+01 7.59388552e+00 9.70894296e-01
 3.87882210e-02 1.20982193e-04]","[83547.96886933 39938.44376778 65923.18095353 ...  5543.39704256
  5099.65539358 62515.2427874 ]"
99,[-0.98609203 -0.6463784 ],5,-0.9640276,-0.11569941,-6.647646273491708,309,"[4.21431433e-38 7.84471920e-28 3.53571452e-19 3.90865897e-12
 1.08512894e-06 7.96797012e-03 1.85267886e+00 3.36302607e+01
 1.96705450e+02 5.64130726e+02 8.94819062e+02 8.36637567e+02
 4.79934906e+02 2.39146902e+02 2.06891900e+02 1.89923399e+02
 1.19143901e+02 4.82340549e+01 1.25677476e+01 1.46200903e+00
 4.91984889e-02 1.41876842e-04]","[83547.96886933 39938.44376778 65923.18095353 ...  6959.81950102
  6735.82288769 59788.40113529]"
99,[-0.98908424 -0.66895115],5,-0.9640276,-0.11569941,-5.383615265893964,310,"[2.07880293e-18 7.68484293e-13 2.40273512e-08 6.57450432e-05
 1.75756815e-02 6.80494165e-01 8.38438746e+00 5.55205990e+01
 2.15240253e+02 4.98886317e+02 7.15018590e+02 6.72763886e+02
 4.46252182e+02 2.32124984e+02 1.29329147e+02 8.92323465e+01
 5.49373861e+01 2.74163693e+01 8.77680579e+00 1.21466297e+00
 5.46314119e-02 4.92177909e-04]","[83547.96886933 39938.44376778 65923.18095353 ...  6813.05602734
  7016.83484564  6968.65161889]"
99,[-0.9859918  -0.64809483],5,-0.9640276,-0.11569941,-5.945751142321409,311,"[2.35551235e-25 4.63884017e-18 4.75150211e-12 2.58203486e-07
 7.81266324e-04 1.60190884e-01 4.72263821e+00 4.51883173e+01
 2.01194155e+02 5.19328666e+02 8.09641455e+02 8.16251517e+02
 5.21994600e+02 2.69571471e+02 1.82136447e+02 1.33660054e+02
 7.14825396e+01 2.60919123e+01 7.28502353e+00 1.06726825e+00
 4.86296966e-02 2.89439861e-04]","[83547.96886933 39938.44376778 65923.18095353 ...  6787.83273942
  6303.32988726  6285.8251029 ]"
99,[-0.984621   -0.67854756],5,-0.9640276,0.074012265,-5.089440515379848,312,"[5.19419670e-16 4.93782840e-11 4.84676431e-07 5.09412661e-04
 6.37594853e-02 1.34349392e+00 1.04844798e+01 5.69811736e+01
 2.08690352e+02 4.88119020e+02 7.34481349e+02 7.27851442e+02
 5.14044792e+02 2.85601954e+02 1.63942763e+02 1.03031713e+02
 5.50653225e+01 2.11392311e+01 4.71332062e+00 3.93680747e-01
 6.58194042e-03 1.41888838e-05]","[83547.96886933 39938.44376778 65923.18095353 ...  5059.20899906
  6918.40321718  4960.28749093]"
99,[-0.98487175 -0.63147265],5,-0.9640276,-0.11569941,-8.877732610243617,313,"[1.50519305e-28 2.99719808e-20 1.96801445e-13 4.34886533e-08
 3.38344494e-04 1.09893938e-01 3.43918338e+00 3.45716388e+01
 1.72825443e+02 5.09433033e+02 8.84788789e+02 9.15813032e+02
 5.75929232e+02 3.25289002e+02 2.73500983e+02 2.14388138e+02
 1.11919202e+02 3.60069812e+01 8.99460962e+00 1.56838793e+00
 7.64682977e-02 2.66188148e-04]","[83547.96886933 39938.44376778 65923.18095353 ... 57190.00184048
  5778.86204069  5358.09142526]"
99,[-0.9847046 -0.6204286],5,-0.9640276,-0.11569941,-7.190778188377712,314,"[9.53698883e-24 9.05564128e-17 4.28672665e-11 1.03684282e-06
 1.36741383e-03 1.31357489e-01 2.47144411e+00 2.19945356e+01
 1.24947672e+02 4.29767022e+02 8.53181375e+02 9.88454701e+02
 6.95466674e+02 3.82413442e+02 2.57342858e+02 1.92569909e+02
 1.03360692e+02 3.50185788e+01 7.42350729e+00 1.02554524e+00
 5.84696031e-02 4.03918648e-04]","[83547.96886933 39938.44376778 65923.18095353 ...  6518.47225618
  6571.82830102  6687.41171103]"
99,[-0.986978  -0.6438364],5,-0.9640276,-0.11569941,-5.469946727763893,315,"[1.63929536e-17 2.81425133e-12 4.61859584e-08 7.48441612e-05
 1.31309729e-02 3.50933385e-01 4.02672177e+00 3.45548310e+01
 1.57620523e+02 4.12537772e+02 6.75410784e+02 7.45859461e+02
 5.64218511e+02 3.21111880e+02 1.86010711e+02 1.25120400e+02
 7.19131695e+01 2.71776366e+01 7.37160906e+00 1.31539590e+00
 8.31069637e-02 8.89730402e-04]","[83547.96886933 39938.44376778 65923.18095353 ...  6942.15142873
  6534.02653692  6082.33762348]"
99,[-0.98734576 -0.68758947],5,-0.9640276,0.074012265,-6.764230576258379,316,"[1.06287659e-28 1.44907572e-20 8.63842522e-14 2.28784619e-08
 2.77898022e-04 1.69117442e-01 7.40563930e+00 6.37752399e+01
 2.50794475e+02 5.95308681e+02 8.72487587e+02 8.03248481e+02
 4.64875816e+02 2.21293801e+02 1.41328440e+02 9.85015774e+01
 5.01504877e+01 1.74184350e+01 3.46368006e+00 2.01442033e-01
 1.12291636e-03 3.39778009e-07]","[83547.96886933 39938.44376778 65923.18095353 ...  6944.23154753
  6204.83086058  5852.12115325]"
99,[-0.98447937 -0.6503895 ],5,-0.9640276,-0.11569941,-14.007468737100195,317,"[1.12585272e-16 2.04775354e-11 2.97262878e-07 3.60563071e-04
 4.28931103e-02 8.96782406e-01 9.08747626e+00 5.96033766e+01
 2.37803961e+02 6.00202225e+02 9.46737704e+02 9.46269990e+02
 6.31144262e+02 3.65101982e+02 2.43173771e+02 1.64612210e+02
 8.71980142e+01 3.32245879e+01 7.32753211e+00 9.64000271e-01
 6.20869383e-02 6.91525618e-04]","[83547.96886933 39938.44376778 65923.18095353 ... 59419.9699756
  5229.3006368   4988.54729656]"
99,[-0.98577446 -0.6578474 ],5,-0.9640276,-0.11569941,-7.065994487766917,318,"[3.21833335e-26 1.35770176e-18 2.51056948e-12 2.07685174e-07
 8.06727211e-04 1.79487690e-01 5.27384108e+00 5.27648891e+01
 2.36744676e+02 5.61154756e+02 8.21863686e+02 7.44499685e+02
 4.35232820e+02 2.26318316e+02 1.65858381e+02 1.36412157e+02
 8.30059270e+01 3.12481392e+01 7.16018228e+00 1.00929772e+00
 5.26176915e-02 2.95836218e-04]","[83547.96886933 39938.44376778 65923.18095353 ...  4173.39023488
  5328.76926185 64475.38850776]"
99,[-0.98898226 -0.6774156 ],5,-0.9640276,0.074012265,-7.544918880864036,319,"[4.20765081e-25 6.36559509e-18 5.64906590e-12 2.99342362e-07
 9.84894308e-04 2.28750602e-01 6.17610832e+00 4.81686309e+01
 1.85545511e+02 4.43139387e+02 6.50951028e+02 6.07520593e+02
 3.78228860e+02 1.97450887e+02 1.30864207e+02 9.12627091e+01
 4.50689314e+01 1.56909528e+01 3.58257919e+00 6.11267643e-01
 3.49651469e-02 2.11199602e-04]","[83547.96886933 39938.44376778 65923.18095353 ...  6473.69630612
  5088.39653307  6872.51247127]"
99,[-0.98280555 -0.689637  ],5,-0.9640276,0.074012265,-5.760988423320104,320,"[4.89313623e-20 1.73822774e-13 2.77783762e-08 2.07065942e-04
 8.04639770e-02 2.66950964e+00 2.44368937e+01 1.19795985e+02
 3.31341115e+02 6.15782341e+02 8.98492177e+02 9.49561768e+02
 6.53416768e+02 3.10137325e+02 1.38482253e+02 7.47316161e+01
 3.68900743e+01 1.10254316e+01 1.53405490e+00 7.30634183e-02
 4.78445580e-04 1.86420254e-07]","[83547.96886933 39938.44376778 65923.18095353 ...  7067.02269087
 60312.39388804  6257.50706136]"
99,[-0.9892347 -0.6529163],5,-0.9640276,-0.11569941,-5.253864485357585,321,"[1.37681076e-32 4.86044758e-23 3.08623243e-15 3.60412507e-09
 8.13058311e-05 4.34073697e-02 1.89162850e+00 2.70567927e+01
 1.61019498e+02 4.59661977e+02 7.22989557e+02 6.34626886e+02
 3.46159384e+02 1.74533309e+02 1.54901579e+02 1.33219924e+02
 7.24364992e+01 2.34689823e+01 3.83351785e+00 1.87607838e-01
 5.32442547e-04 3.47566408e-08]","[83547.96886933 39938.44376778 65923.18095353 ...  5184.70872938
  5850.27451878  4990.80943444]"
99,[-0.9839691  -0.66485745],5,-0.9640276,-0.11569941,-7.817202084135099,322,"[1.21413035e-19 2.12035980e-13 1.86428543e-08 8.57955572e-05
 2.34674767e-02 6.65165469e-01 6.66123138e+00 4.60435134e+01
 1.99853777e+02 5.07113588e+02 8.25122130e+02 8.51355039e+02
 5.78218725e+02 3.04268466e+02 1.83099855e+02 1.32413091e+02
 7.47556703e+01 2.78232691e+01 6.95981510e+00 9.73048820e-01
 4.53935178e-02 2.52706721e-04]","[83547.96886933 39938.44376778 65923.18095353 ...  5641.94330189
  7105.0431335   5429.12048062]"
99,[-0.98634076 -0.6535461 ],5,-0.9640276,-0.11569941,-7.336908166719316,323,"[2.08619248e-23 9.76516095e-17 3.17801501e-11 7.32982030e-07
 1.25469068e-03 1.88172398e-01 4.38561816e+00 3.45741086e+01
 1.46438214e+02 4.16294599e+02 7.43449966e+02 8.18840331e+02
 5.57309741e+02 2.96520897e+02 1.89830856e+02 1.31355908e+02
 6.96467386e+01 2.45466093e+01 4.62951703e+00 3.09040488e-01
 3.39829256e-03 3.38149425e-06]","[83547.96886933 39938.44376778 65923.18095353 ...  5602.6338803
  6455.36121928  4439.9133713 ]"
99,[-0.9824813 -0.6448042],5,-0.9640276,-0.11569941,-6.562193792868253,324,"[1.07473133e-20 2.38664472e-14 3.07964462e-09 2.37902949e-05
 1.20515539e-02 6.09821006e-01 8.70999766e+00 6.26538690e+01
 2.52942458e+02 6.26931502e+02 9.72316982e+02 9.47332467e+02
 6.28688843e+02 3.48157909e+02 2.29140655e+02 1.69382475e+02
 8.79873572e+01 3.16649019e+01 8.24795275e+00 1.32220443e+00
 8.81571111e-02 9.20483088e-04]","[83547.96886933 39938.44376778 65923.18095353 ...  6060.13278443
  6881.52473489 44893.05961279]"
99,[-0.9865768 -0.6416373],5,-0.9640276,-0.11569941,-8.112936854592832,325,"[1.22154907e-26 6.00502070e-19 1.29562372e-12 1.25124727e-07
 5.65688382e-04 1.41888208e-01 4.15334641e+00 4.24806568e+01
 2.18726139e+02 6.01164378e+02 9.40727282e+02 8.99441138e+02
 5.43590101e+02 3.01695739e+02 2.41119730e+02 1.88879545e+02
 1.02005464e+02 3.74235606e+01 8.35436547e+00 5.84509612e-01
 4.02463074e-03 1.51436195e-06]","[83547.96886933 39938.44376778 65923.18095353 ...  6153.933119
  4991.63700789 71836.08990395]"
99,[-0.9829136 -0.6693937],5,-0.9640276,-0.11569941,-8.43869681835311,326,"[1.08502246e-26 4.47813961e-19 8.58611969e-13 7.79802084e-08
 3.51924231e-04 9.70702475e-02 3.70745942e+00 4.14500580e+01
 1.85352872e+02 4.59859334e+02 7.50555787e+02 8.67250849e+02
 6.77366462e+02 3.43179311e+02 1.55212801e+02 8.24002944e+01
 3.82518011e+01 1.39651819e+01 3.09047071e+00 2.16819831e-01
 1.67431321e-03 7.60213164e-07]","[83547.96886933 39938.44376778 65923.18095353 ... 55993.88400413
 54937.2200388   6381.57468776]"
99,[-0.98712087 -0.6582652 ],5,-0.9640276,-0.11569941,-6.58834623694543,327,"[2.04449121e-22 2.90464355e-16 4.06517151e-11 5.69641717e-07
 8.30302642e-04 1.41826478e-01 4.11161326e+00 3.85170209e+01
 1.79317541e+02 4.74403679e+02 7.68480575e+02 7.86229553e+02
 5.58924929e+02 3.37625338e+02 2.24660531e+02 1.58496474e+02
 8.94327058e+01 3.60829771e+01 9.01562869e+00 7.89006137e-01
 1.21246960e-02 2.24875465e-05]","[83547.96886933 39938.44376778 65923.18095353 ...  6413.17341998
  6728.74558675  7162.20920329]"
99,[-0.9855468 -0.7054425],5,-0.9640276,0.074012265,-6.558822952931581,328,"[4.34451399e-21 4.38401761e-14 1.53608225e-08 1.94150997e-04
 1.00449156e-01 4.02538295e+00 4.57733602e+01 2.29990895e+02
 5.26098288e+02 7.94165768e+02 9.22648495e+02 7.74521349e+02
 4.55984794e+02 2.10986056e+02 1.09335473e+02 6.52764964e+01
 3.32487707e+01 1.05186024e+01 9.89424755e-01 7.84036613e-03
 2.71391384e-06 3.48253717e-11]","[83547.96886933 39938.44376778 65923.18095353 ...  5440.96556299
 59020.88114895  6884.19903925]"
99,[-0.98525625 -0.64359665],5,-0.9640276,-0.11569941,-6.912268026397763,329,"[3.98154524e-25 9.20518316e-18 9.87325814e-12 5.02086054e-07
 1.27637211e-03 2.02136518e-01 4.67960277e+00 3.65361276e+01
 1.58094956e+02 4.73168152e+02 8.53574206e+02 9.27419049e+02
 6.18284352e+02 3.24401469e+02 2.21505839e+02 1.74631021e+02
 1.06812243e+02 4.19935389e+01 1.09983041e+01 1.87680748e+00
 1.12116464e-01 7.14690227e-04]","[83547.96886933 39938.44376778 65923.18095353 ...  6719.73075921
  6952.21378062  6211.68582796]"
99,[-0.98428774 -0.6710095 ],5,-0.9640276,0.074012265,-5.852317733205202,330,"[2.25542681e-31 3.30237705e-22 1.10434231e-14 8.60968339e-09
 1.63423514e-04 8.71637730e-02 2.90452362e+00 3.09082080e+01
 1.81113193e+02 5.80771532e+02 9.82576425e+02 9.07012534e+02
 4.96611868e+02 2.31029466e+02 1.68882997e+02 1.29378032e+02
 6.80521155e+01 2.07327836e+01 3.52434716e+00 1.97988320e-01
 7.38708659e-04 8.02023954e-08]","[83547.96886933 39938.44376778 65923.18095353 ... 66877.99145382
  5286.83855319  6546.4272586 ]"
99,[-0.9859249 -0.6731932],5,-0.9640276,0.074012265,-8.019695752020313,331,"[5.26656340e-21 6.98953161e-15 8.06442932e-10 8.24141741e-06
 7.77737938e-03 7.68351137e-01 1.19308593e+01 6.36377098e+01
 2.08388774e+02 4.72760486e+02 7.14762737e+02 7.11554705e+02
 4.92938962e+02 2.72389173e+02 1.65548825e+02 1.13755777e+02
 6.94800993e+01 3.02991472e+01 9.71879888e+00 1.79362865e+00
 1.15002900e-01 1.31448738e-03]","[83547.96886933 39938.44376778 65923.18095353 ...  5522.45461655
  6169.53671271 61332.06845275]"
99,[-0.98240274 -0.6487372 ],5,-0.9640276,-0.11569941,-7.838354692330666,332,"[2.47121942e-23 1.74052173e-16 7.35719352e-11 1.90483769e-06
 3.16290948e-03 3.92603374e-01 6.51517882e+00 4.15076328e+01
 1.69027434e+02 4.55616896e+02 8.32355060e+02 1.04225523e+03
 8.63928561e+02 4.58190015e+02 1.90193543e+02 8.79652231e+01
 4.19584090e+01 1.45573530e+01 3.50709086e+00 3.05251360e-01
 3.26892608e-03 2.59495936e-06]","[83547.96886933 39938.44376778 65923.18095353 ...  4333.29929625
 63271.59183656  5840.67292074]"
99,[-0.9878189 -0.6878606],5,-0.9640276,0.074012265,-7.9557805994204776,333,"[6.60538771e-18 3.25598957e-12 1.03044506e-07 2.21390754e-04
 4.13484559e-02 1.47741586e+00 1.91342120e+01 1.12851807e+02
 3.45837066e+02 6.20888604e+02 7.27647346e+02 5.74825669e+02
 3.20146083e+02 1.70786086e+02 1.23817835e+02 8.53135507e+01
 4.68015532e+01 1.73450341e+01 4.82383401e+00 8.63231784e-01
 5.25985858e-02 4.28328133e-04]","[83547.96886933 39938.44376778 65923.18095353 ...  5597.59516726
  6105.51983858  6915.82792852]"
99,[-0.9853565 -0.6917482],5,-0.9640276,0.074012265,-6.509389251714765,334,"[3.45532008e-28 6.38711506e-20 3.92760167e-13 8.20077719e-08
 6.08746479e-04 1.92248570e-01 6.15539049e+00 5.80681842e+01
 2.41727003e+02 5.97738578e+02 8.76523526e+02 8.08011676e+02
 4.73411059e+02 2.19571759e+02 1.25065754e+02 8.60932147e+01
 4.57191541e+01 1.74985182e+01 5.09511565e+00 8.86070083e-01
 4.53337548e-02 1.79390290e-04]","[83547.96886933 39938.44376778 65923.18095353 ...  5826.61206712
  6756.71552927  5514.7437465 ]"
99,[-0.9839319  -0.66941816],5,-0.9640276,-0.11569941,-8.937699804975841,335,"[8.63352480e-30 1.00252301e-20 2.11053810e-13 8.27336721e-08
 6.42318577e-04 1.28744970e-01 2.79737775e+00 2.89869094e+01
 1.62969388e+02 5.21115991e+02 9.38238849e+02 9.24179811e+02
 5.36606013e+02 2.41897941e+02 1.53621384e+02 1.10177768e+02
 5.20549801e+01 1.17028455e+01 1.96750698e+00 1.33235299e-01
 4.22130408e-04 3.02770336e-08]","[83547.96886933 39938.44376778 65923.18095353 ...  5646.58920872
  6859.26607314  4632.63953739]"
99,[-0.9883989  -0.64919895],5,-0.9640276,-0.11569941,-7.477910806556937,336,"[1.11157075e-16 1.39628197e-11 1.66159644e-07 1.96960681e-04
 2.79047557e-02 8.19387744e-01 9.89139183e+00 6.07191752e+01
 2.03416723e+02 4.46191909e+02 6.76718780e+02 6.73396887e+02
 4.64119955e+02 2.83516455e+02 1.93523885e+02 1.31430475e+02
 7.10963319e+01 2.53237260e+01 6.37541201e+00 1.22796648e+00
 8.79278608e-02 1.00387920e-03]","[83547.96886933 39938.44376778 65923.18095353 ...  5734.82692863
  5077.48783917  4978.62293358]"
99,[-0.98245186 -0.7112374 ],5,-0.9640276,0.074012265,-7.455788483115268,337,"[7.52767694e-22 1.00158110e-14 4.46194673e-09 6.92054244e-05
 4.34496706e-02 2.44042302e+00 3.70121665e+01 2.07187976e+02
 5.61716190e+02 9.44732782e+02 1.17846248e+03 1.02323018e+03
 5.97103439e+02 2.64302529e+02 1.30495548e+02 6.97058177e+01
 3.48126512e+01 1.46186328e+01 4.18981424e+00 3.19297416e-01
 1.71093118e-03 3.72569117e-07]","[83547.96886933 39938.44376778 65923.18095353 ...  6225.68637494
 57266.98128256  5945.81557842]"
99,[-0.98384976 -0.6851775 ],5,-0.9640276,0.074012265,-7.094897707894583,338,"[8.29376673e-30 4.38846170e-21 6.77484139e-14 3.11069527e-08
 4.42037229e-04 2.19387041e-01 6.86678120e+00 5.73539479e+01
 2.66759145e+02 7.31507299e+02 1.16234156e+03 1.06215796e+03
 6.02446998e+02 3.02580118e+02 2.18856879e+02 1.59388667e+02
 8.58378200e+01 2.96731455e+01 5.85944746e+00 7.75563738e-01
 3.21630519e-02 8.63833024e-05]","[83547.96886933 39938.44376778 65923.18095353 ...  6999.60737256
  6995.4036297   6210.98737166]"
99,[-0.98406935 -0.64058197],5,-0.9640276,-0.11569941,-6.3847060054305596,339,"[9.08343157e-31 7.91741694e-22 1.76702132e-14 1.03029914e-08
 1.63809212e-04 8.23000334e-02 2.94209428e+00 3.66738522e+01
 2.29791425e+02 6.87675523e+02 1.14193702e+03 1.05300547e+03
 5.78779655e+02 2.80110291e+02 2.22963728e+02 1.80361476e+02
 9.60557460e+01 3.09167226e+01 5.49517660e+00 3.02481604e-01
 1.16451466e-03 1.45121340e-07]","[83547.96886933 39938.44376778 65923.18095353 ...  5860.63821572
  6046.41228316  6191.90873272]"
99,[-0.95787853 -0.6728848 ],5,-0.9640276,0.074012265,-13.879943733217708,340,"[3.98140110e-29 3.82868390e-20 6.79629514e-13 2.28851924e-07
 1.56416865e-03 3.17882065e-01 1.04479040e+01 1.24448157e+02
 6.99058354e+02 2.10414860e+03 3.42111916e+03 2.99933676e+03
 1.55624884e+03 7.12373134e+02 5.17072856e+02 3.81562092e+02
 1.84530447e+02 5.60046544e+01 1.20766233e+01 8.90459297e-01
 3.41608533e-03 3.06735745e-07]","[83547.96886933 39938.44376778 65923.18095353 ... 54326.82930651
 28079.62209934   948.30079475]"
99,[-0.9870616 -0.6570216],5,-0.9640276,-0.11569941,-9.220984178135183,341,"[5.39810284e-27 4.53307742e-19 1.40101162e-12 1.62817875e-07
 7.47507882e-04 1.65061429e-01 4.26690776e+00 3.88888292e+01
 1.84008468e+02 5.17776465e+02 8.46694500e+02 8.02549895e+02
 4.92874826e+02 2.68762272e+02 1.95714311e+02 1.39229608e+02
 6.96065309e+01 2.42781763e+01 5.62271668e+00 4.12171976e-01
 2.54864988e-03 7.21327750e-07]","[83547.96886933 39938.44376778 65923.18095353 ...  7473.18302894
  5606.94184105  7396.94365435]"
99,[-0.9858413 -0.6781697],5,-0.9640276,0.074012265,-4.581462186574919,342,"[7.24263293e-27 4.76370411e-19 1.34325231e-12 1.65454301e-07
 9.25670684e-04 2.64200862e-01 6.29991464e+00 4.42812111e+01
 1.97128709e+02 4.99583714e+02 7.55619583e+02 7.28970025e+02
 4.56349250e+02 2.47101382e+02 1.70180538e+02 1.28113864e+02
 6.79178346e+01 2.66360599e+01 6.54128112e+00 1.29125961e+00
 7.81528244e-02 3.72870011e-04]","[83547.96886933 39938.44376778 65923.18095353 ...  7469.40963684
  6341.36296085  7084.58493933]"
99,[-0.9850724  -0.61470705],5,-0.9640276,-0.11569941,-8.576593128911496,343,"[2.09136977e-31 6.31573043e-23 8.39934574e-16 4.98634271e-10
 1.35555190e-05 1.79750448e-02 1.50197195e+00 2.04072699e+01
 1.25393621e+02 4.34007285e+02 8.46866952e+02 9.51698902e+02
 6.56154004e+02 3.76175623e+02 2.73783017e+02 1.92496457e+02
 9.61442752e+01 2.77906140e+01 4.97277998e+00 3.40028381e-01
 2.44056481e-03 9.72587971e-07]","[83547.96886933 39938.44376778 65923.18095353 ... 55667.18677606
  4536.42661066  4888.13029199]"
99,[-0.9868608 -0.6673242],5,-0.9640276,-0.11569941,-5.956859441778093,344,"[3.34222508e-26 8.05125639e-19 1.03308718e-12 7.19281373e-08
 2.84141623e-04 7.61124162e-02 2.75585623e+00 2.89374800e+01
 1.29848834e+02 3.63874333e+02 6.22114547e+02 6.49498586e+02
 4.33258832e+02 2.14399474e+02 1.12935223e+02 7.46824539e+01
 3.97858311e+01 1.38177475e+01 2.03486789e+00 8.61693961e-02
 6.45766380e-04 3.74136958e-07]","[83547.96886933 39938.44376778 65923.18095353 ...  7294.14602943
  6470.19793904  8217.89032604]"
99,[-0.98415166 -0.6948462 ],5,-0.9640276,0.074012265,-9.932035742390058,345,"[1.42220932e-21 1.51696078e-14 5.15971594e-09 5.84509196e-05
 2.62993636e-02 1.16511032e+00 1.47095804e+01 7.68477858e+01
 2.43633367e+02 5.37193625e+02 8.43973479e+02 8.92538964e+02
 5.92696689e+02 2.45232493e+02 9.11732024e+01 4.94981660e+01
 2.38579771e+01 7.22836616e+00 1.23615243e+00 7.10105710e-02
 3.67955105e-04 7.66832907e-08]","[83547.96886933 39938.44376778 65923.18095353 ...  5418.70757957
 62988.18125113  6848.66925768]"
99,[-0.9839858 -0.6596532],5,-0.9640276,-0.11569941,-8.823501363672788,346,"[7.45206774e-24 9.11514753e-17 5.86528961e-11 2.02764282e-06
 3.94524088e-03 5.02918437e-01 7.73101663e+00 4.94937953e+01
 2.24775459e+02 6.22331803e+02 1.00447295e+03 9.71896286e+02
 6.06103150e+02 3.17871578e+02 2.07439633e+02 1.52400815e+02
 8.59736622e+01 3.54806993e+01 1.03431277e+01 1.81724611e+00
 1.09619088e-01 7.74032411e-04]","[83547.96886933 39938.44376778 65923.18095353 ... 63384.59782884
  7071.91693338  5684.38494093]"
99,[-0.9868745  -0.69780886],5,-0.9640276,0.074012265,-8.189813192181038,347,"[5.11522262e-25 9.18373448e-18 9.31109481e-12 5.42658856e-07
 1.88805113e-03 4.40435152e-01 1.08517091e+01 7.48553023e+01
 2.63297141e+02 5.32774564e+02 7.11700289e+02 6.20707469e+02
 3.61881966e+02 1.81162980e+02 1.15425851e+02 8.29394753e+01
 4.59893764e+01 1.71151746e+01 4.79303138e+00 8.15144151e-01
 4.39169407e-02 2.82351422e-04]","[83547.96886933 39938.44376778 65923.18095353 ...  7956.9720068
  6157.48648272 72533.25210103]"
99,[-0.9843776 -0.6386376],5,-0.9640276,-0.11569941,-7.41905351797362,348,"[1.95948771e-29 1.07791929e-20 1.38481976e-13 4.25539874e-08
 3.29633019e-04 7.73779292e-02 1.48376696e+00 1.60252737e+01
 1.08430030e+02 3.88171685e+02 7.98605869e+02 1.01859352e+03
 8.00115094e+02 3.84910693e+02 1.82894983e+02 1.11891102e+02
 5.62061123e+01 1.69809431e+01 3.70632970e+00 2.57752077e-01
 1.00132180e-03 1.12782556e-07]","[83547.96886933 39938.44376778 65923.18095353 ...  5499.24962843
 58740.19223896  6111.25064493]"
99,[-0.9844955 -0.7053253],5,-0.9640276,0.074012265,-8.81828826528886,349,"[3.20100519e-14 3.41570798e-09 2.34261728e-05 1.13729344e-02
 5.85251964e-01 8.34326587e+00 6.27377440e+01 2.60589807e+02
 5.83913639e+02 8.40418513e+02 9.58762378e+02 8.60716886e+02
 5.64441561e+02 2.83612132e+02 1.34288772e+02 8.03674776e+01
 4.36605737e+01 1.48143178e+01 3.01144819e+00 2.27592041e-01
 2.36716292e-03 1.92176079e-06]","[83547.96886933 39938.44376778 65923.18095353 ...  5378.46466419
 62996.07992061  6045.17711399]"
99,[-0.9860586  -0.67265415],5,-0.9640276,0.074012265,-6.42212447086973,350,"[3.99511505e-19 4.16562926e-13 2.50584262e-08 9.06588627e-05
 2.30570353e-02 7.96264653e-01 1.12051254e+01 8.08562769e+01
 2.90618532e+02 6.50267011e+02 9.34074423e+02 8.44190316e+02
 5.21104286e+02 2.91457100e+02 2.05009917e+02 1.63435022e+02
 9.62723084e+01 4.11214107e+01 1.21651314e+01 2.36145635e+00
 1.56761875e-01 1.18861262e-03]","[83547.96886933 39938.44376778 65923.18095353 ...  4686.9094377
  7071.60063375  7191.05686557]"
99,[-0.9848215 -0.6826746],5,-0.9640276,0.074012265,-6.360404925944994,351,"[8.39131619e-25 2.55097262e-17 3.27484155e-11 1.81581144e-06
 4.57951729e-03 6.36945069e-01 1.10059250e+01 7.23556848e+01
 2.63581700e+02 5.99678959e+02 8.73960318e+02 7.86657878e+02
 4.67635033e+02 2.24994395e+02 1.30029069e+02 8.26514869e+01
 4.25759437e+01 1.41568074e+01 3.09052456e+00 2.52192870e-01
 2.07554396e-03 9.07613855e-07]","[83547.96886933 39938.44376778 65923.18095353 ...  6956.76194318
  6552.29110748  6351.14237794]"
99,[-0.9881983  -0.65527135],5,-0.9640276,-0.11569941,-6.0864187253743935,352,"[5.53072566e-27 2.65854318e-19 6.22774691e-13 7.23350514e-08
 4.31888229e-04 1.47943295e-01 4.59218434e+00 3.75613313e+01
 1.65889962e+02 4.50868816e+02 7.31963281e+02 7.24114084e+02
 4.65746073e+02 2.65366286e+02 1.97312433e+02 1.42052469e+02
 7.39407167e+01 2.74046905e+01 5.76862849e+00 3.72765420e-01
 2.67134440e-03 1.17328991e-06]","[83547.96886933 39938.44376778 65923.18095353 ... 51283.0072681
  5259.1631587   7103.75517654]"
99,[-0.9844037  -0.64012396],5,-0.9640276,-0.11569941,-8.427739300937413,353,"[1.80156686e-26 1.09860002e-18 2.40377599e-12 1.93207069e-07
 6.03057266e-04 9.21663670e-02 2.00504341e+00 2.47800975e+01
 1.56930697e+02 5.11600018e+02 9.57702927e+02 1.02671845e+03
 6.48286503e+02 3.19232482e+02 2.30909801e+02 1.80184065e+02
 9.72714897e+01 3.39077061e+01 7.30097080e+00 1.00889177e+00
 5.23268826e-02 2.45182536e-04]","[83547.96886933 39938.44376778 65923.18095353 ...  5415.15641132
  6451.66942629  6154.7921118 ]"
99,[-0.9896359  -0.65633994],5,-0.9640276,-0.11569941,-8.26244361099278,354,"[9.82545247e-19 6.96742935e-13 3.15155736e-08 9.44840170e-05
 2.13085461e-02 6.02147175e-01 6.26603829e+00 4.14131703e+01
 1.68957203e+02 4.24332062e+02 6.32123221e+02 6.11327825e+02
 4.23959101e+02 2.50852175e+02 1.76302231e+02 1.27309753e+02
 7.62160039e+01 3.31360323e+01 8.41288576e+00 1.43252145e+00
 9.05363966e-02 6.90208049e-04]","[83547.96886933 39938.44376778 65923.18095353 ...  6386.76253807
  4503.94922451  6672.18802714]"
99,[-0.98836637 -0.644672  ],5,-0.9640276,-0.11569941,-6.166927518730384,355,"[5.82851698e-21 1.04503631e-14 1.24635287e-09 1.01700268e-05
 6.17696196e-03 3.88421114e-01 5.67768170e+00 3.62844924e+01
 1.20651208e+02 2.57079252e+02 4.33919838e+02 5.96257182e+02
 5.59299834e+02 3.40136846e+02 1.52679484e+02 6.71553550e+01
 3.25542050e+01 1.16805559e+01 2.44600509e+00 1.71582465e-01
 1.57854001e-03 1.18133259e-06]","[83547.96886933 39938.44376778 65923.18095353 ...  6379.87561403
 63860.54543265 64393.46668945]"
99,[-0.986984  -0.6603723],5,-0.9640276,-0.11569941,-8.861378735848252,356,"[7.93845282e-20 1.97584786e-13 2.49725551e-08 1.66168606e-04
 6.57109192e-02 2.61568253e+00 2.79559897e+01 1.26289679e+02
 3.10957338e+02 5.34511069e+02 7.12488314e+02 7.49713252e+02
 5.46678989e+02 2.87092100e+02 1.53462288e+02 9.42878226e+01
 4.45922087e+01 1.44733997e+01 2.84886021e+00 1.84811444e-01
 1.35472647e-03 6.22181303e-07]","[83547.96886933 39938.44376778 65923.18095353 ... 66691.48274559
 44764.5662733   6154.39769297]"
99,[-0.9849447 -0.6520126],5,-0.9640276,-0.11569941,-5.163170684180481,357,"[8.44676142e-36 6.64782033e-26 1.24147091e-17 5.58439677e-11
 6.22493287e-06 1.83838139e-02 1.88587418e+00 2.36294990e+01
 1.46301567e+02 4.98524841e+02 8.95459653e+02 8.84572272e+02
 5.11697670e+02 2.33922288e+02 1.63319042e+02 1.23267142e+02
 6.99584845e+01 2.66823344e+01 6.26529355e+00 1.01704508e+00
 5.89834728e-02 2.13859294e-04]","[83547.96886933 39938.44376778 65923.18095353 ...  5032.71782736
  6983.48179433 57139.12578085]"
99,[-0.98497206 -0.6948659 ],5,-0.9640276,0.074012265,-8.787935232471964,358,"[2.86728316e-22 3.52394412e-15 1.57537781e-09 2.64964429e-05
 1.84911986e-02 8.51043781e-01 1.06340641e+01 8.29034174e+01
 3.24256916e+02 7.38983029e+02 9.94928679e+02 8.30530956e+02
 4.65196350e+02 2.25814660e+02 1.49583900e+02 1.12029997e+02
 5.66578971e+01 1.53722730e+01 2.23433095e+00 1.13348254e-01
 5.50413644e-04 1.21811949e-07]","[83547.96886933 39938.44376778 65923.18095353 ...  7106.36385834
  7100.68326686  3877.19051007]"
99,[-0.9865601 -0.6469244],5,-0.9640276,-0.11569941,-7.153232732945399,359,"[8.31972124e-33 4.03270370e-23 3.20154150e-15 4.25972068e-09
 9.98979164e-05 5.03225734e-02 1.86190258e+00 2.21465002e+01
 1.34736332e+02 4.58334087e+02 7.95926819e+02 7.68158191e+02
 4.52014591e+02 2.42123085e+02 2.12230500e+02 1.71622022e+02
 8.42523331e+01 2.58247333e+01 4.03237389e+00 1.87737344e-01
 4.87484240e-04 2.65919113e-08]","[83547.96886933 39938.44376778 65923.18095353 ... 67235.55077685
  5034.38501679  6512.8088699 ]"
99,[-0.9848763 -0.7017348],5,-0.9640276,0.074012265,-7.789663061548146,360,"[8.84386823e-28 5.08606840e-19 5.03696623e-12 8.87148787e-07
 3.03313000e-03 3.32125711e-01 6.96694710e+00 7.22225628e+01
 3.43271042e+02 8.16974965e+02 1.07550150e+03 8.23528478e+02
 3.73554374e+02 1.62951389e+02 1.16652637e+02 8.01201570e+01
 3.53028859e+01 1.06091017e+01 1.38486659e+00 4.44477597e-02
 8.52014836e-05 3.56826106e-09]","[83547.96886933 39938.44376778 65923.18095353 ...  5332.35956858
  7200.66615426  5333.46455349]"
99,[-0.98560727 -0.6316994 ],5,-0.9640276,-0.11569941,-7.224415778322904,361,"[1.95354521e-31 1.46649526e-22 3.06905222e-15 1.82516953e-09
 3.22022377e-05 2.02991351e-02 1.21057829e+00 1.80645967e+01
 1.08339190e+02 4.06927494e+02 8.12578054e+02 9.01410306e+02
 6.04527157e+02 3.14766461e+02 2.28046411e+02 1.76030505e+02
 9.35036103e+01 2.84048083e+01 5.83169425e+00 7.57312547e-01
 2.66971434e-02 5.90235522e-05]","[83547.96886933 39938.44376778 65923.18095353 ...  7263.15821851
  6318.36116378  5528.48930246]"
99,[-0.9837676  -0.67894006],5,-0.9640276,0.074012265,-8.251681639135082,362,"[7.09320112e-29 1.70185607e-20 1.22318779e-13 2.69370629e-08
 1.93957339e-04 6.90698992e-02 4.36559726e+00 5.34322772e+01
 2.48446833e+02 6.86072767e+02 1.09474945e+03 1.02335248e+03
 5.62495614e+02 2.74773346e+02 1.83969542e+02 1.37300113e+02
 7.23903384e+01 2.82832607e+01 6.57000082e+00 9.53213641e-01
 5.06507901e-02 1.97995406e-04]","[83547.96886933 39938.44376778 65923.18095353 ...  6911.24303569
  6947.03468324  4961.39834871]"
99,[-0.9871786 -0.6646133],5,-0.9640276,-0.11569941,-8.092819901676467,363,"[8.52476207e-29 1.48778165e-20 8.71664764e-14 1.75093544e-08
 1.27505920e-04 4.56923421e-02 2.54439553e+00 3.62074002e+01
 1.86358476e+02 5.04936690e+02 8.85126713e+02 9.06853779e+02
 5.71502778e+02 2.93519179e+02 2.01433501e+02 1.56279643e+02
 8.83622360e+01 3.39373160e+01 7.66460233e+00 1.38754907e+00
 7.64250129e-02 2.77203432e-04]","[83547.96886933 39938.44376778 65923.18095353 ...  6268.93651243
  6604.49844527  6301.07154375]"
99,[-0.9851894  -0.69203043],5,-0.9640276,0.074012265,-6.900250010262504,364,"[8.23731512e-24 4.49447895e-16 5.73148709e-10 1.77474693e-05
 1.48860882e-02 5.94947063e-01 6.24434463e+00 4.93546798e+01
 2.50787966e+02 6.40761205e+02 9.52641734e+02 8.56560349e+02
 4.79730698e+02 2.11967467e+02 1.38335060e+02 1.01343004e+02
 5.07428501e+01 1.68314015e+01 3.77316501e+00 2.41434716e-01
 8.66753734e-04 8.91978001e-08]","[83547.96886933 39938.44376778 65923.18095353 ...  4874.67346226
  6234.30965099  6105.85549079]"
99,[-0.9875965 -0.6349165],5,-0.9640276,-0.11569941,-5.93352816429488,365,"[8.76790473e-22 3.11254348e-15 7.01298643e-10 1.02558953e-05
 1.02617894e-02 8.44640800e-01 1.10543227e+01 6.24473575e+01
 2.33951926e+02 5.74453702e+02 8.81997839e+02 8.56477095e+02
 5.55101380e+02 3.10819950e+02 2.21781905e+02 1.62909088e+02
 9.44516187e+01 4.02457628e+01 1.21139690e+01 2.52708612e+00
 1.93498883e-01 1.90953859e-03]","[83547.96886933 39938.44376778 65923.18095353 ...  5098.83749493
  6624.56362871  5743.98787983]"
99,[-0.981961  -0.6640245],5,-0.9640276,-0.11569941,-5.42842755296389,366,"[4.64119940e-26 1.76929432e-18 3.00537480e-12 2.32153366e-07
 8.54982245e-04 1.80483804e-01 4.76515288e+00 4.25731924e+01
 1.98673307e+02 5.87158488e+02 1.03086492e+03 1.04732485e+03
 6.55040213e+02 3.08197159e+02 1.74003262e+02 1.22663710e+02
 6.64843842e+01 2.02600881e+01 4.94321392e+00 8.96030530e-01
 5.06177800e-02 2.87546770e-04]","[83547.96886933 39938.44376778 65923.18095353 ...  6667.38649878
  8030.86561197  5020.95382512]"
99,[-0.985624  -0.6284847],5,-0.9640276,-0.11569941,-5.744372069530434,367,"[1.71645292e-37 2.64742028e-27 9.38341003e-19 7.75003132e-12
 1.53082572e-06 7.66653847e-03 1.20137278e+00 1.67920767e+01
 1.12648953e+02 4.44275333e+02 8.86272930e+02 9.38875423e+02
 5.78846450e+02 3.07380259e+02 2.49698052e+02 1.87533105e+02
 9.00800948e+01 3.10006706e+01 6.92400435e+00 9.56348953e-01
 4.30713753e-02 1.15271353e-04]","[83547.96886933 39938.44376778 65923.18095353 ...  7631.19366022
  5828.83558554  6874.38542343]"
99,[-0.9838855  -0.63846964],5,-0.9640276,-0.11569941,-8.287092027720615,368,"[4.67410612e-43 2.14711397e-31 1.29546130e-21 1.04131312e-13
 1.14523788e-07 1.83179098e-03 5.56962598e-01 1.53682099e+01
 1.33349408e+02 5.13378701e+02 1.02306983e+03 1.08377064e+03
 6.38380756e+02 3.19258741e+02 2.82662581e+02 2.29608814e+02
 1.12848590e+02 3.58300634e+01 5.46834085e+00 2.35961432e-01
 4.82216555e-04 1.67574510e-08]","[83547.96886933 39938.44376778 65923.18095353 ... 72209.38105623
  5757.68976337  5937.98175305]"
99,[-0.9851894  -0.63137704],5,-0.9640276,-0.11569941,-7.108306260962509,369,"[1.52370448e-26 1.52909575e-18 4.53134681e-12 4.07031900e-07
 1.17969627e-03 1.44865784e-01 2.59739128e+00 2.53481512e+01
 1.52544635e+02 5.05905822e+02 9.18165945e+02 9.26070308e+02
 5.58281263e+02 2.84758513e+02 2.06859182e+02 1.68965794e+02
 9.23723633e+01 3.37385341e+01 6.68129322e+00 9.64603546e-01
 6.41539549e-02 3.05990558e-04]","[83547.96886933 39938.44376778 65923.18095353 ...  6067.2712235
  5264.58885471  6066.02416331]"
99,[-0.9844204 -0.6608101],5,-0.9640276,-0.11569941,-5.659046815000337,370,"[6.70363942e-16 1.23299056e-10 1.52698876e-06 1.34513566e-03
 1.03017620e-01 1.46496033e+00 1.25109405e+01 7.01950428e+01
 2.52409693e+02 6.07981637e+02 9.11070509e+02 8.46457782e+02
 5.40323781e+02 2.97376601e+02 1.96160895e+02 1.36729791e+02
 7.50245579e+01 3.04255349e+01 7.18534656e+00 1.05155051e+00
 7.44688406e-02 8.09689524e-04]","[83547.96886933 39938.44376778 65923.18095353 ...  7127.74758454
  5708.33575738  6721.73981293]"
99,[-0.9853565  -0.64841306],5,-0.9640276,-0.11569941,-6.344264463845083,371,"[1.61410959e-26 5.60163040e-19 8.80042230e-13 6.39365940e-08
 2.27899498e-04 5.37206307e-02 2.22864542e+00 2.71822304e+01
 1.46267876e+02 4.51479533e+02 8.08689763e+02 8.57711191e+02
 5.47498274e+02 2.64652498e+02 1.50179094e+02 1.08816987e+02
 6.53647146e+01 2.48137123e+01 6.23303701e+00 9.36628592e-01
 4.70880138e-02 2.52393284e-04]","[83547.96886933 39938.44376778 65923.18095353 ...  5390.76209994
  6698.38731357 53304.86318501]"
99,[-0.9880516 -0.6854928],5,-0.9640276,0.074012265,-7.10315943670049,372,"[2.52522080e-22 8.25011815e-16 1.88530534e-10 3.07741946e-06
 3.78715599e-03 4.32153118e-01 8.82064300e+00 6.32123807e+01
 2.28679073e+02 5.25960285e+02 7.71743477e+02 7.34012564e+02
 4.74129410e+02 2.48262589e+02 1.45826914e+02 9.37567852e+01
 5.16287217e+01 2.14633255e+01 5.53634442e+00 8.54722338e-01
 5.14488161e-02 4.55416220e-04]","[83547.96886933 39938.44376778 65923.18095353 ...  5243.06212546
  6292.3116857   6921.77562598]"
99,[-0.9849052  -0.64909023],5,-0.9640276,-0.11569941,-6.158414724830873,373,"[7.81186223e-24 6.74047803e-17 3.20099146e-11 8.55781248e-07
 1.36852519e-03 1.71132482e-01 4.06443599e+00 3.86214795e+01
 1.83594457e+02 4.97492018e+02 8.28047543e+02 8.47354751e+02
 5.64220743e+02 2.93714621e+02 1.71261313e+02 1.20450632e+02
 6.61717928e+01 2.41025323e+01 6.25419761e+00 1.00205279e+00
 5.75068158e-02 4.27592482e-04]","[83547.96886933 39938.44376778 65923.18095353 ...  6491.2201434
  7473.65817677  5802.89859244]"
99,[-0.98393565 -0.63223684],5,-0.9640276,-0.11569941,-7.97729792389484,374,"[6.29056960e-25 1.31192551e-17 1.32666573e-11 6.64162835e-07
 1.72494449e-03 2.73872062e-01 5.30749362e+00 4.33791879e+01
 2.19587848e+02 6.23088536e+02 1.02152953e+03 1.01499619e+03
 6.56248715e+02 3.61684791e+02 2.57970168e+02 1.95549996e+02
 1.02828283e+02 3.66011770e+01 8.06389251e+00 1.01487402e+00
 4.81990834e-02 2.74747228e-04]","[83547.96886933 39938.44376778 65923.18095353 ...  7585.27167355
  5934.78692697  5134.98229696]"
99,[-0.98498875 -0.63537955],5,-0.9640276,-0.11569941,-5.246853068670687,375,"[8.39457177e-24 1.03745043e-16 5.78287969e-11 1.49237859e-06
 1.91518914e-03 1.72382484e-01 3.32694660e+00 3.01095340e+01
 1.55810260e+02 4.81340878e+02 8.58374440e+02 9.02939820e+02
 6.11146440e+02 3.33668284e+02 2.28128836e+02 1.70222363e+02
 9.16897114e+01 3.32573186e+01 8.20373572e+00 1.22490939e+00
 7.09682663e-02 5.05661662e-04]","[83547.96886933 39938.44376778 65923.18095353 ...  6059.94303177
  5955.93480865  5823.1662051 ]"
99,[-0.9855738 -0.6123449],5,-0.9640276,-0.11569941,-10.390684682723705,376,"[1.21983180e-26 6.94781050e-19 1.66361824e-12 1.70837449e-07
 7.86745386e-04 1.91187613e-01 5.07084815e+00 4.80306030e+01
 2.41449571e+02 6.69060406e+02 1.08138472e+03 1.03342872e+03
 6.32339167e+02 3.78216747e+02 3.35147542e+02 2.83744105e+02
 1.58932632e+02 5.44787716e+01 1.07434504e+01 1.47128423e+00
 7.05462371e-02 2.95310129e-04]","[83547.96886933 39938.44376778 65923.18095353 ...  4810.07765802
  4502.2373757   6180.53071435]"
99,[-0.9886162 -0.6343347],5,-0.9640276,-0.11569941,-6.4627248916588025,377,"[5.66146791e-18 2.10991516e-12 5.81317965e-08 1.23775544e-04
 2.40372858e-02 7.53149039e-01 7.80028086e+00 4.30083154e+01
 1.66029974e+02 3.93349689e+02 5.78593345e+02 5.54267555e+02
 3.89508392e+02 2.44051005e+02 1.85279887e+02 1.49298157e+02
 8.76161589e+01 3.53400839e+01 1.02906074e+01 2.06160009e+00
 1.40261060e-01 1.27502198e-03]","[83547.96886933 39938.44376778 65923.18095353 ... 62162.95615933
  4612.47131144  6517.93285649]"
99,[-0.9853064 -0.6303113],5,-0.9640276,-0.11569941,-10.182404011089538,378,"[2.36881566e-41 5.97445175e-30 2.09145868e-20 1.03127267e-12
 7.36401829e-07 8.11003193e-03 1.75025823e+00 2.86936799e+01
 1.77203841e+02 5.85906144e+02 1.06299502e+03 1.01872194e+03
 5.50509646e+02 2.60933197e+02 2.19168661e+02 1.78973660e+02
 1.04778837e+02 3.67677742e+01 6.71926010e+00 9.13449034e-01
 4.05876029e-02 6.46470597e-05]","[83547.96886933 39938.44376778 65923.18095353 ...  5277.55146555
  6417.74113953  5773.79640744]"
99,[-0.9856407  -0.68478984],5,-0.9640276,0.074012265,-6.897544978992942,379,"[2.68087313e-22 2.26207905e-15 8.24551230e-10 1.33858684e-05
 1.05538791e-02 5.93461821e-01 7.65996251e+00 5.68098704e+01
 2.36412906e+02 5.87025458e+02 9.17691273e+02 8.73424477e+02
 5.23841546e+02 2.55146577e+02 1.66597373e+02 1.19801819e+02
 6.73655524e+01 2.41924287e+01 5.14547122e+00 3.30952221e-01
 1.95961196e-03 6.11837920e-07]","[83547.96886933 39938.44376778 65923.18095353 ...  6644.64606524
  7775.29875762  4930.65075396]"
99,[-0.9829875  -0.67469966],5,-0.9640276,0.074012265,-7.5385985886871545,380,"[2.62761092e-18 1.51114258e-12 5.94807858e-08 1.66114867e-04
 3.67690222e-02 9.89274695e-01 9.01805187e+00 5.80946521e+01
 2.46240100e+02 6.21809868e+02 9.74925427e+02 9.61859129e+02
 6.06948882e+02 3.03204181e+02 1.92964177e+02 1.41882905e+02
 7.44825747e+01 2.69213217e+01 5.98726181e+00 4.64999085e-01
 5.31468926e-03 5.18988068e-06]","[83547.96886933 39938.44376778 65923.18095353 ...  5947.58865
  7397.01239929 55476.68464114]"
99,[-0.98290384 -0.6813195 ],5,-0.9640276,0.074012265,-8.514660336718814,381,"[6.11371863e-19 1.00229899e-12 7.85851580e-08 3.08460136e-04
 7.26907269e-02 2.23407447e+00 2.42367795e+01 1.27186400e+02
 3.62616881e+02 6.59571632e+02 8.99404509e+02 8.84906104e+02
 6.03392396e+02 2.96944969e+02 1.30434998e+02 6.22986742e+01
 2.75887436e+01 9.32303824e+00 2.05544521e+00 1.58241205e-01
 1.34719095e-03 6.79327638e-07]","[83547.96886933 39938.44376778 65923.18095353 ...  6415.1501594
 63704.29677392  5325.60906776]"
99,[-0.989569  -0.6824651],5,-0.9640276,0.074012265,-10.529291900784678,382,"[2.84821625e-22 2.04217137e-15 6.96128979e-10 1.16202615e-05
 1.04127620e-02 7.60990797e-01 1.23827308e+01 8.23415727e+01
 2.95424804e+02 6.08413124e+02 7.55357796e+02 6.19219477e+02
 3.40306485e+02 1.68548377e+02 1.18802191e+02 8.74303638e+01
 4.99984946e+01 2.00774667e+01 5.37987746e+00 7.48033844e-01
 2.96332880e-02 1.18610645e-04]","[83547.96886933 39938.44376778 65923.18095353 ...  7241.18372875
  6430.65479243  6858.638576  ]"
99,[-0.98734576 -0.6488202 ],5,-0.9640276,-0.11569941,-6.427895885317062,383,"[6.37233754e-22 1.42985242e-15 2.16163445e-10 2.25977947e-06
 1.77367537e-03 1.50822582e-01 3.24926503e+00 2.82801016e+01
 1.34820769e+02 3.94772808e+02 7.14027098e+02 7.87988830e+02
 5.49859613e+02 3.05997220e+02 1.99427512e+02 1.43889575e+02
 7.76993707e+01 2.98615862e+01 7.76928056e+00 1.16125474e+00
 6.91979628e-02 6.83611911e-04]","[83547.96886933 39938.44376778 65923.18095353 ...  5233.62234848
  5622.75744973  6683.27822535]"
99,[-0.9846043 -0.6641913],5,-0.9640276,-0.11569941,-12.272145384449837,384,"[7.79959469e-21 2.59375744e-14 4.62507173e-09 4.55839022e-05
 2.71692125e-02 1.43322705e+00 1.85161927e+01 1.25882617e+02
 4.74038248e+02 1.01164716e+03 1.27826130e+03 1.02308380e+03
 5.75933731e+02 3.41142728e+02 2.94425182e+02 2.34783834e+02
 1.29748051e+02 4.77570265e+01 1.07034149e+01 1.77675045e+00
 9.28015424e-02 4.62256778e-04]","[83547.96886933 39938.44376778 65923.18095353 ...  5610.23954417
  5845.56943368  4285.33248853]"
99,[-0.9875965  -0.68816817],5,-0.9640276,0.074012265,-8.743023444651929,385,"[4.42753191e-21 1.73463781e-14 3.12418082e-09 2.68962804e-05
 1.29276399e-02 7.06591562e-01 1.18776479e+01 8.36838719e+01
 2.88790941e+02 5.97539076e+02 7.77420990e+02 6.46104541e+02
 3.66639531e+02 1.86774581e+02 1.22622009e+02 8.26111511e+01
 4.76304862e+01 1.97031561e+01 4.65838592e+00 3.38761623e-01
 2.48561984e-03 1.03139395e-06]","[83547.96886933 39938.44376778 65923.18095353 ...  6182.70174344
  5730.21965636  7262.03972215]"
99,[-0.98619235 -0.6824255 ],5,-0.9640276,0.074012265,-7.005231336727793,386,"[1.95816708e-19 3.24540269e-13 2.82297503e-08 1.33629829e-04
 3.83337460e-02 1.05076100e+00 1.01965385e+01 7.28495293e+01
 2.83846512e+02 6.36541350e+02 8.92889960e+02 8.05460685e+02
 4.91017135e+02 2.47123222e+02 1.58124130e+02 1.07142453e+02
 5.37560737e+01 1.87354735e+01 4.88067881e+00 7.95269415e-01
 4.14244392e-02 2.35726795e-04]","[83547.96886933 39938.44376778 65923.18095353 ...  6223.49059117
  6707.09600461 62742.172704  ]"
99,[-0.9873792 -0.6490035],5,-0.9640276,-0.11569941,-9.956426887086337,387,"[3.36329750e-35 5.64438627e-26 3.81383225e-18 1.04914584e-11
 1.19851749e-06 5.92984321e-03 1.44645223e+00 2.99135895e+01
 1.63065086e+02 4.46290386e+02 7.38831990e+02 7.42128171e+02
 4.75819396e+02 2.52654093e+02 1.85001567e+02 1.46384639e+02
 8.05278868e+01 2.82810993e+01 7.73517361e+00 1.40815359e+00
 6.95123738e-02 2.79875455e-04]","[83547.96886933 39938.44376778 65923.18095353 ... 74641.44027047
  5537.05171172 54401.7723011 ]"
99,[-0.9869111  -0.65323895],5,-0.9640276,-0.11569941,-7.741982788544176,388,"[7.52042165e-24 8.00784663e-17 4.32387798e-11 1.21205017e-06
 1.87540447e-03 2.09802897e-01 4.32534196e+00 3.72713237e+01
 1.68396079e+02 4.54924502e+02 7.63998269e+02 7.80721581e+02
 5.23695491e+02 3.09234370e+02 2.29755404e+02 1.71833898e+02
 1.01069299e+02 3.99705354e+01 8.97555787e+00 7.13728275e-01
 7.05349226e-03 4.50631392e-06]","[83547.96886933 39938.44376778 65923.18095353 ... 61904.52535391
  5283.82943845  6851.02760925]"
99,[-0.9861088  -0.62765527],5,-0.9640276,-0.11569941,-8.868036089070834,389,"[2.62900602e-29 2.39395772e-21 1.15285597e-14 2.97643799e-09
 4.22750548e-05 3.51946720e-02 2.18203177e+00 2.34501640e+01
 1.24043764e+02 4.07679558e+02 8.05070981e+02 9.35678106e+02
 6.48320842e+02 3.49555693e+02 2.36794585e+02 1.72547182e+02
 8.82300780e+01 2.88556928e+01 6.18155388e+00 5.06754576e-01
 5.13199222e-03 3.49356296e-06]","[83547.96886933 39938.44376778 65923.18095353 ... 58425.92839762
  5573.66068005 64034.54925936]"
99,[-0.98659354 -0.64460725],5,-0.9640276,-0.11569941,-7.024606317547066,390,"[9.81874753e-18 3.84264998e-12 1.03769961e-07 2.01977718e-04
 3.30902774e-02 8.25737146e-01 8.67884754e+00 5.48680092e+01
 2.11085994e+02 5.22352649e+02 8.01292000e+02 7.80329217e+02
 5.12524482e+02 3.07879392e+02 2.21275295e+02 1.50727072e+02
 8.33541098e+01 3.51715716e+01 8.70775915e+00 1.09574724e+00
 5.31662478e-02 4.28061608e-04]","[83547.96886933 39938.44376778 65923.18095353 ...  6069.92396506
  5149.43346788  6756.97719106]"
99,[-0.98256975 -0.6622736 ],5,-0.9640276,-0.11569941,-6.818203472794889,391,"[1.65994337e-28 7.36708512e-20 7.75795432e-13 1.98651434e-07
 1.30733080e-03 2.74881058e-01 5.68115013e+00 4.63660979e+01
 1.98965150e+02 5.23314416e+02 9.46034754e+02 1.09755056e+03
 7.82468160e+02 3.71884824e+02 1.61795912e+02 8.71465840e+01
 4.49770769e+01 1.66517194e+01 3.43104109e+00 2.17318886e-01
 9.21489056e-04 1.17454807e-07]","[83547.96886933 39938.44376778 65923.18095353 ...  6586.62019361
 64653.10233299  6664.72360774]"
99,[-0.9841028 -0.638563 ],5,-0.9640276,-0.11569941,-5.782797812017125,392,"[1.45313010e-36 8.00450181e-27 1.25364041e-18 5.65701490e-12
 7.53852028e-07 3.14690541e-03 5.34987027e-01 1.19111991e+01
 1.00386280e+02 4.17815460e+02 8.97073421e+02 1.02543045e+03
 6.83709447e+02 3.41633808e+02 2.30292872e+02 1.71759982e+02
 9.51180414e+01 3.21337200e+01 6.31507332e+00 8.85903580e-01
 4.38817655e-02 1.47653926e-04]","[83547.96886933 39938.44376778 65923.18095353 ...  5657.20874513
  6577.04553632  5517.21617294]"
99,[-0.98648024 -0.6899178 ],5,-0.9640276,0.074012265,-7.543735295203048,393,"[1.23875737e-18 1.59611034e-12 1.07279962e-07 3.92815955e-04
 9.22786590e-02 2.74295819e+00 2.52853757e+01 1.06669220e+02
 2.84708627e+02 5.30281174e+02 7.31174615e+02 7.16873349e+02
 4.74989261e+02 2.35818735e+02 1.22432637e+02 7.52851278e+01
 4.00685784e+01 1.45459441e+01 2.80437788e+00 1.97798777e-01
 2.00250780e-03 1.38017115e-06]","[83547.96886933 39938.44376778 65923.18095353 ... 63382.03540197
 43252.33173305  5949.09874401]"
99,[-0.9842467  -0.67234224],5,-0.9640276,0.074012265,-6.50602809861474,394,"[1.80209447e-19 2.84426655e-13 2.28900578e-08 9.77103765e-05
 2.51976298e-02 6.98697157e-01 7.72341559e+00 5.45969574e+01
 2.23154228e+02 5.91919564e+02 9.58546869e+02 9.33931585e+02
 5.86394511e+02 3.02483856e+02 1.90506155e+02 1.37498318e+02
 7.47760171e+01 2.90076554e+01 7.75403758e+00 1.06113800e+00
 4.76052917e-02 2.71089351e-04]","[83547.96886933 39938.44376778 65923.18095353 ...  5235.58737454
  8412.98221075  5362.63456969]"
99,[-0.9888669 -0.6627549],5,-0.9640276,-0.11569941,-9.326567798861703,395,"[5.63715352e-21 9.95689279e-15 1.32962769e-09 1.37112795e-05
 1.14761508e-02 9.20369072e-01 1.23732513e+01 6.81948075e+01
 2.33548266e+02 5.21999462e+02 7.77179407e+02 7.51507565e+02
 4.92926146e+02 2.77568040e+02 1.99780971e+02 1.51114367e+02
 8.81877404e+01 3.66197367e+01 9.23679099e+00 1.24844449e+00
 6.88143812e-02 7.18275044e-04]","[83547.96886933 39938.44376778 65923.18095353 ...  6387.71170675
  7077.22174542 57627.81144985]"
99,[-0.98654336 -0.62753975],5,-0.9640276,-0.11569941,-11.395787134113366,396,"[1.61720746e-20 1.79929095e-14 1.65370359e-09 1.28301063e-05
 8.86582298e-03 6.57048442e-01 9.31285131e+00 5.49610880e+01
 2.01550261e+02 4.89104812e+02 7.61796176e+02 7.79526296e+02
 5.41291420e+02 3.08168284e+02 2.02938042e+02 1.48266541e+02
 9.33167391e+01 4.31606401e+01 1.13518823e+01 1.80183051e+00
 1.27405087e-01 1.54764600e-03]","[83547.96886933 39938.44376778 65923.18095353 ...  5110.9018487
  6029.94697291  5083.83390967]"
99,[-0.98520607 -0.6769784 ],5,-0.9640276,0.074012265,-7.458985292652183,397,"[1.50205188e-27 2.57953218e-19 1.37857352e-12 2.34431260e-07
 1.33388972e-03 3.08941123e-01 7.46492719e+00 5.93911366e+01
 2.42866815e+02 6.07801130e+02 8.74917256e+02 7.66091889e+02
 4.18147813e+02 1.85044978e+02 1.16738153e+02 8.47895110e+01
 4.23252898e+01 1.45538186e+01 2.66031786e+00 1.55262789e-01
 8.53277128e-04 1.89070649e-07]","[83547.96886933 39938.44376778 65923.18095353 ...  6296.23687967
  5780.36063699  7331.69628919]"
99,[-0.98721206 -0.62549883],5,-0.9640276,-0.11569941,-9.042873238927454,398,"[3.42990560e-22 9.96289071e-16 1.83042239e-10 2.18129208e-06
 1.81312585e-03 1.44996184e-01 2.90766949e+00 3.07157329e+01
 1.60502345e+02 4.62351227e+02 7.99205732e+02 8.26721289e+02
 5.50165355e+02 3.14415906e+02 2.29111223e+02 1.72714604e+02
 9.25234816e+01 3.10985770e+01 6.13804399e+00 4.84950514e-01
 6.02792194e-03 6.13506736e-06]","[83547.96886933 39938.44376778 65923.18095353 ...  7462.33275428
  4596.19518054  6293.68391011]"
99,[-0.9871346 -0.6792286],5,-0.9640276,0.074012265,-6.267462824369947,399,"[1.72165732e-21 4.66028940e-15 8.78596539e-10 1.17826404e-05
 1.17991195e-02 1.03480808e+00 1.38989797e+01 7.46202356e+01
 2.49236562e+02 5.16326654e+02 6.96945242e+02 6.35503362e+02
 3.94886066e+02 2.06188779e+02 1.17478463e+02 7.75483890e+01
 4.21047876e+01 1.44882128e+01 3.52840370e+00 7.11504176e-01
 5.34478016e-02 5.16487697e-04]","[83547.96886933 39938.44376778 65923.18095353 ...  4444.63712787
  5377.51857458 73224.28262481]"
99,[-0.98672396 -0.63396627],5,-0.9640276,-0.11569941,-7.881389812888297,400,"[2.61374562e-36 1.60347156e-26 2.61474864e-18 1.14929682e-11
 1.39770407e-06 5.00480166e-03 6.90933604e-01 1.23018857e+01
 8.72090848e+01 3.43063635e+02 7.52875146e+02 8.72599156e+02
 5.62103738e+02 2.60648745e+02 1.60007896e+02 1.18162411e+02
 6.21978565e+01 1.80423851e+01 2.71841396e+00 1.47636349e-01
 6.84554797e-04 1.10074274e-07]","[83547.96886933 39938.44376778 65923.18095353 ... 56516.19206538
  5225.08954004 56890.00767337]"
99,[-0.9842056 -0.6804265],5,-0.9640276,0.074012265,-6.910699127689855,401,"[1.49865978e-29 7.14406691e-21 8.58775569e-14 2.66444331e-08
 2.26976609e-04 7.77573934e-02 4.33326421e+00 5.04208487e+01
 2.38988829e+02 6.65723751e+02 1.03837939e+03 9.47791657e+02
 5.23671180e+02 2.41034436e+02 1.60165284e+02 1.10894120e+02
 5.59091482e+01 1.66855025e+01 2.63738880e+00 1.45364734e-01
 6.32754344e-04 8.94096659e-08]","[83547.96886933 39938.44376778 65923.18095353 ...  6839.92084463
  6654.67543324  5535.17164548]"
99,[-0.9850055  -0.67121726],5,-0.9640276,0.074012265,-10.058344501568834,402,"[5.89827761e-31 5.95332511e-22 1.58734223e-14 1.13943594e-08
 2.28887956e-04 1.43956993e-01 4.92178694e+00 4.46575634e+01
 2.47747980e+02 7.02807054e+02 1.07566603e+03 9.66186259e+02
 5.07730266e+02 2.10204455e+02 1.49654934e+02 1.45635582e+02
 9.95375983e+01 4.23991817e+01 1.24968898e+01 2.36493287e+00
 1.15137636e-01 3.24601864e-04]","[83547.96886933 39938.44376778 65923.18095353 ...  2009.98704165
  6949.72692818 64607.66421264]"
99,[-0.98383725 -0.6662381 ],5,-0.9640276,-0.11569941,-6.3621520220981225,403,"[3.44562240e-27 7.26014750e-19 3.98765995e-12 5.85822668e-07
 2.44789092e-03 3.85066815e-01 8.14594485e+00 6.24987457e+01
 2.51949113e+02 6.08787844e+02 9.09687627e+02 9.16614851e+02
 6.25559502e+02 3.04935895e+02 1.56913901e+02 1.00212366e+02
 4.80340858e+01 1.59536633e+01 2.89719743e+00 1.72164892e-01
 8.88136470e-04 1.55504444e-07]","[83547.96886933 39938.44376778 65923.18095353 ...  6245.70088067
 54453.5130429   5789.55878447]"
99,[-0.9862759 -0.6195634],5,-0.9640276,-0.11569941,-7.648656635857309,404,"[5.10820450e-32 1.65637884e-23 2.43358928e-16 1.64121905e-10
 5.20671549e-06 8.28053541e-03 8.73462482e-01 1.58319173e+01
 1.02036508e+02 3.51794313e+02 7.29551187e+02 8.51430391e+02
 6.01976190e+02 3.33228530e+02 2.36951121e+02 1.87933942e+02
 1.02559625e+02 3.53104965e+01 6.86626655e+00 8.86693516e-01
 4.85386293e-02 2.75754484e-04]","[83547.96886933 39938.44376778 65923.18095353 ... 62084.68015703
  4929.09453581  6615.87862932]"
99,[-0.9853231  -0.69084203],5,-0.9640276,0.074012265,-5.403900542525105,405,"[1.26657329e-19 2.81771783e-13 2.80726914e-08 1.30985390e-04
 3.41108669e-02 1.09040343e+00 1.30435110e+01 8.33565644e+01
 3.00792215e+02 6.36687132e+02 8.46191700e+02 7.11936974e+02
 3.92210908e+02 2.03191950e+02 1.54098969e+02 1.15941730e+02
 6.14653468e+01 2.29707802e+01 6.11284838e+00 1.40451007e+00
 9.89335900e-02 5.78307049e-04]","[83547.96886933 39938.44376778 65923.18095353 ...  7216.86271512
  6388.55572048  5603.34461343]"
99,[-0.9868944 -0.6773446],5,-0.9640276,0.074012265,-8.195184710442748,406,"[1.70301300e-26 7.65631839e-19 1.66571279e-12 1.78477363e-07
 9.76202159e-04 3.01518544e-01 7.83341935e+00 5.13171334e+01
 2.12560531e+02 5.49214390e+02 8.43803794e+02 8.03690254e+02
 4.95538584e+02 2.26400206e+02 1.32038541e+02 9.86548789e+01
 5.63613308e+01 2.17671469e+01 4.40202626e+00 6.59788090e-01
 3.69221865e-02 1.89286100e-04]","[83547.96886933 39938.44376778 65923.18095353 ...  5711.59347417
  6140.16401954 52090.37684129]"
99,[-0.98648024 -0.67100674],5,-0.9640276,0.074012265,-8.5691687508395,407,"[4.70453622e-39 3.67139932e-28 4.39611264e-19 8.20597262e-12
 2.46184332e-06 1.27603512e-02 1.56181702e+00 2.19115828e+01
 1.36662650e+02 4.36501570e+02 7.46700728e+02 6.94059199e+02
 3.63329263e+02 1.58063479e+02 1.08178265e+02 7.52346194e+01
 3.88630338e+01 1.12225103e+01 2.20130284e+00 1.55816319e-01
 4.95851185e-04 3.11209242e-08]","[83547.96886933 39938.44376778 65923.18095353 ...  6270.48026465
  3980.4605522   6731.76873604]"
99,[-0.98411953 -0.6905381 ],5,-0.9640276,0.074012265,-10.608916266200884,408,"[5.20483867e-24 2.68297301e-16 3.45481090e-10 1.15274130e-05
 1.11357087e-02 5.75682981e-01 8.87792252e+00 7.66501309e+01
 3.08211831e+02 7.35565992e+02 1.05053464e+03 8.91551919e+02
 4.89280871e+02 2.48059246e+02 1.80656673e+02 1.24542565e+02
 5.83593826e+01 1.94954005e+01 4.38084441e+00 2.62904984e-01
 8.95577132e-04 9.26975206e-08]","[83547.96886933 39938.44376778 65923.18095353 ... 60129.37254213
  6564.72908402 47979.50463811]"
99,[-0.9872988 -0.7170854],5,-0.9640276,0.074012265,-8.470629333448878,409,"[6.19947989e-26 1.31100286e-17 5.78282106e-11 5.49608096e-06
 1.22813431e-02 1.01482038e+00 1.48023504e+01 9.89836750e+01
 3.39126661e+02 6.52556767e+02 7.76184153e+02 5.88688156e+02
 2.95431612e+02 1.40715636e+02 1.11170736e+02 7.60342334e+01
 3.33376558e+01 1.03649270e+01 1.91596383e+00 9.41649531e-02
 2.42376461e-04 1.59913453e-08]","[83547.96886933 39938.44376778 65923.18095353 ...  6571.08240455
  5466.28623654  5496.17469045]"
99,[-0.9860586 -0.6207037],5,-0.9640276,-0.11569941,-4.869019468707608,410,"[3.01369369e-45 1.24541471e-33 9.61865233e-24 1.40319008e-15
 3.93937024e-09 2.20904592e-04 2.72216318e-01 1.15350500e+01
 8.97537184e+01 3.51854103e+02 7.35746240e+02 8.30029233e+02
 5.58374087e+02 3.02931000e+02 2.18995787e+02 1.55400596e+02
 7.43217208e+01 2.33601687e+01 4.86111852e+00 3.66383583e-01
 1.61892335e-03 1.74729933e-07]","[83547.96886933 39938.44376778 65923.18095353 ...  5356.88600444
  5680.741554    6496.00247781]"
99,[-0.98498577 -0.70086485],5,-0.9640276,0.074012265,-5.490832333168681,411,"[5.64202639e-20 1.62095527e-13 1.98641457e-08 1.08307697e-04
 3.05145333e-02 9.03992288e-01 1.12534428e+01 7.95149381e+01
 3.00626531e+02 6.96843475e+02 9.44936134e+02 7.93364047e+02
 4.47062309e+02 2.24106815e+02 1.50796164e+02 1.06175139e+02
 5.47720942e+01 1.90879629e+01 4.95007043e+00 8.26317511e-01
 4.26891984e-02 2.02614077e-04]","[83547.96886933 39938.44376778 65923.18095353 ...  4876.1835249
  6063.02073722 53357.63055321]"
99,[-0.9869019 -0.6991698],5,-0.9640276,0.074012265,-9.09876271460672,412,"[3.72451598e-15 2.70632418e-10 2.04429286e-06 1.69841809e-03
 1.89517450e-01 4.72933269e+00 4.20770334e+01 1.72691078e+02
 4.10776124e+02 6.51640644e+02 7.31701000e+02 5.72497251e+02
 3.43788754e+02 1.94897774e+02 1.26299604e+02 7.65502984e+01
 3.73890550e+01 1.44630645e+01 4.50704464e+00 8.61831166e-01
 6.12656764e-02 8.65222609e-04]","[83547.96886933 39938.44376778 65923.18095353 ...  6361.84886957
  6531.25530883  5914.25012278]"
99,[-0.9830998 -0.5880535],5,-0.9640276,-0.11569941,-7.781791322026411,413,"[3.13972538e-34 9.06172305e-25 7.31170616e-17 1.67424022e-10
 1.11931389e-05 2.34012273e-02 2.04807015e+00 2.59151389e+01
 1.59773569e+02 5.54797236e+02 1.07283437e+03 1.17268976e+03
 7.81209019e+02 4.98852569e+02 4.55590931e+02 3.72041323e+02
 1.90981797e+02 6.17277245e+01 1.23941572e+01 1.37582013e+00
 5.71646756e-02 2.18969308e-04]","[83547.96886933 39938.44376778 65923.18095353 ... 73490.68443634
  5401.11174285  4880.82966843]"
99,[-0.9887222 -0.6560782],5,-0.9640276,-0.11569941,-7.318883379236744,414,"[1.74351874e-20 8.66025694e-14 1.57231163e-08 1.09075227e-04
 3.42562783e-02 1.10966390e+00 1.15353802e+01 5.73954094e+01
 1.80938752e+02 4.03981430e+02 6.37566415e+02 7.01518613e+02
 4.98128851e+02 2.78628555e+02 1.79530826e+02 1.27621014e+02
 6.86372947e+01 2.35615715e+01 5.55053711e+00 8.97928310e-01
 4.79643969e-02 2.13591389e-04]","[83547.96886933 39938.44376778 65923.18095353 ... 76688.97451112
 41303.00122564  7083.45816075]"
99,[-0.98732907 -0.6187302 ],5,-0.9640276,-0.11569941,-8.750723420694687,415,"[4.26811103e-46 1.91807345e-33 7.23061541e-23 2.32146179e-14
 6.53398768e-08 1.72273745e-03 5.58389306e-01 1.31079737e+01
 1.05969031e+02 4.18291064e+02 8.49908752e+02 8.75952029e+02
 5.11678487e+02 2.55906683e+02 2.37407115e+02 2.10523886e+02
 1.12662697e+02 3.57579672e+01 6.13931850e+00 3.01110220e-01
 4.31039539e-04 6.69349642e-09]","[83547.96886933 39938.44376778 65923.18095353 ...  6167.2128649
  5387.35756263  7939.25809186]"
99,[-0.9860586  -0.66096634],5,-0.9640276,-0.11569941,-8.0054959553371,416,"[1.02978025e-23 1.53635004e-16 1.09866325e-10 3.85224576e-06
 6.98001507e-03 7.92200679e-01 1.21278878e+01 7.38050368e+01
 2.64149464e+02 5.91628746e+02 8.27270187e+02 7.35375134e+02
 4.55653947e+02 2.59128691e+02 1.93777222e+02 1.47707392e+02
 8.43126532e+01 3.22048810e+01 8.42390030e+00 1.22357007e+00
 6.22894857e-02 4.13306166e-04]","[83547.96886933 39938.44376778 65923.18095353 ... 59935.365958
  5284.94951726  6987.26116217]"
99,[-0.98772806 -0.67951643],5,-0.9640276,0.074012265,-8.488824641161703,417,"[4.23528269e-31 5.83755882e-22 1.88899284e-14 1.46439161e-08
 2.83712784e-04 1.57155938e-01 5.11816205e+00 4.32422187e+01
 1.64809533e+02 3.72017270e+02 5.72885987e+02 6.21045948e+02
 4.43570691e+02 2.07352644e+02 9.24753553e+01 5.03679621e+01
 2.08088463e+01 4.82513633e+00 9.01651334e-01 5.98030380e-02
 2.19080900e-04 2.33995082e-08]","[83547.96886933 39938.44376778 65923.18095353 ...  7986.58048453
 56999.5073062   6251.8823528 ]"
99,[-0.98806524 -0.6825572 ],5,-0.9640276,0.074012265,-7.098926233621548,418,"[6.14297237e-28 7.28096847e-20 3.18760980e-13 5.25814797e-08
 3.41289388e-04 1.01578498e-01 2.85767565e+00 2.62536307e+01
 1.35620796e+02 4.26048142e+02 7.31096272e+02 7.14015873e+02
 4.12931469e+02 1.90348867e+02 1.19772074e+02 8.94647385e+01
 4.88903808e+01 1.67678148e+01 3.31221811e+00 2.19550336e-01
 1.38488631e-03 4.10366479e-07]","[83547.96886933 39938.44376778 65923.18095353 ...  6980.07230147
  5062.55254124  6815.25604254]"
99,[-0.9862258 -0.6687912],5,-0.9640276,-0.11569941,-8.033642857438492,419,"[6.96156452e-27 7.46711365e-19 2.62683088e-12 3.10149483e-07
 1.29629574e-03 2.37779301e-01 5.14795585e+00 4.18474295e+01
 1.97141041e+02 5.58847819e+02 9.02229333e+02 8.80643473e+02
 5.27258701e+02 2.81975196e+02 2.22675627e+02 1.67196072e+02
 8.97947331e+01 3.16151633e+01 7.57328891e+00 1.07844675e+00
 5.12669767e-02 2.13763797e-04]","[83547.96886933 39938.44376778 65923.18095353 ...  5158.49382208
  5821.66635257  5370.67211649]"
99,[-0.9854568 -0.6847238],5,-0.9640276,0.074012265,-7.453729246848606,420,"[2.42381935e-32 4.80838783e-23 2.22695674e-15 2.45440230e-09
 6.70035045e-05 5.19210044e-02 2.50654502e+00 3.13969078e+01
 1.60934001e+02 4.58099326e+02 7.86271152e+02 7.66961265e+02
 4.46366000e+02 1.95259798e+02 1.26551319e+02 1.09433617e+02
 5.91193441e+01 2.03069031e+01 4.28997068e+00 2.66205692e-01
 1.03732574e-03 1.19646803e-07]","[83547.96886933 39938.44376778 65923.18095353 ... 67131.08717662
  5814.14405831  5373.50594406]"
99,[-0.98602515 -0.6509034 ],5,-0.9640276,-0.11569941,-7.417974158021883,421,"[3.01618244e-29 1.34720493e-20 1.55726709e-13 4.76467463e-08
 4.06264265e-04 1.20206215e-01 3.75344180e+00 3.83440473e+01
 1.97025927e+02 5.80858777e+02 9.44998427e+02 9.18275182e+02
 5.60642847e+02 3.12832347e+02 2.33786553e+02 1.74587097e+02
 9.15878756e+01 2.71989570e+01 4.92924331e+00 7.61034220e-01
 3.64838543e-02 9.71463622e-05]","[83547.96886933 39938.44376778 65923.18095353 ...  5867.83964302
  6553.39445582 70180.20767857]"
99,[-0.98640966 -0.655773  ],5,-0.9640276,-0.11569941,-6.443892895269275,422,"[1.95954113e-20 1.78433589e-14 1.37250652e-09 9.13241155e-06
 5.62463982e-03 4.15520019e-01 7.14085685e+00 4.89776495e+01
 1.87086280e+02 4.58413939e+02 7.05480396e+02 7.07440769e+02
 4.85722318e+02 2.55945134e+02 1.50190810e+02 1.05148089e+02
 5.69059020e+01 2.12757172e+01 5.20939933e+00 8.83055246e-01
 6.82287341e-02 9.03863229e-04]","[83547.96886933 39938.44376778 65923.18095353 ...  7513.23281917
  5662.93173207 61913.10792907]"
99,[-0.98640966 -0.6668477 ],5,-0.9640276,-0.11569941,-10.77273259569288,423,"[1.61517669e-31 3.49053192e-22 1.46891286e-14 1.23107819e-08
 2.15972475e-04 9.73879746e-02 3.73746349e+00 4.44792967e+01
 2.28906674e+02 6.27932524e+02 9.91206292e+02 8.87085458e+02
 4.75045465e+02 2.24429245e+02 1.79576892e+02 1.34222804e+02
 6.18317924e+01 2.06967714e+01 5.22008762e+00 8.42969133e-01
 3.59888363e-02 7.08799825e-05]","[83547.96886933 39938.44376778 65923.18095353 ...  6699.81329083
  5838.09369502  5466.25827179]"
99,[-0.98541003 -0.63814986],5,-0.9640276,-0.11569941,-7.625313612446989,424,"[2.60061547e-24 1.92972842e-17 8.96195811e-12 2.65686328e-07
 5.27926820e-04 8.49424663e-02 2.21048442e+00 2.31457100e+01
 1.30767162e+02 4.18116292e+02 7.83933280e+02 8.64633393e+02
 5.95630261e+02 3.15306533e+02 2.05183099e+02 1.53644366e+02
 8.40802070e+01 2.75553721e+01 5.83125356e+00 8.73628661e-01
 5.09491057e-02 4.01171895e-04]","[83547.96886933 39938.44376778 65923.18095353 ... 68855.37507268
  5532.04939134 67814.15966738]"
99,[-0.97764724 -0.68338645],5,-0.9640276,0.074012265,-10.01687985332895,425,"[3.42113512e-37 4.40240889e-26 5.11042350e-17 5.47604798e-10
 5.68948777e-05 6.76113526e-02 3.12234027e+00 4.10330036e+01
 2.22137682e+02 6.34642706e+02 1.14054011e+03 1.23571099e+03
 8.06754101e+02 3.20848374e+02 1.32581719e+02 7.31742930e+01
 3.35527222e+01 9.47136999e+00 7.17691806e-01 1.65027519e-03
 4.48395653e-08 1.24334871e-14]","[83547.96886933 39938.44376778 65923.18095353 ...  5094.59980689
 69541.4563044  56324.10534705]"
99,[-0.9899535 -0.6969015],5,-0.9640276,0.074012265,-7.6584026817881705,426,"[6.74248675e-28 5.14289084e-19 6.08323370e-12 1.15358868e-06
 3.80255109e-03 3.02737724e-01 3.36615494e+00 3.98966697e+01
 1.92158170e+02 5.00297734e+02 7.01988684e+02 5.66125406e+02
 2.94096993e+02 1.14434582e+02 6.67209716e+01 4.88248437e+01
 2.36760499e+01 7.00856005e+00 1.07969170e+00 4.41683606e-02
 8.02269696e-05 2.79885097e-09]","[83547.96886933 39938.44376778 65923.18095353 ...  4566.87539724
  5033.01936765 60908.43574003]"
99,[-0.98469836 -0.6860658 ],5,-0.9640276,0.074012265,-8.078899105399945,427,"[4.44196929e-22 5.19764553e-15 2.05720469e-09 2.85525158e-05
 1.53130890e-02 4.87928569e-01 5.49283731e+00 5.34870700e+01
 2.32511099e+02 5.82218206e+02 8.76072194e+02 8.02035708e+02
 4.58727775e+02 2.12639492e+02 1.21977780e+02 8.43694158e+01
 4.29979158e+01 1.28770285e+01 2.26500230e+00 1.39325540e-01
 7.63470263e-04 1.77309690e-07]","[83547.96886933 39938.44376778 65923.18095353 ... 66344.38173124
  6406.84044679  6265.44820051]"
99,[-0.98447055 -0.6597012 ],5,-0.9640276,-0.11569941,-6.387456557057665,428,"[4.52954717e-23 2.93583862e-16 1.13510301e-10 2.67393054e-06
 4.03455423e-03 4.67440948e-01 8.12934307e+00 5.53043327e+01
 2.23666722e+02 5.73435347e+02 9.14922213e+02 9.28284345e+02
 6.21955183e+02 3.42515013e+02 2.31872132e+02 1.75132578e+02
 1.03484235e+02 4.37846163e+01 1.27898952e+01 1.64481006e+00
 6.37246128e-02 4.45874489e-04]","[83547.96886933 39938.44376778 65923.18095353 ...  6230.14801448
  7325.91411251  5905.68156611]"
99,[-0.9855906 -0.6328835],5,-0.9640276,-0.11569941,-7.443703317815219,429,"[2.84477138e-27 2.43334378e-19 7.92546724e-13 1.00328705e-07
 5.16799968e-04 1.28332240e-01 3.38668372e+00 3.44631432e+01
 1.83378827e+02 5.09275149e+02 8.55602924e+02 8.93852267e+02
 5.78448623e+02 3.10532155e+02 2.34259637e+02 1.82223138e+02
 1.00174512e+02 3.55186439e+01 7.13479763e+00 4.55904165e-01
 2.70990544e-03 7.70540119e-07]","[83547.96886933 39938.44376778 65923.18095353 ...  6598.54034735
  5663.85771124  5724.67484528]"
99,[-0.98773026 -0.62509215],5,-0.9640276,-0.11569941,-7.253344791959308,430,"[4.45111575e-26 1.33312599e-18 1.79472434e-12 1.11001987e-07
 3.34243856e-04 6.46413412e-02 2.11253265e+00 2.25007518e+01
 1.21189358e+02 3.96232669e+02 7.32580517e+02 7.81405694e+02
 5.07617117e+02 2.72463256e+02 1.97692655e+02 1.44856220e+02
 7.72934454e+01 2.53681137e+01 4.51841021e+00 2.81859535e-01
 2.02046589e-03 8.29711019e-07]","[83547.96886933 39938.44376778 65923.18095353 ...  5817.75152566
  5674.92613117  7252.32891603]"
99,[-0.97775924 -0.6893126 ],5,-0.9640276,0.074012265,-10.220196386954013,431,"[1.79341462e-23 6.28447822e-16 5.91207924e-10 1.55243366e-05
 1.32168283e-02 8.73917972e-01 1.55063337e+01 1.07809412e+02
 4.07246710e+02 9.38163359e+02 1.45486862e+03 1.43835943e+03
 9.20426517e+02 4.27465366e+02 2.15826932e+02 1.33322270e+02
 6.57931559e+01 2.51123941e+01 7.29484412e+00 1.46213800e+00
 7.21797255e-02 1.95511961e-04]","[83547.96886933 39938.44376778 65923.18095353 ...  6822.38300347
 62191.01523748 62377.67884934]"
99,[-0.9891328  -0.68826324],5,-0.9640276,0.074012265,-7.721650851894731,432,"[5.66913226e-26 2.74741537e-18 5.40497264e-12 4.40960236e-07
 1.56470233e-03 2.85870893e-01 5.65778648e+00 4.17886797e+01
 1.84371034e+02 4.83856496e+02 7.34633141e+02 6.69017056e+02
 3.81699163e+02 1.98929573e+02 1.52583296e+02 1.11452107e+02
 5.55470272e+01 1.95549434e+01 4.10062055e+00 2.76555389e-01
 1.83350630e-03 6.20164202e-07]","[83547.96886933 39938.44376778 65923.18095353 ...  4947.44318673
  4894.83172215  7271.11346562]"
99,[-0.9878807 -0.6834299],5,-0.9640276,0.074012265,-6.810116626660306,433,"[2.59909460e-21 8.73517185e-15 1.58858881e-09 1.61002707e-05
 9.89009162e-03 5.21602059e-01 6.58509520e+00 4.84853350e+01
 2.04785093e+02 4.88504919e+02 7.26730959e+02 6.97677178e+02
 4.27972009e+02 2.12738741e+02 1.35951630e+02 1.03181836e+02
 5.95806443e+01 2.34982666e+01 6.35838533e+00 8.81336061e-01
 3.70286655e-02 1.90670730e-04]","[83547.96886933 39938.44376778 65923.18095353 ...  5422.16640864
  6054.26473969  6963.59058891]"
99,[-0.98593014 -0.72599995],5,-0.9640276,0.074012265,-7.393732625592186,434,"[7.54143848e-27 2.56728502e-18 1.59854302e-11 1.88296646e-06
 4.61494283e-03 4.10565673e-01 7.35254676e+00 5.75076637e+01
 2.36762181e+02 5.94548812e+02 8.44737091e+02 7.11663704e+02
 3.50574870e+02 1.43933957e+02 9.58623667e+01 6.39717968e+01
 3.38774616e+01 9.50590983e+00 2.28161557e+00 1.39760766e-01
 3.26040229e-04 1.68259621e-08]","[83547.96886933 39938.44376778 65923.18095353 ...  6129.53349887
  7377.33558583  7307.32213025]"
99,[-0.98627234 -0.6112078 ],5,-0.9640276,-0.11569941,-8.803301755890029,435,"[5.57831568e-21 8.66620397e-15 9.79102329e-10 8.23857373e-06
 5.49589729e-03 3.68609058e-01 5.02619517e+00 2.79423412e+01
 9.89055370e+01 2.61295535e+02 5.17212257e+02 7.47856388e+02
 7.12984314e+02 4.47777011e+02 2.14696917e+02 1.08886324e+02
 5.63953489e+01 1.99298093e+01 4.33326888e+00 3.95388742e-01
 5.88555954e-03 8.09799185e-06]","[83547.96886933 39938.44376778 65923.18095353 ... 72898.99604415
 59040.41021852 51984.43323186]"
99,[-0.9852321  -0.68666154],5,-0.9640276,0.074012265,-7.619166073033259,436,"[1.96001900e-22 2.45657912e-15 1.14501144e-09 2.05091961e-05
 1.55258050e-02 7.76821570e-01 9.32963961e+00 6.48094616e+01
 2.68032042e+02 6.41643089e+02 9.22758378e+02 7.92764478e+02
 4.57158280e+02 2.17560623e+02 1.41296088e+02 1.09974076e+02
 6.20198158e+01 2.53338180e+01 5.43978134e+00 7.49245088e-01
 3.64960342e-02 1.37061661e-04]","[83547.96886933 39938.44376778 65923.18095353 ...  6641.42550429
  6465.94790114  6720.76235466]"
99,[-0.9860419  -0.66286963],5,-0.9640276,-0.11569941,-5.8327977596084395,437,"[1.09515174e-22 5.51224690e-16 1.66578963e-10 3.09259704e-06
 3.74921487e-03 3.83673765e-01 7.52994968e+00 5.76958507e+01
 2.32380308e+02 5.68793681e+02 8.80999634e+02 8.56894773e+02
 5.31644495e+02 2.83670770e+02 1.96904125e+02 1.45079249e+02
 7.96214454e+01 2.99599844e+01 8.51859240e+00 1.70506195e+00
 1.21548941e-01 1.07837729e-03]","[83547.96886933 39938.44376778 65923.18095353 ...  5988.41608226
  6203.54905497 56489.33176025]"
99,[-0.98479027 -0.66850543],5,-0.9640276,-0.11569941,-8.605651466330412,438,"[3.51795792e-24 8.25364730e-17 7.97597149e-11 3.25317969e-06
 5.92539999e-03 5.93143242e-01 7.67186701e+00 4.14387246e+01
 1.44980541e+02 3.63735907e+02 6.56234004e+02 7.89726584e+02
 5.86566622e+02 2.84330835e+02 1.16082413e+02 5.09234600e+01
 2.42517476e+01 1.12442733e+01 3.14916438e+00 2.76747479e-01
 2.41426599e-03 1.09497840e-06]","[83547.96886933 39938.44376778 65923.18095353 ...  6544.33861065
 63474.55705252  6745.46658258]"
99,[-0.9876968 -0.6634854],5,-0.9640276,-0.11569941,-4.9131282167931145,439,"[1.88815365e-17 1.12247783e-11 3.79100983e-07 7.59111006e-04
 1.02339444e-01 1.55020311e+00 1.08249656e+01 6.51389963e+01
 2.42927443e+02 5.53037142e+02 7.75766501e+02 7.20767875e+02
 4.60289037e+02 2.45943901e+02 1.57445142e+02 1.05676926e+02
 5.66745536e+01 2.27298937e+01 6.74444188e+00 1.08446952e+00
 5.92292104e-02 4.44350952e-04]","[83547.96886933 39938.44376778 65923.18095353 ...  6963.37146851
  5450.90376682 64387.43307848]"
99,[-0.98651    -0.66737723],5,-0.9640276,-0.11569941,-8.690661526382257,440,"[6.90101107e-28 1.54972339e-19 1.02413972e-12 2.03674298e-07
 1.28066126e-03 3.04779537e-01 6.70407565e+00 5.22125553e+01
 2.15129327e+02 5.25805415e+02 8.00530795e+02 7.33947034e+02
 4.13259149e+02 1.80885962e+02 1.08498951e+02 8.09043088e+01
 4.00125500e+01 1.36749688e+01 3.71027254e+00 3.11555046e-01
 1.77921258e-03 3.73169273e-07]","[83547.96886933 39938.44376778 65923.18095353 ...  6787.09397035
  5495.63357144  5948.96655632]"
99,[-0.9877642  -0.66936594],5,-0.9640276,-0.11569941,-6.267016786400302,441,"[1.75415397e-18 9.19803399e-13 3.36196431e-08 8.89658262e-05
 1.93151651e-02 5.63755095e-01 6.44274098e+00 4.63059433e+01
 1.83024203e+02 4.31450517e+02 6.72334987e+02 6.74461042e+02
 4.37044534e+02 2.23773748e+02 1.25246441e+02 8.49004576e+01
 4.60799736e+01 1.75398586e+01 4.77420224e+00 7.75116491e-01
 4.29818729e-02 3.31326785e-04]","[83547.96886933 39938.44376778 65923.18095353 ...  6258.22174612
  6290.06221872  4727.52706986]"
99,[-0.9855195  -0.69036853],5,-0.9640276,0.074012265,-5.8880316275275275,442,"[3.03536195e-31 6.74792278e-22 2.84427442e-14 2.32567619e-08
 3.87802724e-04 1.58881383e-01 4.77645642e+00 4.96637287e+01
 2.47967327e+02 6.60112952e+02 1.01396011e+03 9.02646583e+02
 4.88554538e+02 2.19924746e+02 1.55481946e+02 1.09780839e+02
 5.87707416e+01 2.10626015e+01 3.70864632e+00 1.89529103e-01
 5.71982719e-04 4.17045357e-08]","[83547.96886933 39938.44376778 65923.18095353 ...  5774.83904822
  6375.28185621  6835.33142014]"
99,[-0.9855738  -0.65935504],5,-0.9640276,-0.11569941,-7.634930130353121,443,"[4.43131185e-26 1.10698128e-18 1.33524124e-12 7.94958977e-08
 2.50120121e-04 5.97103534e-02 2.79922639e+00 3.31186959e+01
 1.60036478e+02 4.65849211e+02 8.30789611e+02 8.84705927e+02
 5.72838594e+02 2.99596517e+02 1.92436944e+02 1.36522535e+02
 7.49289885e+01 2.64380923e+01 5.36111232e+00 7.91724964e-01
 4.60313702e-02 2.70012046e-04]","[83547.96886933 39938.44376778 65923.18095353 ...  7278.13376201
  6629.93403077  4616.37928991]"
99,[-0.9839022 -0.6318318],5,-0.9640276,-0.11569941,-6.889147319938678,444,"[1.31704913e-32 1.15561411e-23 3.45166825e-16 3.56228643e-10
 1.30721768e-05 1.83822461e-02 1.41794474e+00 2.10374749e+01
 1.38909108e+02 4.89930591e+02 9.50333081e+02 1.02257079e+03
 6.41338009e+02 3.03345504e+02 1.93569176e+02 1.54436662e+02
 8.77490799e+01 2.89892634e+01 5.84210373e+00 4.46997951e-01
 3.18354766e-03 9.94258544e-07]","[83547.96886933 39938.44376778 65923.18095353 ...  5001.11479062
  6225.15364692  6578.00009325]"
99,[-0.98762983 -0.6840286 ],5,-0.9640276,0.074012265,-7.457268140538741,445,"[2.52076624e-20 4.65771497e-14 4.81078624e-09 2.89172385e-05
 1.19222159e-02 6.53422360e-01 1.01988391e+01 6.15357934e+01
 1.93847926e+02 3.70244792e+02 5.30655586e+02 5.38716756e+02
 3.83565263e+02 2.12969568e+02 1.09427039e+02 6.32200580e+01
 3.20174960e+01 9.93998881e+00 1.98908812e+00 5.28000349e-01
 4.05125549e-02 2.67551755e-04]","[83547.96886933 39938.44376778 65923.18095353 ...  7202.83177632
 58881.66769231  7372.00884281]"
99,[-0.98732907 -0.6760522 ],5,-0.9640276,0.074012265,-6.146422957266245,446,"[4.38850539e-25 1.18968340e-17 1.46028095e-11 8.29082778e-07
 2.28585019e-03 3.65713101e-01 7.19933493e+00 5.44318587e+01
 2.26432201e+02 5.30328781e+02 7.63434094e+02 7.19854591e+02
 4.50557196e+02 2.40211860e+02 1.55930359e+02 1.12478149e+02
 6.69076410e+01 2.72698066e+01 7.21710846e+00 1.05217813e+00
 5.19671241e-02 2.93376505e-04]","[83547.96886933 39938.44376778 65923.18095353 ...  5877.58492106
  6508.92532072 68659.32778844]"
99,[-0.9855195  -0.69696534],5,-0.9640276,0.074012265,-7.316028550488755,447,"[2.60630424e-17 8.39396312e-12 1.99159729e-07 3.63099743e-04
 5.88629432e-02 1.47696274e+00 1.58221979e+01 9.67943267e+01
 3.11121734e+02 6.33513364e+02 8.74213268e+02 7.76736524e+02
 4.75202707e+02 2.44534624e+02 1.48983211e+02 1.02254807e+02
 5.70692451e+01 2.18318256e+01 5.52350716e+00 8.88429162e-01
 5.56541576e-02 5.35320358e-04]","[83547.96886933 39938.44376778 65923.18095353 ...  6425.52792353
  7093.45723076  4711.59236373]"
99,[-0.9859712 -0.6581698],5,-0.9640276,-0.11569941,-6.894881974040136,448,"[8.04971609e-28 1.14816594e-19 5.14111140e-13 7.39485751e-08
 3.61035588e-04 7.68896752e-02 2.18101061e+00 2.13079659e+01
 1.14921794e+02 3.96688394e+02 7.79624913e+02 8.60724182e+02
 5.52735632e+02 2.59219697e+02 1.65790450e+02 1.27095782e+02
 7.28836619e+01 2.51660525e+01 4.14117712e+00 6.99281953e-01
 4.76080588e-02 1.94876238e-04]","[83547.96886933 39938.44376778 65923.18095353 ...  4883.79323641
  6285.52833398  5446.45571306]"
99,[-0.98438746 -0.66303545],5,-0.9640276,-0.11569941,-6.919346804978019,449,"[1.84184996e-23 2.48055775e-16 1.51712687e-10 4.31989299e-06
 6.08638017e-03 5.43718933e-01 7.81122723e+00 4.66279133e+01
 1.61366178e+02 3.85935454e+02 6.65437845e+02 7.57047031e+02
 5.41681681e+02 2.68169396e+02 1.13985483e+02 5.45411504e+01
 2.88497402e+01 8.84436753e+00 1.39848216e+00 9.80120903e-02
 9.09596500e-04 5.01195812e-07]","[83547.96886933 39938.44376778 65923.18095353 ...  6149.75045956
 57295.92109619 59138.35785325]"
99,[-0.9848216 -0.626127 ],5,-0.9640276,-0.11569941,-8.743614170122276,450,"[4.60687621e-29 3.06619843e-21 1.14085913e-14 2.40560582e-09
 2.95203659e-05 2.26965771e-02 1.50428553e+00 2.16223946e+01
 1.31218971e+02 4.18461464e+02 7.82783037e+02 9.03514578e+02
 6.65645105e+02 3.79868450e+02 2.66533980e+02 2.04011125e+02
 1.14537703e+02 4.62876564e+01 1.27928873e+01 1.64752943e+00
 6.90354864e-02 5.05928763e-04]","[83547.96886933 39938.44376778 65923.18095353 ...  6672.79699536
  6044.91473788 53590.41555837]"
99,[-0.983535   -0.69157606],5,-0.9640276,0.074012265,-8.142228343490713,451,"[1.57149966e-19 2.67132700e-13 2.26378300e-08 9.94381796e-05
 2.56137500e-02 6.78330821e-01 8.29454756e+00 6.49684668e+01
 2.54779640e+02 6.34479753e+02 9.63336350e+02 8.85204875e+02
 5.10728402e+02 2.44237777e+02 1.44488000e+02 1.00627096e+02
 5.28224465e+01 1.66156786e+01 3.18635773e+00 2.31027078e-01
 1.97329562e-03 1.04722090e-06]","[83547.96886933 39938.44376778 65923.18095353 ...  5947.31517556
  6791.77504545  6568.70665262]"
99,[-0.98519105 -0.66840774],5,-0.9640276,-0.11569941,-5.617070303202851,452,"[1.20036994e-22 8.85874406e-16 3.50103739e-10 7.58496364e-06
 9.53215100e-03 8.62227862e-01 1.25518655e+01 8.14506444e+01
 3.02617572e+02 6.86581195e+02 1.00375766e+03 9.08464341e+02
 5.41706415e+02 2.80609932e+02 1.83631554e+02 1.30079367e+02
 7.08445108e+01 2.60781040e+01 6.25540269e+00 5.61330361e-01
 6.22528688e-03 4.66501990e-06]","[83547.96886933 39938.44376778 65923.18095353 ...  7484.13729638
  6481.58543349  5493.24977734]"
99,[-0.98537326 -0.6493129 ],5,-0.9640276,-0.11569941,-6.921905108929002,453,"[2.07722700e-41 6.04920041e-30 2.22174050e-20 1.04534699e-12
 6.49235446e-07 5.71642597e-03 1.00616100e+00 2.11624851e+01
 1.53851275e+02 5.29573379e+02 9.77326954e+02 9.75280693e+02
 5.44147979e+02 2.50181658e+02 1.91135300e+02 1.45171464e+02
 6.90555005e+01 2.29967978e+01 3.94971449e+00 1.96276595e-01
 4.32053340e-04 1.55134484e-08]","[83547.96886933 39938.44376778 65923.18095353 ...  3986.52326748
  6458.22746744  6355.58452214]"
99,[-0.98721206 -0.68998754],5,-0.9640276,0.074012265,-7.0501832640894415,454,"[1.86407640e-22 6.01383774e-16 1.49568980e-10 2.91858492e-06
 4.64204608e-03 6.74083378e-01 1.31939268e+01 7.94902175e+01
 2.70074450e+02 5.65878782e+02 7.73753610e+02 6.91305366e+02
 4.19126909e+02 2.16258070e+02 1.45646165e+02 9.95304876e+01
 5.04890346e+01 1.76633362e+01 4.29383117e+00 7.20968316e-01
 4.48189348e-02 4.09634215e-04]","[83547.96886933 39938.44376778 65923.18095353 ...  6078.09193733
  5746.21217222  5711.54392124]"
99,[-0.98423654 -0.6677582 ],5,-0.9640276,-0.11569941,-9.429725121302516,455,"[9.52468006e-27 8.21835569e-19 2.48650326e-12 2.69867137e-07
 1.11267899e-03 2.30625759e-01 7.27282241e+00 6.90354920e+01
 2.96841086e+02 7.57913783e+02 1.14747243e+03 1.05525712e+03
 6.29824433e+02 3.04992049e+02 1.98774137e+02 1.53072281e+02
 9.10165728e+01 3.55618463e+01 9.33950829e+00 1.26116879e+00
 5.47008141e-02 2.45634578e-04]","[83547.96886933 39938.44376778 65923.18095353 ...  5799.85837651
  8359.05606273  6437.73141726]"
99,[-0.985629   -0.68840474],5,-0.9640276,0.074012265,-6.99632423808427,456,"[2.57262983e-24 3.07935380e-17 2.09154263e-11 8.22151985e-07
 1.95906510e-03 3.36210968e-01 8.03266993e+00 6.48340029e+01
 2.56382991e+02 5.81550516e+02 8.06909884e+02 7.32399371e+02
 4.28888602e+02 1.83913737e+02 9.23819856e+01 6.25454413e+01
 3.54555090e+01 1.37253902e+01 2.71101386e+00 1.77736077e-01
 1.76946097e-03 1.32786596e-06]","[83547.96886933 39938.44376778 65923.18095353 ...  3967.32152023
  6885.95777962  6474.95942091]"
99,[-0.9850556 -0.7051897],5,-0.9640276,0.074012265,-5.965912302526367,457,"[2.89140824e-31 5.25060388e-22 2.17297550e-14 2.09055054e-08
 4.87106570e-04 3.10969726e-01 1.03408277e+01 8.56805128e+01
 3.47860810e+02 7.72898053e+02 1.03247006e+03 8.32281383e+02
 4.33473407e+02 2.38553712e+02 2.00668075e+02 1.50835786e+02
 7.47511055e+01 2.70160593e+01 6.83687034e+00 8.94410644e-01
 3.13710433e-02 6.32884597e-05]","[83547.96886933 39938.44376778 65923.18095353 ...  6548.86460221
  6077.17272401  6980.56736707]"
99,[-0.9799955  -0.71440893],5,-0.9640276,0.074012265,-6.755895081352866,458,"[2.30740760e-18 1.74334371e-12 8.06968709e-08 2.43035313e-04
 6.36025998e-02 3.26196136e+00 4.81238060e+01 2.69302569e+02
 7.42537071e+02 1.17766889e+03 1.24150157e+03 9.43294602e+02
 5.21644807e+02 2.10531545e+02 9.46069644e+01 5.55646588e+01
 2.71034084e+01 1.03465641e+01 2.26853116e+00 1.67142585e-01
 1.77098497e-03 1.45546820e-06]","[83547.96886933 39938.44376778 65923.18095353 ...  5417.60403395
 54200.87762475  5235.40499329]"
99,[-0.9843425 -0.6706825],5,-0.9640276,0.074012265,-5.637383301531723,459,"[2.89177363e-34 5.27304332e-25 3.34225587e-17 7.45922621e-11
 6.00208193e-06 1.83743338e-02 2.60522425e+00 4.02178843e+01
 2.12562226e+02 5.80620190e+02 9.45108949e+02 9.10323232e+02
 5.50444925e+02 2.68079804e+02 1.67037836e+02 1.12950303e+02
 5.44083699e+01 1.79250559e+01 3.57014480e+00 2.44609959e-01
 1.60687995e-03 4.75312139e-07]","[83547.96886933 39938.44376778 65923.18095353 ... 51843.87142807
  5273.14392085  5971.98695338]"
99,[-0.9838521  -0.65726495],5,-0.9640276,-0.11569941,-5.108798248964921,460,"[1.35617556e-22 6.57239892e-16 1.82710052e-10 2.98960376e-06
 3.11969176e-03 3.04535435e-01 6.82500008e+00 4.87748915e+01
 1.86991623e+02 4.84447638e+02 7.91500988e+02 8.02168135e+02
 5.17821414e+02 2.80597896e+02 1.82571889e+02 1.30945327e+02
 7.31407357e+01 2.65741711e+01 5.74374318e+00 9.09112273e-01
 6.57009615e-02 5.91540990e-04]","[83547.96886933 39938.44376778 65923.18095353 ... 72003.74721987
  6642.97642636  6466.15472097]"
99,[-0.98791414 -0.6521287 ],5,-0.9640276,-0.11569941,-6.366917330640973,461,"[2.67148896e-16 1.91239098e-11 1.68067483e-07 1.89147232e-04
 3.10867186e-02 1.05309848e+00 1.14754162e+01 5.73766498e+01
 1.86908013e+02 4.11234962e+02 6.24506524e+02 6.69328781e+02
 5.10906344e+02 3.29056518e+02 2.18007271e+02 1.52167222e+02
 9.15765582e+01 4.12012476e+01 1.16220038e+01 1.63970323e+00
 8.68124816e-02 1.07363116e-03]","[83547.96886933 39938.44376778 65923.18095353 ...  6561.84715898
  6013.71984398  6279.85007951]"
99,[-0.98341745 -0.6236642 ],5,-0.9640276,-0.11569941,-6.06528335183149,462,"[6.32507033e-28 2.89076734e-20 7.35212285e-14 1.05599519e-08
 8.81660301e-05 4.63063681e-02 2.13475791e+00 2.28421495e+01
 1.23519351e+02 4.18950818e+02 8.69733369e+02 1.05164201e+03
 7.66603356e+02 4.07901088e+02 2.34592677e+02 1.66063821e+02
 9.63484054e+01 3.88091995e+01 9.25307247e+00 1.26910720e+00
 7.78641984e-02 7.21097040e-04]","[83547.96886933 39938.44376778 65923.18095353 ...  5334.6753111
  6819.61514507  6213.53990942]"
99,[-0.98479027 -0.6879404 ],5,-0.9640276,0.074012265,-9.197124075717019,463,"[1.48963734e-18 2.21491659e-12 1.62068033e-07 6.09891414e-04
 1.39129819e-01 3.86161652e+00 3.47915009e+01 1.45780944e+02
 3.64872211e+02 6.88190091e+02 9.41510601e+02 8.97344840e+02
 5.83183507e+02 2.86222458e+02 1.53426453e+02 9.38817243e+01
 4.67804536e+01 1.65145087e+01 5.08806188e+00 8.74489425e-01
 4.38129816e-02 2.38688536e-04]","[83547.96886933 39938.44376778 65923.18095353 ...  5258.36572371
 53734.23015763  3939.93530445]"
99,[-0.984387  -0.6323305],5,-0.9640276,-0.11569941,-6.7555072695439655,464,"[1.00192835e-34 4.20446561e-25 4.36362933e-17 1.13805425e-10
 7.69151290e-06 1.45763607e-02 1.15165663e+00 1.71820452e+01
 1.23323791e+02 4.69995183e+02 9.43118677e+02 1.02223795e+03
 6.43087038e+02 3.28753187e+02 2.39220400e+02 1.89432642e+02
 1.02279803e+02 3.46615249e+01 8.19330623e+00 1.22668653e+00
 6.59061960e-02 2.65745382e-04]","[83547.96886933 39938.44376778 65923.18095353 ...  6186.76601519
  5852.66219059 66834.73901698]"
99,[-0.98520476 -0.7140345 ],5,-0.9640276,0.074012265,-5.745289613084872,465,"[3.67813648e-28 3.41076993e-19 4.72014446e-12 1.00797398e-06
 3.62017174e-03 3.41318511e-01 5.92170056e+00 6.91556038e+01
 3.39479020e+02 8.28007167e+02 1.10465293e+03 8.29998719e+02
 3.69166400e+02 1.48606687e+02 1.02627630e+02 8.00672553e+01
 4.09358590e+01 1.40003238e+01 2.96082086e+00 1.54626907e-01
 3.17139240e-04 1.20164138e-08]","[83547.96886933 39938.44376778 65923.18095353 ...  5548.130948
  7128.00780038  5355.15068992]"
99,[-0.9861589 -0.6511038],5,-0.9640276,-0.11569941,-5.360076774599298,466,"[3.95048380e-23 3.05401796e-16 1.21768154e-10 2.56849635e-06
 3.08588943e-03 3.01322239e-01 6.35946824e+00 4.69253428e+01
 1.84700049e+02 4.67165366e+02 7.35292565e+02 7.18150815e+02
 4.55785930e+02 2.37966696e+02 1.52778085e+02 1.09709127e+02
 6.24643840e+01 2.25212805e+01 5.61582920e+00 9.84057553e-01
 6.51551544e-02 5.14712600e-04]","[83547.96886933 39938.44376778 65923.18095353 ...  6198.95895466
  6379.12559595  6334.88919639]"
99,[-0.9874962 -0.690854 ],5,-0.9640276,0.074012265,-4.61498741628447,467,"[8.61055976e-19 5.73289474e-13 2.53309187e-08 7.73229574e-05
 1.88532433e-02 6.49995486e-01 8.41996368e+00 5.90453468e+01
 2.23484894e+02 5.11690928e+02 7.58302021e+02 7.08994722e+02
 4.32474762e+02 2.11748616e+02 1.28070311e+02 8.63429751e+01
 4.79749078e+01 1.84238139e+01 4.89765176e+00 8.00120105e-01
 4.47010023e-02 3.36432844e-04]","[83547.96886933 39938.44376778 65923.18095353 ...  5639.35044158
  5921.49132319  6837.3074865 ]"
99,[-0.9899201 -0.6452182],5,-0.9640276,-0.11569941,-6.3562880714164365,468,"[3.09866891e-28 9.60237753e-21 2.05132198e-14 3.05772926e-09
 3.25279981e-05 2.60564496e-02 1.88570754e+00 2.25799096e+01
 1.09221923e+02 3.17610066e+02 5.73140969e+02 6.53566161e+02
 4.95372293e+02 2.89782462e+02 1.92004380e+02 1.38310370e+02
 7.75009528e+01 3.02859703e+01 7.49406009e+00 1.03580360e+00
 5.53317930e-02 4.82117412e-04]","[83547.96886933 39938.44376778 65923.18095353 ...  5931.89410374
  5126.99748147  6575.38570583]"
99,[-0.9864431  -0.69650644],5,-0.9640276,0.074012265,-8.105509121750998,469,"[8.91747187e-18 6.62048420e-12 2.86097457e-07 7.47704184e-04
 1.31448330e-01 2.33453372e+00 1.48214143e+01 7.88114824e+01
 2.51697951e+02 5.27032417e+02 7.14067785e+02 6.27969073e+02
 3.93877310e+02 2.16037475e+02 1.36126099e+02 9.21901320e+01
 5.18401817e+01 2.06387789e+01 5.79139252e+00 9.35012495e-01
 5.09901603e-02 3.61276995e-04]","[83547.96886933 39938.44376778 65923.18095353 ...  6208.92049645
  5683.26776866  6156.84228334]"
99,[-0.9821669  -0.66671044],5,-0.9640276,-0.11569941,-6.563817115532969,470,"[2.00471837e-27 3.64397015e-19 2.02081495e-12 3.49651765e-07
 1.98298751e-03 4.38844701e-01 8.84682359e+00 6.79097080e+01
 2.95901615e+02 7.53443119e+02 1.24043340e+03 1.32983661e+03
 8.98071300e+02 4.32346677e+02 2.48417543e+02 1.67407644e+02
 8.47779914e+01 2.60285045e+01 4.44808329e+00 2.54612489e-01
 1.19774391e-03 2.16937145e-07]","[83547.96886933 39938.44376778 65923.18095353 ...  5565.30790796
 54938.15860141  5369.10821477]"
99,[-0.9813416  -0.67924494],5,-0.9640276,0.074012265,-7.7473056346624585,471,"[1.08654318e-28 4.91158461e-20 5.84467478e-13 1.87156756e-07
 1.69088442e-03 5.05366388e-01 1.12131032e+01 7.68472492e+01
 2.69539829e+02 6.09153158e+02 9.79112821e+02 1.04204873e+03
 7.38468269e+02 3.65049575e+02 1.56700304e+02 8.14556303e+01
 3.35791401e+01 8.52836068e+00 1.83463474e+00 1.34048680e-01
 6.03320800e-04 8.88422482e-08]","[83547.96886933 39938.44376778 65923.18095353 ... 49353.61916251
 73468.43674534  5582.81475087]"
99,[-0.97946495 -0.67262673],5,-0.9640276,0.074012265,-7.5636986886220186,472,"[2.36804354e-18 1.71365049e-12 8.16705673e-08 2.65308241e-04
 6.49562160e-02 1.76362283e+00 1.45843398e+01 7.78035542e+01
 2.51528060e+02 5.55792616e+02 9.02252549e+02 1.03093748e+03
 7.81642491e+02 3.99863584e+02 1.58892466e+02 6.88530246e+01
 3.31131507e+01 1.27179798e+01 3.45485503e+00 3.38966930e-01
 4.28980617e-03 4.36023906e-06]","[83547.96886933 39938.44376778 65923.18095353 ...  5127.37829721
 71053.65227182  6680.93987521]"
99,[-0.9882158 -0.6883492],5,-0.9640276,0.074012265,-7.47992348112135,473,"[1.16248451e-21 3.64490752e-15 8.04843702e-10 1.27687269e-05
 1.52237147e-02 1.57405720e+00 2.32081161e+01 1.14400709e+02
 3.16813287e+02 5.83086138e+02 7.04642437e+02 5.77327348e+02
 3.42740424e+02 1.90672608e+02 1.39226935e+02 1.10075012e+02
 6.33338235e+01 2.72725400e+01 7.73518010e+00 1.56027566e+00
 1.25863811e-01 1.37407508e-03]","[83547.96886933 39938.44376778 65923.18095353 ...  3827.01771799
  6643.74319183  5084.27889038]"
99,[-0.9853307 -0.6860289],5,-0.9640276,0.074012265,-8.002281559733689,474,"[1.13690794e-17 1.02665287e-11 4.99252790e-07 1.36345353e-03
 2.38979320e-01 4.64233033e+00 3.17226205e+01 1.30535953e+02
 3.13669506e+02 5.48993642e+02 7.64564764e+02 7.80808800e+02
 5.70478125e+02 3.05639341e+02 1.60857675e+02 9.21284605e+01
 4.52197209e+01 1.78881750e+01 4.69079084e+00 8.20050227e-01
 5.26978934e-02 3.73432444e-04]","[83547.96886933 39938.44376778 65923.18095353 ...  6911.46504613
 51672.87767792  6461.12770191]"
99,[-0.9790228  -0.66352445],5,-0.9640276,-0.11569941,-8.097311691693779,475,"[4.68804617e-29 1.94352416e-20 2.24351400e-13 7.36594007e-08
 7.21672659e-04 2.57761102e-01 9.22290643e+00 8.78970370e+01
 3.27675595e+02 7.75730153e+02 1.27510455e+03 1.41085421e+03
 9.62604284e+02 4.33839709e+02 1.77297964e+02 9.77999667e+01
 5.00910260e+01 1.66624739e+01 3.67159255e+00 7.13276647e-01
 3.85823815e-02 1.16851214e-04]","[83547.96886933 39938.44376778 65923.18095353 ...  5411.25074489
 60403.60935142 49083.83413198]"
99,[-0.9829738 -0.6746039],5,-0.9640276,0.074012265,-5.371209243808444,476,"[1.03257799e-26 4.11734731e-19 7.56126455e-13 6.52511396e-08
 2.79042835e-04 7.61916293e-02 3.29777702e+00 4.13124532e+01
 2.09561652e+02 5.99017257e+02 1.02804367e+03 9.98936721e+02
 5.97766728e+02 2.71195745e+02 1.54377400e+02 1.10591214e+02
 5.80078283e+01 2.03469030e+01 4.70678476e+00 7.63010020e-01
 4.24468461e-02 2.23966926e-04]","[83547.96886933 39938.44376778 65923.18095353 ...  6067.22960633
  7117.78977776  5499.87092079]"
99,[-0.9841028 -0.6534471],5,-0.9640276,-0.11569941,-6.481350418514134,477,"[1.24040847e-24 2.21874623e-17 1.95710063e-11 8.69325900e-07
 2.03685832e-03 2.93886499e-01 5.01655768e+00 3.86996690e+01
 1.91116621e+02 5.23910557e+02 8.73394430e+02 8.82595157e+02
 5.66289763e+02 2.78479152e+02 1.67878484e+02 1.29789094e+02
 7.93534299e+01 3.08834749e+01 6.71978418e+00 9.30746451e-01
 5.38577692e-02 3.52890141e-04]","[83547.96886933 39938.44376778 65923.18095353 ...  6223.08407356
  6487.76154088 48154.79194184]"
99,[-0.9865601  -0.66032255],5,-0.9640276,-0.11569941,-11.21948372009972,478,"[1.08579805e-32 3.35563511e-23 2.08915273e-15 2.67436559e-09
 7.35254253e-05 5.07280878e-02 2.25436011e+00 3.23097022e+01
 2.04983042e+02 6.12608194e+02 1.01305731e+03 8.76446389e+02
 4.64733907e+02 2.56523713e+02 2.40485320e+02 1.89938114e+02
 9.45048327e+01 3.12709263e+01 6.48133654e+00 8.17595155e-01
 2.87008808e-02 4.84027423e-05]","[83547.96886933 39938.44376778 65923.18095353 ...  6283.89950831
  5357.69703763  6255.48380798]"
99,[-0.98547846 -0.6937165 ],5,-0.9640276,0.074012265,-6.789992556074928,479,"[7.28498251e-28 9.00812735e-20 4.25606869e-13 7.83094043e-08
 5.84963008e-04 2.06005393e-01 6.90898459e+00 6.77980062e+01
 2.96138678e+02 7.04551428e+02 9.89507072e+02 8.58246095e+02
 4.86357716e+02 2.32924799e+02 1.48220340e+02 1.02965345e+02
 4.97668165e+01 1.45527909e+01 2.82351149e+00 6.15897883e-01
 3.77724567e-02 1.57665499e-04]","[83547.96886933 39938.44376778 65923.18095353 ...  7167.06216241
  6748.28833241  6356.98151277]"
99,[-0.98752964 -0.64324874],5,-0.9640276,-0.11569941,-6.461300155401157,480,"[1.14451259e-16 2.21784459e-11 3.32710069e-07 4.06256319e-04
 4.86882603e-02 1.07669612e+00 1.01777900e+01 5.96818855e+01
 2.24609469e+02 5.30921936e+02 8.04022122e+02 7.85793337e+02
 5.39218728e+02 3.31457034e+02 2.53578972e+02 2.06054864e+02
 1.28838258e+02 5.62258721e+01 1.55613225e+01 2.67379605e+00
 1.83118730e-01 1.98919004e-03]","[83547.96886933 39938.44376778 65923.18095353 ...  5902.75316288
  5431.33841629 57309.71548275]"
99,[-0.9873625  -0.65194607],5,-0.9640276,-0.11569941,-6.732513412397077,481,"[3.23261808e-28 6.75414444e-20 4.23019968e-13 8.12047732e-08
 5.01847324e-04 1.19459926e-01 2.67348120e+00 2.27153225e+01
 1.15989188e+02 3.52859784e+02 5.99345834e+02 5.95513567e+02
 3.73801982e+02 1.94650348e+02 1.43246430e+02 1.17733529e+02
 6.37215728e+01 2.13866584e+01 4.52914367e+00 3.32122577e-01
 1.96611763e-03 4.44480362e-07]","[83547.96886933 39938.44376778 65923.18095353 ...  7682.74669036
  4747.15397601  7260.86176712]"
99,[-0.98544014 -0.63273454],5,-0.9640276,-0.11569941,-6.6973403558896365,482,"[3.84872678e-28 1.84804358e-20 4.94669714e-14 7.48924567e-09
 6.59650738e-05 3.64066359e-02 1.70262464e+00 1.77033241e+01
 1.02531152e+02 3.50065815e+02 7.00620684e+02 8.31589646e+02
 6.10417491e+02 3.27815017e+02 1.93823182e+02 1.38933695e+02
 7.76639001e+01 2.55730437e+01 5.03112323e+00 4.33760519e-01
 5.45698437e-03 5.00764986e-06]","[83547.96886933 39938.44376778 65923.18095353 ...  7999.0175073
  5322.4347185   7159.48452485]"
99,[-0.98593014 -0.6809013 ],5,-0.9640276,0.074012265,-7.133312192859463,483,"[4.38689042e-33 3.22434228e-23 3.86204358e-15 7.70280774e-09
 2.67759661e-04 1.88659899e-01 6.79391081e+00 7.05210608e+01
 3.41093563e+02 8.60436931e+02 1.13671400e+03 8.61367442e+02
 4.19485702e+02 2.32714605e+02 1.99803411e+02 1.35802212e+02
 6.48027288e+01 2.11460186e+01 4.60115002e+00 2.57946849e-01
 5.86988913e-04 2.70688832e-08]","[83547.96886933 39938.44376778 65923.18095353 ...  5439.19934531
  5444.35072252  5982.53651796]"
99,[-0.98773676 -0.69672334],5,-0.9640276,0.074012265,-7.220490049981656,484,"[3.43408957e-23 1.01262891e-16 2.59457206e-11 5.86550954e-07
 1.20841856e-03 2.48473383e-01 6.85488113e+00 4.93787448e+01
 1.77788189e+02 4.11566358e+02 6.22124525e+02 5.90489573e+02
 3.78212748e+02 1.91951536e+02 9.77673537e+01 5.31331228e+01
 2.87088580e+01 1.20439504e+01 3.54124372e+00 6.15399152e-01
 3.48417760e-02 3.06244850e-04]","[83547.96886933 39938.44376778 65923.18095353 ...  5073.87825175
  4812.60081232  6960.72529905]"
99,[-0.98316544 -0.6778611 ],5,-0.9640276,0.074012265,-7.276378492279307,485,"[9.39342211e-29 2.28068812e-20 1.69612023e-13 3.94723921e-08
 3.02613986e-04 9.76473658e-02 4.01915983e+00 4.55801852e+01
 2.08822140e+02 5.57638180e+02 9.13690301e+02 8.83917962e+02
 5.27217566e+02 2.21264757e+02 1.19261937e+02 8.42923738e+01
 4.77368862e+01 1.41890644e+01 1.82629335e+00 8.37930767e-02
 4.45148765e-04 9.82089291e-08]","[83547.96886933 39938.44376778 65923.18095353 ... 67569.9538055
  6799.86281539  6780.27407218]"
99,[-0.98403597 -0.638697  ],5,-0.9640276,-0.11569941,-8.437530272806285,486,"[1.36823497e-23 1.43814351e-16 7.04421636e-11 1.65009987e-06
 1.98042690e-03 1.67283003e-01 3.06084908e+00 3.16879133e+01
 1.74186110e+02 5.30449035e+02 9.57984267e+02 1.02002513e+03
 6.57084472e+02 3.19589092e+02 1.97273168e+02 1.50271295e+02
 8.73477369e+01 2.98167739e+01 6.96977920e+00 1.14619776e+00
 7.31033374e-02 5.60896961e-04]","[83547.96886933 39938.44376778 65923.18095353 ...  5624.72601326
  6363.01839401 59095.96280566]"
99,[-0.9847019  -0.70799875],5,-0.9640276,0.074012265,-7.408257286307568,487,"[5.43152551e-21 4.97787425e-14 1.62487956e-08 1.95927869e-04
 9.67978415e-02 3.12518381e+00 2.66062396e+01 1.39661270e+02
 3.63768393e+02 6.43261324e+02 8.66844724e+02 8.50648589e+02
 5.35028053e+02 2.50739790e+02 1.18009419e+02 6.63333104e+01
 3.02441762e+01 8.91688720e+00 1.84933244e+00 1.27049626e-01
 7.03150822e-04 1.69542017e-07]","[83547.96886933 39938.44376778 65923.18095353 ... 59583.02645298
 61903.52533361  6039.82811781]"
99,[-0.9854736 -0.6218874],5,-0.9640276,-0.11569941,-7.065877305227986,488,"[1.62703657e-31 7.88723411e-23 1.39126096e-15 9.06867685e-10
 2.25114679e-05 2.31459702e-02 1.50951179e+00 2.21385581e+01
 1.38744610e+02 4.69383082e+02 8.89837114e+02 9.42332820e+02
 6.07160711e+02 3.37501100e+02 2.45612660e+02 1.79798294e+02
 9.80155577e+01 3.37277207e+01 7.97923691e+00 1.20971035e+00
 6.84748782e-02 3.99956558e-04]","[83547.96886933 39938.44376778 65923.18095353 ...  5445.03491384
  5286.08859782  6461.84510868]"
99,[-0.9876132 -0.6478814],5,-0.9640276,-0.11569941,-7.065917598272741,489,"[1.74221471e-25 4.46608166e-18 5.47820463e-12 3.28069569e-07
 1.00209675e-03 1.80013175e-01 3.47135505e+00 2.59523046e+01
 1.28052910e+02 3.78173123e+02 6.79428856e+02 7.25275927e+02
 4.92957592e+02 2.58914726e+02 1.58053859e+02 1.09717982e+02
 6.10717611e+01 2.27408361e+01 5.49665807e+00 4.49952409e-01
 3.82736833e-03 1.93644553e-06]","[83547.96886933 39938.44376778 65923.18095353 ...  5446.30564301
  5381.90558385  7323.30853791]"
99,[-0.9839189 -0.6512562],5,-0.9640276,-0.11569941,-7.3826139145757885,490,"[1.16673487e-36 2.22989082e-26 8.27014500e-18 6.04692306e-11
 8.98502869e-06 2.91618474e-02 2.79987525e+00 3.31731871e+01
 1.88338079e+02 5.89848915e+02 1.00036238e+03 9.50208343e+02
 5.31966827e+02 2.63482746e+02 2.06154874e+02 1.59129769e+02
 8.30010034e+01 2.75993515e+01 5.25840652e+00 3.41119876e-01
 1.41323699e-03 1.47979075e-07]","[83547.96886933 39938.44376778 65923.18095353 ... 57490.27268349
  6016.60982557  5992.84903664]"
99,[-0.984153   -0.65227705],5,-0.9640276,-0.11569941,-5.376078581761718,491,"[3.23432392e-37 4.19771913e-27 1.29328259e-18 9.59077208e-12
 1.75690313e-06 8.44828172e-03 1.38522475e+00 2.65198872e+01
 1.69772119e+02 5.26727454e+02 9.49406079e+02 9.59482176e+02
 5.52510301e+02 2.54662929e+02 1.71756802e+02 1.37596952e+02
 7.71360555e+01 2.69958103e+01 6.23716543e+00 4.62541847e-01
 2.14301785e-03 3.00621963e-07]","[83547.96886933 39938.44376778 65923.18095353 ...  6123.37450037
  6088.78380814  4889.80401427]"
99,[-0.98669386 -0.6174593 ],5,-0.9640276,-0.11569941,-6.680547228080556,492,"[1.07934478e-41 1.64117087e-30 3.91062380e-21 1.48118028e-13
 9.15859874e-08 9.85621654e-04 2.58516452e-01 8.75042663e+00
 9.20983018e+01 4.06207238e+02 8.79031330e+02 1.00190608e+03
 6.52573411e+02 3.61792067e+02 3.23651434e+02 2.79563725e+02
 1.47527296e+02 4.58046115e+01 9.00931327e+00 1.05050238e+00
 3.75572120e-02 6.14712885e-05]","[83547.96886933 39938.44376778 65923.18095353 ...  7205.85212771
  4682.31126079  4669.58156982]"
99,[-0.9891177 -0.6475263],5,-0.9640276,-0.11569941,-8.310948308321915,493,"[8.90762739e-21 2.37839369e-14 3.45533651e-09 2.81784511e-05
 1.41332579e-02 6.40388121e-01 7.84537397e+00 5.76534410e+01
 2.23761628e+02 5.04052628e+02 7.07204749e+02 6.25013165e+02
 4.01306670e+02 2.62570584e+02 2.19599323e+02 1.82344359e+02
 1.12077399e+02 4.62122493e+01 1.22926258e+01 1.70595669e+00
 7.47639869e-02 3.95187602e-04]","[83547.96886933 39938.44376778 65923.18095353 ... 70967.92275807
  4667.56882969  6494.27253856]"
99,[-0.98519105 -0.6977314 ],5,-0.9640276,0.074012265,-7.347226001756802,494,"[8.44731459e-26 4.49047177e-18 9.52283868e-12 8.23021799e-07
 3.03923579e-03 5.66021964e-01 1.10871642e+01 7.48773834e+01
 2.78803534e+02 6.31410553e+02 8.71489752e+02 7.58720477e+02
 4.30486307e+02 2.19310936e+02 1.51659229e+02 1.05636686e+02
 5.65861302e+01 2.15507140e+01 5.66303932e+00 9.61716503e-01
 5.62789248e-02 3.12182725e-04]","[83547.96886933 39938.44376778 65923.18095353 ...  6679.06291269
  5995.35413018  6823.17357729]"
99,[-0.9869613 -0.6073613],5,-0.9640276,-0.11569941,-8.609189650746666,495,"[1.80434782e-27 4.60966511e-20 7.34447316e-14 7.40474700e-09
 4.86785461e-05 2.29314190e-02 1.17359825e+00 1.63699772e+01
 1.01239276e+02 3.52862795e+02 7.36663455e+02 9.02593437e+02
 6.79594909e+02 3.88874073e+02 2.40730829e+02 1.64799160e+02
 8.81970038e+01 3.12250378e+01 7.18760130e+00 1.07729593e+00
 6.91478291e-02 6.68920384e-04]","[83547.96886933 39938.44376778 65923.18095353 ...  5680.70761939
  5485.49701795  6614.28070204]"
99,[-0.9849052  -0.64564276],5,-0.9640276,-0.11569941,-5.397870651293241,496,"[4.38946408e-26 1.33700686e-18 1.82012087e-12 1.13152426e-07
 3.38856240e-04 6.17080953e-02 1.77101143e+00 2.33455524e+01
 1.47197714e+02 4.68715240e+02 8.59244239e+02 9.15137434e+02
 6.00079719e+02 3.08989842e+02 2.07885950e+02 1.52032608e+02
 7.50887011e+01 2.39382848e+01 4.44898972e+00 2.86310880e-01
 2.08067302e-03 8.59544561e-07]","[83547.96886933 39938.44376778 65923.18095353 ...  5783.59520195
  6518.58167104  6612.47249512]"
99,[-0.9859575  -0.70568514],5,-0.9640276,0.074012265,-7.402349073113486,497,"[6.59699335e-25 1.23477256e-17 1.27673183e-11 7.42567410e-07
 2.52457264e-03 5.64347952e-01 1.31454355e+01 8.60265450e+01
 2.96497572e+02 6.15188703e+02 8.22915503e+02 6.90605361e+02
 3.92812209e+02 1.81386138e+02 1.05346151e+02 7.06260650e+01
 3.72327807e+01 1.40268808e+01 3.43186781e+00 2.76986006e-01
 2.53697548e-03 1.58693351e-06]","[83547.96886933 39938.44376778 65923.18095353 ... 58163.34815688
  6267.21078382  5948.61231098]"
99,[-0.9847257  -0.66340184],5,-0.9640276,-0.11569941,-6.2180527200532145,498,"[9.12985130e-27 4.41467290e-19 9.43071729e-13 9.07631754e-08
 4.11556957e-04 1.04270622e-01 3.09884397e+00 3.07740778e+01
 1.54163148e+02 4.61963930e+02 8.28294429e+02 8.68184122e+02
 5.72819102e+02 2.75921605e+02 1.57165196e+02 1.10501924e+02
 6.23024745e+01 2.31092702e+01 5.00138697e+00 7.59086531e-01
 4.11470884e-02 2.03705197e-04]","[83547.96886933 39938.44376778 65923.18095353 ...  5683.87036885
  6696.15348044  6003.8164907 ]"
99,[-0.9877804  -0.65872955],5,-0.9640276,-0.11569941,-8.70610200169033,499,"[2.40878618e-24 9.35766501e-17 1.10022639e-10 4.04152951e-06
 5.07520099e-03 3.42393357e-01 5.33782900e+00 4.78448511e+01
 2.16576304e+02 5.61128720e+02 8.43454298e+02 7.57934722e+02
 4.36889062e+02 2.35639107e+02 1.89669751e+02 1.55826649e+02
 8.84441088e+01 3.27473953e+01 8.92746438e+00 1.50761671e+00
 6.54621091e-02 1.82994260e-04]","[83547.96886933 39938.44376778 65923.18095353 ...  5235.6250561
  5070.29800222  7088.62906104]"
