scenario,policy,t,year,month,minnow,fukui,pop,cpue,reward
s01,generalist,0,0,4,3000.0,1659.8856201171875,12738.955078125,-0.9707118272781372,-0.12784259021282196
s01,generalist,1,0,5,291.4053955078125,2018.26611328125,5911.142578125,-0.9842349290847778,-0.06407573074102402
s01,generalist,2,0,6,0.0,1057.70654296875,4090.5966796875,-0.9870327115058899,-0.03129999339580536
s01,generalist,3,0,7,0.0,1806.679443359375,3403.873046875,-0.9897211790084839,-0.0500277616083622
s01,generalist,4,0,8,0.0,1476.50048828125,2473.335205078125,-0.9923219680786133,-0.040513258427381516
s01,generalist,5,0,9,0.0,247.66091918945312,1903.5411376953125,-0.993462085723877,-0.007787319831550121
s01,generalist,6,0,10,0.0,359.5473937988281,1821.0318603515625,-0.9937893152236938,-0.010632823221385479
s01,generalist,7,1,4,0.0,0.0,1497.30908203125,-1.0,-0.0008283063070848584
s01,generalist,8,1,5,0.0,0.0,1496.823974609375,-1.0,-0.000992673565633595
s01,generalist,9,1,6,0.0,0.0,6023.4970703125,-1.0,-0.0015991711989045143
s01,generalist,10,1,7,0.0,939.5913696289062,5902.51123046875,-0.9937591552734375,-0.02897295355796814
s01,generalist,11,1,8,416.455078125,965.5748901367188,5601.4521484375,-0.985991358757019,-0.04176224768161774
s01,generalist,12,1,9,407.44903564453125,583.3682250976562,4373.8408203125,-0.9853017330169678,-0.030184485018253326
s01,generalist,13,1,10,0.0,830.791259765625,3402.9453125,-0.9891559481620789,-0.024512432515621185
s01,generalist,14,2,4,0.0,219.76522827148438,2362.1259765625,-0.9921903610229492,-0.007232651114463806
s01,generalist,15,2,5,0.0,534.5540161132812,2252.62744140625,-0.9925692081451416,-0.01570018380880356
s01,generalist,16,2,6,0.0,225.61700439453125,6535.298828125,-0.9930814504623413,-0.008375320583581924
s01,generalist,17,2,7,0.0,1528.560302734375,6319.24755859375,-0.9926883578300476,-0.04457855224609375
s01,generalist,18,2,8,762.3614501953125,1753.095458984375,5742.341796875,-0.9870364665985107,-0.06941051036119461
s01,generalist,19,2,9,393.8658752441406,819.5726318359375,3904.99462890625,-0.987348198890686,-0.033906251192092896
s01,generalist,20,2,10,0.0,823.0327758789062,2954.297119140625,-0.9905747175216675,-0.023049095645546913
s01,generalist,21,3,4,0.0,116.73786926269531,2055.2216796875,-0.9946243762969971,-0.0039031775668263435
s01,generalist,22,3,5,0.0,300.73870849609375,2002.4892578125,-0.9947086572647095,-0.008964518085122108
s01,generalist,23,3,6,0.0,95.232666015625,6345.216796875,-0.9957424998283386,-0.004222652409225702
s01,generalist,24,3,7,0.0,1388.36279296875,6188.20166015625,-0.9929150342941284,-0.04038391262292862
s01,generalist,25,3,8,870.4544677734375,1623.0361328125,5681.62109375,-0.9871139526367188,-0.06865871697664261
s01,generalist,26,3,9,407.830322265625,768.29833984375,3856.1201171875,-0.9874719381332397,-0.03280223160982132
s01,generalist,27,3,10,0.0,816.830078125,2923.03076171875,-0.9906708002090454,-0.022827990353107452
s01,generalist,28,4,4,0.0,122.43107604980469,2039.3115234375,-0.9941364526748657,-0.004030567593872547
s01,generalist,29,4,5,0.0,344.3900146484375,1986.2987060546875,-0.9941267967224121,-0.010090327821671963
s01,generalist,30,4,6,0.0,102.49478149414062,6446.6220703125,-0.9950140118598938,-0.004360701888799667
s01,generalist,31,4,7,0.0,1414.5936279296875,6282.5009765625,-0.9929749965667725,-0.04105369746685028
s01,generalist,32,4,8,863.8375244140625,1658.182373046875,5771.953125,-0.9869658946990967,-0.06938524544239044
s01,generalist,33,4,9,432.5509033203125,773.6257934570312,3901.023681640625,-0.9872681498527527,-0.033555902540683746
s01,generalist,34,4,10,0.0,808.5960083007812,2928.04150390625,-0.990625262260437,-0.022585082799196243
s01,generalist,35,5,4,0.0,110.57768249511719,2042.2939453125,-0.9943159818649292,-0.0036976495757699013
s01,generalist,36,5,5,0.0,314.7146911621094,1992.86083984375,-0.9945228695869446,-0.009291291236877441
s01,generalist,37,5,6,0.0,91.70161437988281,6433.42822265625,-0.9954383373260498,-0.004072616342455149
s01,generalist,38,5,7,0.0,1395.091064453125,6278.41064453125,-0.992888331413269,-0.04052477702498436
s01,generalist,39,5,8,885.4564208984375,1637.646484375,5768.4638671875,-0.9869273900985718,-0.06937921047210693
s01,generalist,40,5,9,422.1615905761719,765.3135375976562,3890.560546875,-0.987293541431427,-0.03305551037192345
s01,generalist,41,5,10,0.0,807.9505615234375,2939.04052734375,-0.9905877709388733,-0.022564666345715523
s01,generalist,42,6,4,0.0,109.99676513671875,2051.05029296875,-0.9941283464431763,-0.003686468116939068
s01,generalist,43,6,5,0.0,323.2533874511719,2002.03076171875,-0.9942899346351624,-0.009522734209895134
s01,generalist,44,6,6,0.0,92.03416442871094,6306.95068359375,-0.9951298832893372,-0.004081181716173887
s01,generalist,45,6,7,0.0,1400.1043701171875,6151.4453125,-0.9929192066192627,-0.040612369775772095
s01,generalist,46,6,8,856.5316772460938,1640.893798828125,5641.9794921875,-0.9872087836265564,-0.06868453323841095
s01,generalist,47,6,9,399.19903564453125,759.064453125,3823.87060546875,-0.9874981045722961,-0.03227376192808151
s01,generalist,48,6,10,0.0,801.35595703125,2903.83154296875,-0.9907047152519226,-0.022390704602003098
s01,generalist,49,7,4,0.0,104.7873306274414,2030.77392578125,-0.9943886995315552,-0.0035493881441652775
s01,generalist,50,7,5,0.0,308.87799072265625,1983.990966796875,-0.9945489168167114,-0.009141798131167889
s01,generalist,51,7,6,0.0,86.51963806152344,6575.87744140625,-0.995460033416748,-0.003957425244152546
s01,generalist,52,7,7,0.0,1388.2822265625,6412.306640625,-0.9928616285324097,-0.04049741104245186
s01,generalist,53,7,8,887.2293090820312,1627.4736328125,5902.92578125,-0.9865589141845703,-0.06927916407585144
s01,generalist,54,7,9,444.94781494140625,766.319091796875,3980.708984375,-0.9869558811187744,-0.03375007212162018
s01,generalist,55,7,10,0.0,810.8845825195312,2988.8955078125,-0.9904108643531799,-0.022680744528770447
s01,generalist,56,8,4,0.0,113.97645568847656,2082.03271484375,-0.9941710829734802,-0.0038150399923324585
s01,generalist,57,8,5,0.0,328.9842529296875,2030.8876953125,-0.9942906498908997,-0.009704720228910446
s01,generalist,58,8,6,0.0,95.7379379272461,6377.15625,-0.9951598644256592,-0.0042364150285720825
s01,generalist,59,8,7,0.0,1404.497802734375,6216.025390625,-0.9928377866744995,-0.04085376113653183
s01,generalist,60,8,8,857.2057495117188,1647.8515625,5699.3212890625,-0.9870932698249817,-0.06899239122867584
s01,generalist,61,8,9,400.128173828125,764.5986328125,3867.7666015625,-0.9874252080917358,-0.03252386674284935
s01,generalist,62,8,10,0.0,805.2324829101562,2945.484375,-0.9905581474304199,-0.022539634257555008
s01,generalist,63,9,4,0.0,109.516845703125,2057.2724609375,-0.994339108467102,-0.0036980202421545982
s01,generalist,64,9,5,0.0,319.328857421875,2008.177734375,-0.9943654537200928,-0.009449146687984467
s01,generalist,65,9,6,0.0,91.65387725830078,6440.283203125,-0.9952747821807861,-0.004128595814108849
s01,generalist,66,9,7,0.0,1396.3118896484375,6283.96728515625,-0.9928675293922424,-0.040621861815452576
s01,generalist,67,9,8,858.1441650390625,1634.2239990234375,5772.43994140625,-0.9868640899658203,-0.06865713000297546
s01,generalist,68,9,9,420.03411865234375,764.3406982421875,3922.853759765625,-0.9871474504470825,-0.03302568569779396
s01,generalist,69,9,10,0.0,808.9669799804688,2962.90771484375,-0.9905205368995667,-0.022627726197242737
s01,generalist,70,10,4,0.0,112.98494720458984,2067.95751953125,-0.9941394329071045,-0.003789725946262479
s01,generalist,71,10,5,0.0,326.52203369140625,2017.4736328125,-0.9942519068717957,-0.009635388851165771
s01,generalist,72,10,6,0.0,95.293701171875,6311.060546875,-0.9951503276824951,-0.004202742595225573
s01,generalist,73,10,7,0.0,1402.808837890625,6156.6787109375,-0.992877721786499,-0.040700074285268784
s01,generalist,74,10,8,844.2813720703125,1641.4881591796875,5643.7197265625,-0.9871854782104492,-0.06840316206216812
s01,generalist,75,10,9,397.3813171386719,762.779052734375,3831.66064453125,-0.9875112175941467,-0.03234732896089554
s01,generalist,76,10,10,0.0,804.5550537109375,2911.906982421875,-0.9906877279281616,-0.022488757967948914
s01,generalist,77,11,4,0.0,107.81256103515625,2036.0791015625,-0.9943631887435913,-0.0036380477249622345
s01,generalist,78,11,5,0.0,316.0522766113281,1987.900634765625,-0.9944214224815369,-0.009340746328234673
s01,generalist,79,11,6,0.0,89.76005554199219,6403.4482421875,-0.9953933954238892,-0.004040578380227089
s01,generalist,80,11,7,0.0,1391.931884765625,6244.16796875,-0.9929063320159912,-0.040500376373529434
s01,generalist,81,11,8,858.2042236328125,1627.6875,5736.6171875,-0.9869612455368042,-0.06848423182964325
s01,generalist,82,11,9,416.4658203125,759.7750854492188,3892.076904296875,-0.987284779548645,-0.03280562907457352
s01,generalist,83,11,10,0.0,805.1362915039062,2946.6630859375,-0.9905632138252258,-0.022520536556839943
s01,generalist,84,12,4,0.0,109.31892395019531,2056.619140625,-0.9941701889038086,-0.003684445284307003
s01,generalist,85,12,5,0.0,324.4101257324219,2007.7001953125,-0.9942800402641296,-0.00957285612821579
s01,generalist,86,12,6,0.0,92.55789184570312,6374.48193359375,-0.9952558279037476,-0.00413870345801115
s01,generalist,87,12,7,0.0,1399.025390625,6215.3759765625,-0.992878258228302,-0.040692590177059174
s01,generalist,88,12,8,858.91796875,1638.08203125,5703.443359375,-0.987028956413269,-0.06870846450328827
s01,generalist,89,12,9,410.8298645019531,761.41845703125,3859.647216796875,-0.9873772859573364,-0.032671913504600525
s01,generalist,90,12,10,0.0,804.2396240234375,2925.427001953125,-0.9906332492828369,-0.022476211190223694
s01,generalist,91,13,4,0.0,108.00501251220703,2044.70751953125,-0.994246244430542,-0.0036391003523021936
s01,generalist,92,13,5,0.0,317.6906433105469,1996.8101806640625,-0.9943758845329285,-0.009382108226418495
s01,generalist,93,13,6,0.0,90.29936218261719,6468.0537109375,-0.9952769875526428,-0.0040540145710110664
s01,generalist,94,13,7,0.0,1395.494140625,6307.8525390625,-0.9928851127624512,-0.04058418795466423
s01,generalist,95,13,8,869.32568359375,1635.237548828125,5797.7626953125,-0.9868437051773071,-0.06895312666893005
s01,generalist,96,13,9,426.514404296875,763.8360595703125,3924.5234375,-0.9871930480003357,-0.03316238150000572
s01,generalist,97,13,10,0.0,807.358154296875,2959.448486328125,-0.9905185103416443,-0.022570796310901642
s01,generalist,98,14,4,0.0,111.06786346435547,2067.296875,-0.9941262006759644,-0.003731358330696821
s01,generalist,99,14,5,0.0,324.7731018066406,2017.442626953125,-0.9942845702171326,-0.009583459235727787
s01,generalist,100,14,6,0.0,93.28111267089844,6424.376953125,-1.0,-0.004152881912887096
s01,oracle,0,0,4,2359.5947265625,2998.5673828125,12738.955078125,-0.9729499816894531,-0.14512506127357483
s01,oracle,1,0,5,364.5986328125,2251.88134765625,5488.384765625,-0.9857252836227417,-0.07123661041259766
s01,oracle,2,0,6,0.0,1122.556884765625,3620.09423828125,-0.9886176586151123,-0.03170299530029297
s01,oracle,3,0,7,0.0,1291.21435546875,2979.081298828125,-0.990606963634491,-0.03596292436122894
s01,oracle,4,0,8,0.0,1146.4923095703125,2369.403564453125,-0.9924359321594238,-0.03172222897410393
s01,oracle,5,0,9,0.0,0.0,1931.87548828125,-1.0,-0.0013753232778981328
s01,oracle,6,0,10,0.0,0.0,1931.2330322265625,-1.0,-0.0014752832939848304
s01,oracle,7,1,4,0.0,0.0,1691.4736328125,-1.0,-0.001137400045990944
s01,oracle,8,1,5,0.0,0.0,1690.9228515625,-1.0,-0.001407284988090396
s01,oracle,9,1,6,0.0,0.0,6257.265625,-1.0,-0.0023398844059556723
s01,oracle,10,1,7,0.0,106.35833740234375,6135.1279296875,-0.9927632808685303,-0.01178679708391428
s01,oracle,11,1,8,237.54641723632812,2171.62353515625,6089.9892578125,-0.9862996339797974,-0.06939870119094849
s01,oracle,12,1,9,376.9620361328125,821.234619140625,4293.89501953125,-0.9865691661834717,-0.034961625933647156
s01,oracle,13,1,10,0.0,335.7034912109375,3199.7734375,-0.9940006732940674,-0.01152378972619772
s01,oracle,14,2,4,0.0,0.06368260085582733,2410.26904296875,-0.9999747276306152,-0.0018891163635998964
s01,oracle,15,2,5,0.0,16.339445114135742,2409.20556640625,-0.9983397722244263,-0.0036271964199841022
s01,oracle,16,2,6,0.0,0.11504931002855301,6919.0576171875,-0.9999504089355469,-0.007328331470489502
s01,oracle,17,2,7,0.0,1696.68701171875,6798.0556640625,-0.9913401007652283,-0.0533331073820591
s01,oracle,18,2,8,475.6007995605469,2982.2451171875,6052.005859375,-0.9872751832008362,-0.0947350338101387
s01,oracle,19,2,9,435.37347412109375,1534.982421875,3758.4306640625,-0.9891495704650879,-0.05356189236044884
s01,oracle,20,2,10,0.0,441.38653564453125,2458.42529296875,-0.9939132332801819,-0.012653877027332783
s01,oracle,21,3,4,0.0,0.0,1813.4775390625,-1.0,-0.0007064326200634241
s01,oracle,22,3,5,0.0,0.014303849078714848,1812.70751953125,-0.9999936819076538,-0.0010312986560165882
s01,oracle,23,3,6,0.0,0.0,6234.29443359375,-1.0,-0.0020518284291028976
s01,oracle,24,3,7,0.0,1052.783935546875,6117.84716796875,-0.9928240776062012,-0.03280016779899597
s01,oracle,25,3,8,378.8037414550781,2795.791748046875,5732.03564453125,-0.9877970218658447,-0.08672216534614563
s01,oracle,26,3,9,372.7476806640625,1052.173828125,3660.6865234375,-0.9888077974319458,-0.039202310144901276
s01,oracle,27,3,10,0.0,277.3768310546875,2615.314697265625,-0.9954077005386353,-0.008545626886188984
s01,oracle,28,4,4,0.0,0.0,1978.470703125,-1.0,-0.0009068484650924802
s01,oracle,29,4,5,0.0,0.10148786008358002,1977.626953125,-0.999958336353302,-0.0014807687839493155
s01,oracle,30,4,6,0.0,0.0,6552.4365234375,-1.0,-0.003255994524806738
s01,oracle,31,4,7,0.0,1112.6533203125,6429.60205078125,-0.9922974109649658,-0.03591543436050415
s01,oracle,32,4,8,366.86395263671875,2804.07470703125,5990.52783203125,-0.9872527122497559,-0.08698233962059021
s01,oracle,33,4,9,347.588134765625,1022.5841064453125,3839.571533203125,-0.9881869554519653,-0.037935689091682434
s01,oracle,34,4,10,0.0,264.9072265625,2784.4755859375,-0.994852602481842,-0.008424445055425167
s01,oracle,35,5,4,0.0,0.0,2113.91552734375,-1.0,-0.0010559959337115288
s01,oracle,36,5,5,0.0,0.0,2113.01513671875,-1.0,-0.0017236950807273388
s01,oracle,37,5,6,0.0,0.0,6686.328125,-1.0,-0.003764896187931299
s01,oracle,38,5,7,0.0,1023.392578125,6568.53857421875,-0.9917769432067871,-0.03482283279299736
s01,oracle,39,5,8,336.9577331542969,2752.39404296875,6138.6591796875,-0.9867701530456543,-0.08523767441511154
s01,oracle,40,5,9,315.8822021484375,937.6689453125,3967.07470703125,-0.9876672029495239,-0.03525359928607941
s01,oracle,41,5,10,0.0,239.41488647460938,2967.80615234375,-0.9945725202560425,-0.008210073225200176
s01,oracle,42,6,4,0.0,0.0,2273.498046875,-1.0,-0.0014031048631295562
s01,oracle,43,6,5,0.0,0.012980949133634567,2272.54150390625,-0.9999908208847046,-0.0023426441475749016
s01,oracle,44,6,6,0.0,0.0,6731.18798828125,-1.0,-0.005135249812155962
s01,oracle,45,6,7,0.0,1031.7650146484375,6612.54736328125,-0.9913139343261719,-0.036974817514419556
s01,oracle,46,6,8,306.74859619140625,2746.320556640625,6152.5595703125,-0.9866486191749573,-0.08479508757591248
s01,oracle,47,6,9,283.90228271484375,910.6217651367188,3994.7705078125,-0.9875534772872925,-0.033997792750597
s01,oracle,48,6,10,0.0,228.20718383789062,3034.63427734375,-0.9947502613067627,-0.008213117718696594
s01,oracle,49,7,4,0.0,0.0,2338.0107421875,-1.0,-0.0016097158659249544
s01,oracle,50,7,5,0.0,0.0,2337.032470703125,-1.0,-0.0027103456668555737
s01,oracle,51,7,6,0.0,0.0,7081.810546875,-1.0,-0.006070653907954693
s01,oracle,52,7,7,0.0,1055.39404296875,6952.814453125,-0.9910153746604919,-0.039219435304403305
s01,oracle,53,7,8,319.1982727050781,2766.7060546875,6467.19677734375,-0.9859895706176758,-0.08605150878429413
s01,oracle,54,7,9,313.32293701171875,968.807861328125,4185.185546875,-0.9870219826698303,-0.03648824989795685
s01,oracle,55,7,10,0.0,259.1619873046875,3136.244384765625,-0.994139552116394,-0.009162703529000282
s01,oracle,56,8,4,0.0,0.0,2399.68359375,-1.0,-0.0017031950410455465
s01,oracle,57,8,5,0.0,0.0,2398.6787109375,-1.0,-0.0029021650552749634
s01,oracle,58,8,6,0.0,0.0,6908.638671875,-1.0,-0.006493234075605869
s01,oracle,59,8,7,0.0,1081.19775390625,6786.005859375,-0.9909300208091736,-0.04000352323055267
s01,oracle,60,8,8,301.2750244140625,2775.56201171875,6283.3251953125,-0.9863777160644531,-0.08576998114585876
s01,oracle,61,8,9,277.06182861328125,944.2432861328125,4074.71875,-0.9874241948127747,-0.034884724766016006
s01,oracle,62,8,10,0.0,237.3892822265625,3100.69384765625,-0.9945790767669678,-0.008614015765488148
s01,oracle,63,9,4,0.0,0.0,2384.66064453125,-1.0,-0.0017169544007629156
s01,oracle,64,9,5,0.0,0.00831956323236227,2383.658203125,-0.999984860420227,-0.0029093364719301462
s01,oracle,65,9,6,0.0,0.0,6973.91015625,-1.0,-0.00645783543586731
s01,oracle,66,9,7,0.0,1083.713623046875,6854.3671875,-0.9909584522247314,-0.03992597758769989
s01,oracle,67,9,8,303.9758605957031,2775.43505859375,6352.19873046875,-0.986251711845398,-0.08585932850837708
s01,oracle,68,9,9,289.4643249511719,964.7949829101562,4123.212890625,-0.9872389435768127,-0.03573847562074661
s01,oracle,69,9,10,0.0,249.80113220214844,3110.84130859375,-0.994452714920044,-0.008908175863325596
s01,oracle,70,10,4,0.0,0.0,2386.53662109375,-1.0,-0.0016956625040620565
s01,oracle,71,10,5,0.0,0.003799053840339184,2385.54638671875,-0.9999937415122986,-0.0028651852626353502
s01,oracle,72,10,6,0.0,0.0,6848.8857421875,-1.0,-0.006331281736493111
s01,oracle,73,10,7,0.0,1091.65087890625,6732.47216796875,-0.9909826517105103,-0.03972327709197998
s01,oracle,74,10,8,299.14019775390625,2776.7509765625,6228.259765625,-0.9864923357963562,-0.08560722321271896
s01,oracle,75,10,9,279.5011291503906,946.2454833984375,4035.926513671875,-0.9875160455703735,-0.03493185341358185
s01,oracle,76,10,10,0.0,237.8034210205078,3061.316650390625,-0.9948020577430725,-0.00856032408773899
s01,oracle,77,11,4,0.0,0.0,2356.7626953125,-1.0,-0.0016863776836544275
s01,oracle,78,11,5,0.0,0.0,2355.786376953125,-1.0,-0.002858984749764204
s01,oracle,79,11,6,0.0,0.0,6931.2080078125,-1.0,-0.006346684414893389
s01,oracle,80,11,7,0.0,1088.672607421875,6807.81787109375,-0.9910465478897095,-0.03997534513473511
s01,oracle,81,11,8,307.5115966796875,2777.553466796875,6308.57421875,-0.9863537549972534,-0.08604572713375092
s01,oracle,82,11,9,294.3494873046875,963.60791015625,4085.533203125,-0.9873761534690857,-0.03585205227136612
s01,oracle,83,11,10,0.0,248.63836669921875,3080.448974609375,-0.9945541620254517,-0.008876802399754524
s01,oracle,84,12,4,0.0,0.0,2363.93896484375,-1.0,-0.0016964420210570097
s01,oracle,85,12,5,0.0,0.0,2362.94580078125,-1.0,-0.002880100393667817
s01,oracle,86,12,6,0.0,0.0,6895.001953125,-1.0,-0.006385626271367073
s01,oracle,87,12,7,0.0,1089.61181640625,6772.4609375,-0.991033136844635,-0.039883919060230255
s01,oracle,88,12,8,308.24359130859375,2780.92041015625,6272.4794921875,-0.9864030480384827,-0.08598531037569046
s01,oracle,89,12,9,291.664306640625,959.502197265625,4055.27294921875,-0.9874575138092041,-0.03559251129627228
s01,oracle,90,12,10,0.0,244.98931884765625,3058.825439453125,-0.9946479797363281,-0.008725063875317574
s01,oracle,91,13,4,0.0,0.0,2350.87548828125,-1.0,-0.0016598785296082497
s01,oracle,92,13,5,0.0,0.0,2349.8896484375,-1.0,-0.0027871783822774887
s01,oracle,93,13,6,0.0,0.0,6978.67919921875,-1.0,-0.00609303405508399
s01,oracle,94,13,7,0.0,1088.3067626953125,6854.03173828125,-0.9910517930984497,-0.039585940539836884
s01,oracle,95,13,8,311.8791809082031,2782.455078125,6355.8115234375,-0.9862580299377441,-0.08609576523303986
s01,oracle,96,13,9,303.3907470703125,971.2283325195312,4112.72265625,-0.9872999787330627,-0.03616795688867569
s01,oracle,97,13,10,0.0,256.33551025390625,3081.109375,-0.9944795370101929,-0.008962878957390785
s01,oracle,98,14,4,0.0,0.0,2360.09228515625,-1.0,-0.0016159714432433248
s01,oracle,99,14,5,0.0,0.0,2359.0947265625,-1.0,-0.0027065249159932137
s01,oracle,100,14,6,0.0,0.0,6928.474609375,-1.0,-0.0059638977982103825
s01,specialist,0,0,4,2918.07470703125,1189.97119140625,12738.955078125,-0.9689812660217285,-0.11466480791568756
s01,specialist,1,0,5,444.22039794921875,2348.282470703125,6363.580078125,-0.9835414886474609,-0.07696583867073059
s01,specialist,2,0,6,0.0,1802.60107421875,4063.50244140625,-0.9879025220870972,-0.049947500228881836
s01,specialist,3,0,7,0.0,0.0,2969.993408203125,-1.0,-0.0036168121732771397
s01,specialist,4,0,8,0.0,2132.365966796875,2968.837890625,-0.9912655353546143,-0.05824350193142891
s01,specialist,5,0,9,0.0,0.0,2034.522216796875,-1.0,-0.0016572923632338643
s01,specialist,6,0,10,0.0,0.0,2033.853515625,-1.0,-0.0017848847201094031
s01,specialist,7,1,4,0.0,0.0,1784.470703125,-1.0,-0.001360080437734723
s01,specialist,8,1,5,0.0,0.0,1783.89599609375,-1.0,-0.001678470871411264
s01,specialist,9,1,6,0.0,0.0,6368.30322265625,-1.0,-0.002779768779873848
s01,specialist,10,1,7,0.0,0.0,6245.7763671875,-1.0,-0.011084768921136856
s01,specialist,11,1,8,0.0,2504.1416015625,6238.767578125,-0.9861016273498535,-0.07293525338172913
s01,specialist,12,1,9,721.3796997070312,1083.954345703125,4495.80078125,-0.986626923084259,-0.04993799328804016
s01,specialist,13,1,10,0.0,526.6729125976562,2834.11865234375,-0.9951575398445129,-0.015445921570062637
s01,specialist,14,2,4,0.0,0.0,2069.79150390625,-1.0,-0.0010915787424892187
s01,specialist,15,2,5,0.0,176.09043884277344,2068.94482421875,-0.9966350793838501,-0.0060690296813845634
s01,specialist,16,2,6,0.0,0.02980486862361431,6488.701171875,-0.9999901056289673,-0.0026248889043927193
s01,specialist,17,2,7,0.0,1.3682291507720947,6368.5234375,-0.9998098611831665,-0.010814908891916275
s01,specialist,18,2,8,0.0,2562.6572265625,6360.607421875,-0.985732913017273,-0.07412141561508179
s01,specialist,19,2,9,601.3109741210938,1164.1773681640625,4533.349609375,-0.9865168333053589,-0.04894557595252991
s01,specialist,20,2,10,0.0,517.6224365234375,2949.7626953125,-0.9952528476715088,-0.01534016989171505
s01,specialist,21,3,4,0.0,0.0,2153.02392578125,-1.0,-0.001212610863149166
s01,specialist,22,3,5,0.0,185.75106811523438,2152.1484375,-0.9967108368873596,-0.006534161977469921
s01,specialist,23,3,6,0.0,0.08641039580106735,6558.20556640625,-0.9999914169311523,-0.0029002088122069836
s01,specialist,24,3,7,0.0,2.500260353088379,6440.58203125,-0.9998260736465454,-0.01171783171594143
s01,specialist,25,3,8,0.272779256105423,2588.356201171875,6432.28564453125,-0.9855676293373108,-0.07519090175628662
s01,specialist,26,3,9,559.703369140625,1186.96630859375,4561.166015625,-0.9864412546157837,-0.04860164225101471
s01,specialist,27,3,10,0.0,514.4574584960938,3000.665771484375,-0.9952081441879272,-0.0153968445956707
s01,specialist,28,4,4,0.0,0.0,2193.05224609375,-1.0,-0.0013423948548734188
s01,specialist,29,4,5,0.0,193.07052612304688,2192.174072265625,-0.9966838359832764,-0.006845725700259209
s01,specialist,30,4,6,0.0,0.03586852177977562,6734.70556640625,-0.9999932050704956,-0.003027931321412325
s01,specialist,31,4,7,0.0,3.3619394302368164,6611.22021484375,-0.9997574687004089,-0.012268640100955963
s01,specialist,32,4,8,0.010402552783489227,2600.86669921875,6602.3076171875,-0.9852298498153687,-0.0757485032081604
s01,specialist,33,4,9,569.6725463867188,1205.93896484375,4677.59765625,-0.9860718250274658,-0.04937225580215454
s01,specialist,34,4,10,0.0,540.211669921875,3066.63232421875,-0.9948771595954895,-0.01605447754263878
s01,specialist,35,5,4,0.0,0.0,2229.14208984375,-1.0,-0.0012920289300382137
s01,specialist,36,5,5,0.0,206.64639282226562,2228.25390625,-0.9964710474014282,-0.007162830326706171
s01,specialist,37,5,6,0.0,0.0,6745.2900390625,-1.0,-0.0030180306639522314
s01,specialist,38,5,7,0.0,4.110081672668457,6627.1806640625,-0.9997501969337463,-0.012194538488984108
s01,specialist,39,5,8,0.19911232590675354,2618.716064453125,6618.0107421875,-0.9851279854774475,-0.07593552023172379
s01,specialist,40,5,9,556.4097900390625,1197.6209716796875,4672.646484375,-0.9860485196113586,-0.048742786049842834
s01,specialist,41,5,10,0.0,530.3602294921875,3085.3984375,-0.9948625564575195,-0.01576755754649639
s01,specialist,42,6,4,0.0,0.0,2248.720703125,-1.0,-0.0012821925338357687
s01,specialist,43,6,5,0.0,205.7525177001953,2247.828125,-0.9964429140090942,-0.007123224902898073
s01,specialist,44,6,6,0.0,0.0,6634.2939453125,-1.0,-0.0029856266919523478
s01,specialist,45,6,7,0.0,2.802722930908203,6515.73583984375,-0.9997483491897583,-0.012144493870437145
s01,specialist,46,6,8,0.1977938860654831,2616.2109375,6507.228515625,-0.985333263874054,-0.07587505877017975
s01,specialist,47,6,9,516.8327026367188,1152.0123291015625,4589.365234375,-0.9862157702445984,-0.0465153306722641
s01,specialist,48,6,10,0.0,493.8109130859375,3082.2509765625,-0.9951018691062927,-0.014819715172052383
s01,specialist,49,7,4,0.0,0.0,2264.48779296875,-1.0,-0.0013182079419493675
s01,specialist,50,7,5,0.0,192.03988647460938,2263.5888671875,-0.9965824484825134,-0.006775541231036186
s01,specialist,51,7,6,0.0,0.034484632313251495,6936.3876953125,-0.9999960064888,-0.0030722639057785273
s01,specialist,52,7,7,0.0,2.3668038845062256,6807.9775390625,-0.9997909069061279,-0.013323516584932804
s01,specialist,53,7,8,0.20728185772895813,2593.7412109375,6799.392578125,-0.9846949577331543,-0.0759829729795456
s01,specialist,54,7,9,566.5326538085938,1159.96044921875,4816.3662109375,-0.9855177402496338,-0.048225037753582
s01,specialist,55,7,10,0.0,536.9503173828125,3201.628662109375,-0.9944360852241516,-0.0160490982234478
s01,specialist,56,8,4,0.0,0.0,2330.60107421875,-1.0,-0.0013685398735105991
s01,specialist,57,8,5,0.0,215.17050170898438,2329.673583984375,-0.9961406588554382,-0.007454225793480873
s01,specialist,58,8,6,0.0,0.0,6759.3642578125,-1.0,-0.003216040786355734
s01,specialist,59,8,7,0.0,3.1550183296203613,6637.0263671875,-0.9997001886367798,-0.013691983185708523
s01,specialist,60,8,8,0.10250618308782578,2607.1630859375,6628.2578125,-0.9850311279296875,-0.07620691508054733
s01,specialist,61,8,9,492.3270263671875,1102.55810546875,4677.26318359375,-0.9858813285827637,-0.044768281280994415
s01,specialist,62,8,10,0.0,482.0702209472656,3212.213623046875,-0.9947603940963745,-0.01463870145380497
s01,specialist,63,9,4,0.0,0.0,2364.05322265625,-1.0,-0.001384380622766912
s01,specialist,64,9,5,0.0,203.35516357421875,2363.10888671875,-0.9963418245315552,-0.007183744106441736
s01,specialist,65,9,6,0.0,0.11850221455097198,6878.76025390625,-0.999988317489624,-0.003401494584977627
s01,specialist,66,9,7,0.0,3.3702075481414795,6759.58984375,-0.9997093081474304,-0.014758676290512085
s01,specialist,67,9,8,0.12394700199365616,2579.044921875,6750.580078125,-0.9847366809844971,-0.07598638534545898
s01,specialist,68,9,9,505.78564453125,1083.311279296875,4785.0888671875,-0.9854636192321777,-0.044756174087524414
s01,specialist,69,9,10,0.0,486.1775817871094,3282.42236328125,-0.9945326447486877,-0.014844182878732681
s01,specialist,70,10,4,0.0,0.0,2416.8994140625,-1.0,-0.0014560867566615343
s01,specialist,71,10,5,0.0,213.801025390625,2415.9443359375,-0.996168851852417,-0.0075509920716285706
s01,specialist,72,10,6,0.0,0.03814787417650223,6802.328125,-0.9999937415122986,-0.0035835388116538525
s01,specialist,73,10,7,0.0,3.3059840202331543,6686.0732421875,-0.9997159242630005,-0.015298500657081604
s01,specialist,74,10,8,0.10672144591808319,2580.434814453125,6677.2392578125,-0.9848171472549438,-0.07605691999197006
s01,specialist,75,10,9,459.2112121582031,1044.1739501953125,4720.869140625,-0.985600471496582,-0.04260813072323799
s01,specialist,76,10,10,0.0,454.6844482421875,3302.8759765625,-0.9947264194488525,-0.014134510420262814
s01,specialist,77,11,4,0.0,0.0,2449.37255859375,-1.0,-0.001550604123622179
s01,specialist,78,11,5,0.0,199.71405029296875,2448.409423828125,-0.99629807472229,-0.0073081450536847115
s01,specialist,79,11,6,0.0,0.0,6959.400390625,-1.0,-0.0039031694177538157
s01,specialist,80,11,7,0.0,4.177728652954102,6835.73779296875,-0.9997212886810303,-0.01714538410305977
s01,specialist,81,11,8,0.0,2561.46435546875,6826.2060546875,-0.9844805002212524,-0.07644154131412506
s01,specialist,82,11,9,477.5287170410156,1032.9326171875,4839.7177734375,-0.9852252006530762,-0.04308097064495087
s01,specialist,83,11,10,0.0,469.57513427734375,3390.068359375,-0.9943549633026123,-0.014716332778334618
s01,specialist,84,12,4,0.0,0.0,2507.40185546875,-1.0,-0.0016801576130092144
s01,specialist,85,12,5,0.0,215.2158203125,2506.4072265625,-0.9960285425186157,-0.007889000698924065
s01,specialist,86,12,6,0.0,0.0,6971.44970703125,-1.0,-0.004265286028385162
s01,specialist,87,12,7,0.0,3.5103321075439453,6848.51220703125,-0.9996300935745239,-0.01820276491343975
s01,specialist,88,12,8,0.0,2569.369140625,6839.419921875,-0.9843932390213013,-0.07668782770633698
s01,specialist,89,12,9,457.89007568359375,1019.5965576171875,4835.900390625,-0.985182523727417,-0.04232456535100937
s01,specialist,90,12,10,0.0,457.96942138671875,3415.9619140625,-0.9943881034851074,-0.014544842764735222
s01,specialist,91,13,4,0.0,0.0,2535.517578125,-1.0,-0.0017788897966966033
s01,specialist,92,13,5,0.0,209.52978515625,2534.51513671875,-0.9960575103759766,-0.007882995530962944
s01,specialist,93,13,6,0.0,0.0,7098.875,-1.0,-0.004558416549116373
s01,specialist,94,13,7,0.0,3.447951555252075,6973.93896484375,-0.9997038841247559,-0.019566383212804794
s01,specialist,95,13,8,0.0,2562.609130859375,6964.65234375,-0.9841211438179016,-0.07720370590686798
s01,specialist,96,13,9,468.2001037597656,1012.516845703125,4932.103515625,-0.9848913550376892,-0.04262731596827507
s01,specialist,97,13,10,0.0,465.4572448730469,3481.375,-0.9941447973251343,-0.014888156205415726
s01,specialist,98,14,4,0.0,0.0,2578.5751953125,-1.0,-0.001876468537375331
s01,specialist,99,14,5,0.0,217.88365173339844,2577.5517578125,-0.9959036111831665,-0.008212887682020664
s01,specialist,100,14,6,0.0,0.03965605050325394,7081.48583984375,-1.0,-0.004769494757056236
s08,generalist,0,0,4,3000.0,1659.8856201171875,6204.7021484375,-0.9857409000396729,-0.12470443546772003
s08,generalist,1,0,5,64.06573486328125,1856.0244140625,2880.55908203125,-0.9921669960021973,-0.05160984396934509
s08,generalist,2,0,6,0.0,818.3421630859375,2127.803466796875,-0.9931185245513916,-0.02231403812766075
s08,generalist,3,0,7,0.0,1544.4627685546875,1845.330810546875,-0.9943024516105652,-0.0415911003947258
s08,generalist,4,0,8,0.0,1100.638671875,1404.2568359375,-0.9954966306686401,-0.029697177931666374
s08,generalist,5,0,9,0.0,4.681090831756592,1154.9539794921875,-0.9989182353019714,-0.000508188852109015
s08,generalist,6,0,10,0.0,36.633487701416016,1153.518798828125,-0.9990898370742798,-0.0013710628263652325
s08,generalist,7,1,4,0.0,0.0,1002.28271484375,-1.0,-0.0003383651783224195
s08,generalist,8,1,5,0.0,0.0,1001.95947265625,-1.0,-0.0004796608700416982
s08,generalist,9,1,6,0.0,0.0,80436.6171875,-1.0,-0.050565607845783234
s08,generalist,10,1,7,0.0,709.968994140625,78334.4140625,-0.9717205166816711,-0.23242522776126862
s08,generalist,11,1,8,2746.747802734375,1401.282958984375,77225.8203125,-0.8341333866119385,-0.26866334676742554
s08,generalist,12,1,9,2656.97412109375,1535.751708984375,37828.84375,-0.8998174667358398,-0.17259083688259125
s08,generalist,13,1,10,539.0936279296875,1618.162841796875,12445.771484375,-0.9671558141708374,-0.0824182853102684
s08,generalist,14,2,4,345.0421142578125,793.6227416992188,5137.083984375,-0.9848382472991943,-0.03428871929645538
s08,generalist,15,2,5,3.1886606216430664,1149.2696533203125,4044.273681640625,-0.9874511957168579,-0.0346040204167366
s08,generalist,16,2,6,0.0,641.69482421875,68775.9296875,-0.9885618686676025,-0.08272328972816467
s08,generalist,17,2,7,0.0,1872.0673828125,66671.21875,-0.9708054065704346,-0.2848232686519623
s08,generalist,18,2,8,2810.051025390625,2653.91748046875,63909.4453125,-0.8769396543502808,-0.2736551761627197
s08,generalist,19,2,9,2330.00341796875,1908.9158935546875,28548.73046875,-0.9257375001907349,-0.16623155772686005
s08,generalist,20,2,10,492.038330078125,1598.026123046875,9866.771484375,-0.973310112953186,-0.06666021794080734
s08,generalist,21,3,4,145.5641632080078,694.4268798828125,4404.0009765625,-0.9864809513092041,-0.02525724470615387
s08,generalist,22,3,5,0.0,987.2098388671875,3742.031494140625,-0.9881890416145325,-0.02982342056930065
s08,generalist,23,3,6,0.0,572.1649169921875,73988.0390625,-0.9889601469039917,-0.08349104225635529
s08,generalist,24,3,7,0.0,1864.4111328125,71799.2734375,-0.9699225425720215,-0.2888697683811188
s08,generalist,25,3,8,2904.09228515625,2698.14013671875,68942.921875,-0.8686524629592896,-0.27790701389312744
s08,generalist,26,3,9,2471.32763671875,1940.570556640625,30734.19140625,-0.9210463166236877,-0.1730501651763916
s08,generalist,27,3,10,547.743408203125,1617.3433837890625,10323.1865234375,-0.9725112915039062,-0.07073147594928741
s08,generalist,28,4,4,185.51004028320312,689.9564819335938,4411.49169921875,-0.9865680932998657,-0.026165680959820747
s08,generalist,29,4,5,0.24194826185703278,980.192138671875,3696.589111328125,-0.9883423447608948,-0.029404882341623306
s08,generalist,30,4,6,0.0,546.3048706054688,73415.96875,-0.9890209436416626,-0.08206896483898163
s08,generalist,31,4,7,0.0,1828.4794921875,71272.59375,-0.9699225425720215,-0.287259578704834
s08,generalist,32,4,8,2889.3017578125,2662.072265625,68474.6953125,-0.8684536814689636,-0.27944299578666687
s08,generalist,33,4,9,2446.785400390625,1916.896728515625,30363.625,-0.9214403629302979,-0.17202074825763702
s08,generalist,34,4,10,535.1940307617188,1606.2498779296875,10199.6806640625,-0.9725823402404785,-0.06872247159481049
s08,generalist,35,5,4,175.10043334960938,685.9517822265625,4418.708984375,-0.9864822626113892,-0.025728218257427216
s08,generalist,36,5,5,0.0,980.8777465820312,3726.644287109375,-0.9882340431213379,-0.029428932815790176
s08,generalist,37,5,6,0.0,550.8037719726562,72427.0625,-0.9889649152755737,-0.08264397084712982
s08,generalist,38,5,7,0.0,1835.5438232421875,70256.2890625,-0.9704610109329224,-0.288457989692688
s08,generalist,39,5,8,2892.470458984375,2668.771484375,67495.8125,-0.8708803057670593,-0.2795642614364624
s08,generalist,40,5,9,2451.949462890625,1919.3720703125,30092.22265625,-0.9221618175506592,-0.17152079939842224
s08,generalist,41,5,10,527.3784790039062,1604.00537109375,10129.880859375,-0.9727572798728943,-0.06788981705904007
s08,generalist,42,6,4,174.38479614257812,686.184326171875,4398.9423828125,-0.9865118861198425,-0.025583475828170776
s08,generalist,43,6,5,0.0,980.026123046875,3711.0888671875,-0.9882874488830566,-0.029327459633350372
s08,generalist,44,6,6,0.0,549.8818359375,74869.890625,-0.988958477973938,-0.08414947241544724
s08,generalist,45,6,7,0.0,1834.7679443359375,72669.859375,-0.9696730375289917,-0.2886703610420227
s08,generalist,46,6,8,2892.9033203125,2671.354248046875,69834.484375,-0.8666862845420837,-0.2804560661315918
s08,generalist,47,6,9,2457.61669921875,1931.139404296875,31155.66796875,-0.9197770357131958,-0.17395755648612976
s08,generalist,48,6,10,557.9050903320312,1618.8583984375,10438.611328125,-0.9721325039863586,-0.0705147385597229
s08,generalist,49,7,4,189.82394409179688,694.9025268554688,4449.02978515625,-0.986431360244751,-0.02649861015379429
s08,generalist,50,7,5,0.003760942490771413,987.48779296875,3727.2021484375,-0.9882588386535645,-0.029698530212044716
s08,generalist,51,7,6,0.0,554.642578125,75551.4375,-0.9888986945152283,-0.08549569547176361
s08,generalist,52,7,7,0.0,1836.44677734375,73329.5859375,-0.9690042734146118,-0.28843194246292114
s08,generalist,53,7,8,2891.89306640625,2675.16162109375,70445.0625,-0.8645464181900024,-0.28168123960494995
s08,generalist,54,7,9,2450.91552734375,1934.388916015625,31112.6484375,-0.9196776151657104,-0.17493483424186707
s08,generalist,55,7,10,563.37646484375,1621.24755859375,10385.4541015625,-0.9721933007240295,-0.07037564367055893
s08,generalist,56,8,4,183.40367126464844,693.984130859375,4446.26123046875,-0.9864075183868408,-0.02618234045803547
s08,generalist,57,8,5,0.0,988.2445678710938,3738.3916015625,-0.9882041215896606,-0.02962431125342846
s08,generalist,58,8,6,0.0,555.8065795898438,72801.3203125,-0.9889130592346191,-0.08274291455745697
s08,generalist,59,8,7,0.0,1837.463134765625,70495.359375,-0.9700973033905029,-0.28880277276039124
s08,generalist,60,8,8,2894.2099609375,2672.091064453125,67698.59375,-0.8699032068252563,-0.27997255325317383
s08,generalist,61,8,9,2451.1533203125,1922.759033203125,29987.5078125,-0.9225192070007324,-0.17159253358840942
s08,generalist,62,8,10,530.4388427734375,1604.91015625,10143.71484375,-0.9728100299835205,-0.06903983652591705
s08,generalist,63,9,4,164.39109802246094,685.6085205078125,4430.81787109375,-0.9864384531974792,-0.02544686570763588
s08,generalist,64,9,5,0.0,981.167724609375,3744.38818359375,-0.9881560206413269,-0.029396038502454758
s08,generalist,65,9,6,0.0,551.8973388671875,72943.78125,-0.9889151453971863,-0.08288080990314484
s08,generalist,66,9,7,0.0,1837.098876953125,70813.59375,-0.9703556299209595,-0.2895362973213196
s08,generalist,67,9,8,2895.06201171875,2672.30615234375,68043.359375,-0.869674801826477,-0.281070351600647
s08,generalist,68,9,9,2457.376220703125,1924.678955078125,30265.845703125,-0.9217674732208252,-0.1715264618396759
s08,generalist,69,9,10,527.4324951171875,1606.854736328125,10173.73046875,-0.9726619720458984,-0.06886397302150726
s08,generalist,70,10,4,173.7972869873047,688.70068359375,4423.55078125,-0.9864616394042969,-0.025782812386751175
s08,generalist,71,10,5,0.0,982.4981689453125,3728.2412109375,-0.9882205724716187,-0.02945799008011818
s08,generalist,72,10,6,0.0,551.9544067382812,70050.984375,-0.9889882206916809,-0.07867330312728882
s08,generalist,73,10,7,0.0,1836.01416015625,68067.375,-0.9709064960479736,-0.2887972593307495
s08,generalist,74,10,8,2888.094482421875,2665.701416015625,65355.48828125,-0.8747514486312866,-0.2769832909107208
s08,generalist,75,10,9,2441.37060546875,1903.2222900390625,29126.154296875,-0.9243805408477783,-0.16723734140396118
s08,generalist,76,10,10,489.4093322753906,1585.592041015625,9893.869140625,-0.9732979536056519,-0.06672312319278717
s08,generalist,77,11,4,164.44911193847656,674.1856079101562,4380.677734375,-0.9865775108337402,-0.025164559483528137
s08,generalist,78,11,5,0.0,968.714111328125,3712.857177734375,-0.9882673621177673,-0.0291830375790596
s08,generalist,79,11,6,0.0,542.33935546875,74477.78125,-0.9889348745346069,-0.08450863510370255
s08,generalist,80,11,7,0.0,1832.33642578125,72341.34375,-0.9694640636444092,-0.28926247358322144
s08,generalist,81,11,8,2893.8095703125,2672.33349609375,69503.5625,-0.8665503263473511,-0.2822432219982147
s08,generalist,82,11,9,2463.2158203125,1935.79248046875,30793.21484375,-0.9205201268196106,-0.17439231276512146
s08,generalist,83,11,10,554.13671875,1621.06689453125,10291.263671875,-0.9724091291427612,-0.06972239911556244
s08,generalist,84,12,4,178.9571533203125,695.1375732421875,4426.2314453125,-0.9864773750305176,-0.02614137902855873
s08,generalist,85,12,5,0.008766291663050652,989.0802612304688,3724.99365234375,-0.9882428646087646,-0.029689228162169456
s08,generalist,86,12,6,0.0,555.6063232421875,72303.859375,-0.9889789819717407,-0.08138403296470642
s08,generalist,87,12,7,0.0,1837.4229736328125,70251.734375,-0.9697396755218506,-0.2885693311691284
s08,generalist,88,12,8,2888.61279296875,2670.275390625,67430.984375,-0.8700434565544128,-0.28020745515823364
s08,generalist,89,12,9,2445.512451171875,1918.21533203125,29769.6875,-0.9228860139846802,-0.17077282071113586
s08,generalist,90,12,10,520.8084106445312,1600.9244384765625,10058.06640625,-0.9729232788085938,-0.0677109956741333
s08,generalist,91,13,4,164.78872680664062,681.9129638671875,4407.45849609375,-0.9864895343780518,-0.025338999927043915
s08,generalist,92,13,5,0.0,977.42822265625,3730.7685546875,-0.9882057309150696,-0.029428260400891304
s08,generalist,93,13,6,0.0,548.9016723632812,72386.5,-0.9889288544654846,-0.08129860460758209
s08,generalist,94,13,7,0.0,1835.969482421875,70239.8125,-0.9702953696250916,-0.2879522740840912
s08,generalist,95,13,8,2891.4873046875,2666.83251953125,67448.2578125,-0.8710439801216125,-0.2781144976615906
s08,generalist,96,13,9,2446.26220703125,1914.27197265625,30094.72265625,-0.9222724437713623,-0.17056988179683685
s08,generalist,97,13,10,520.895263671875,1601.0447998046875,10184.7470703125,-0.9726901650428772,-0.06902413070201874
s08,generalist,98,14,4,176.5929718017578,684.11328125,4422.38427734375,-0.9864808917045593,-0.025748703628778458
s08,generalist,99,14,5,0.0,977.7708129882812,3723.041015625,-0.9882256388664246,-0.029320362955331802
s08,generalist,100,14,6,0.0,548.5177001953125,69899.5703125,-1.0,-0.07962459325790405
s08,oracle,0,0,4,1028.6842041015625,1163.1751708984375,6204.7021484375,-0.9824588298797607,-0.059512924402952194
s08,oracle,1,0,5,0.0,998.9805908203125,4279.68359375,-0.987189769744873,-0.028145737946033478
s08,oracle,2,0,6,0.0,393.36041259765625,3637.8388671875,-0.9876952767372131,-0.013205267488956451
s08,oracle,3,0,7,0.0,1511.992431640625,3394.2294921875,-0.989458441734314,-0.04228430241346359
s08,oracle,4,0,8,0.0832919329404831,1583.0712890625,2595.9892578125,-0.9919888973236084,-0.043365947902202606
s08,oracle,5,0,9,0.0,0.0,1960.8734130859375,-1.0,-0.0013641646364703774
s08,oracle,6,0,10,0.0,0.0,1960.2373046875,-1.0,-0.0014641997404396534
s08,oracle,7,1,4,0.0,0.0,1719.71630859375,-1.0,-0.001138635678216815
s08,oracle,8,1,5,0.0,0.06681110709905624,1719.16943359375,-0.9999583959579468,-0.0017216706182807684
s08,oracle,9,1,6,0.0,0.0,79676.015625,-1.0,-0.058959826827049255
s08,oracle,10,1,7,0.0,2297.85009765625,77613.5,-0.9720308184623718,-0.283973753452301
s08,oracle,11,1,8,2997.1298828125,2999.984375,74295.0546875,-0.8610922694206238,-0.2550848424434662
s08,oracle,12,1,9,2954.59130859375,1674.326416015625,32603.416015625,-0.9163816571235657,-0.1732776165008545
s08,oracle,13,1,10,534.6029052734375,524.545166015625,10196.26953125,-0.9860043525695801,-0.045216456055641174
s08,oracle,14,2,4,668.6212158203125,1390.9150390625,4665.828125,-0.9868277311325073,-0.05639887601137161
s08,oracle,15,2,5,0.045111753046512604,1244.3958740234375,3130.9453125,-0.9903812408447266,-0.03467020392417908
s08,oracle,16,2,6,0.0,731.7467041015625,69583.015625,-0.991181492805481,-0.07384784519672394
s08,oracle,17,2,7,0.0,2361.02880859375,67467.2421875,-0.9732855558395386,-0.27503374218940735
s08,oracle,18,2,8,2994.357177734375,2999.98583984375,64223.890625,-0.8791024684906006,-0.24670182168483734
s08,oracle,19,2,9,2974.67041015625,1720.263916015625,27938.19921875,-0.9281570911407471,-0.1722172498703003
s08,oracle,20,2,10,508.6429443359375,477.07373046875,8792.93359375,-0.9888262748718262,-0.03601672500371933
s08,oracle,21,3,4,691.6927490234375,1367.7998046875,4322.07666015625,-0.9876870512962341,-0.05612267181277275
s08,oracle,22,3,5,0.4080316126346588,1349.2587890625,2956.326904296875,-0.9909553527832031,-0.03726032376289368
s08,oracle,23,3,6,0.0,850.658447265625,73488.1484375,-0.9917929768562317,-0.0784025564789772
s08,oracle,24,3,7,0.0,2486.15380859375,71258.9375,-0.9731991291046143,-0.2745365500450134
s08,oracle,25,3,8,2999.58740234375,3000.0,67825.21875,-0.8729103803634644,-0.2473435401916504
s08,oracle,26,3,9,2988.73681640625,1750.7392578125,29674.826171875,-0.9240235686302185,-0.176214337348938
s08,oracle,27,3,10,548.8490600585938,519.5250854492188,9255.1171875,-0.9876512885093689,-0.03973185271024704
s08,oracle,28,4,4,690.245849609375,1355.12158203125,4376.0478515625,-0.9875376224517822,-0.05575833469629288
s08,oracle,29,4,5,0.17255458235740662,1347.5194091796875,2981.200927734375,-0.9908947944641113,-0.03718363493680954
s08,oracle,30,4,6,0.0,845.464599609375,72744.5859375,-0.991710364818573,-0.07771463692188263
s08,oracle,31,4,7,0.0,2459.47021484375,70548.0,-0.973136305809021,-0.27352598309516907
s08,oracle,32,4,8,2998.9052734375,3000.0,67156.4375,-0.8733310699462891,-0.24798326194286346
s08,oracle,33,4,9,2983.23876953125,1721.0068359375,29133.98046875,-0.9249014854431152,-0.1749361753463745
s08,oracle,34,4,10,538.373291015625,503.9381408691406,9049.69140625,-0.9881240725517273,-0.03754895552992821
s08,oracle,35,5,4,678.2161254882812,1331.8131103515625,4354.61669921875,-0.9875139594078064,-0.054810792207717896
s08,oracle,36,5,5,0.47431689500808716,1330.109130859375,2994.83251953125,-0.9908227920532227,-0.03673658147454262
s08,oracle,37,5,6,0.0,833.2762451171875,71806.34375,-0.9916675090789795,-0.07710110396146774
s08,oracle,38,5,7,0.0,2456.00341796875,69585.7421875,-0.9736584424972534,-0.27536338567733765
s08,oracle,39,5,8,2999.30224609375,3000.0,66252.15625,-0.8755987882614136,-0.24785026907920837
s08,oracle,40,5,9,2984.93798828125,1710.3408203125,28909.5078125,-0.9254268407821655,-0.17396458983421326
s08,oracle,41,5,10,531.5470581054688,497.7186584472656,9011.26953125,-0.9882498979568481,-0.036831557750701904
s08,oracle,42,6,4,677.222412109375,1324.625732421875,4351.92138671875,-0.9875168800354004,-0.05455693602561951
s08,oracle,43,6,5,0.39747709035873413,1323.0443115234375,3000.081787109375,-0.9908145666122437,-0.03655586764216423
s08,oracle,44,6,6,0.0,827.8958740234375,74182.34375,-0.9916054606437683,-0.07919074594974518
s08,oracle,45,6,7,0.0,2456.478515625,71938.609375,-0.972856879234314,-0.2759474515914917
s08,oracle,46,6,8,2998.996337890625,2999.96728515625,68503.96875,-0.8715512752532959,-0.24959316849708557
s08,oracle,47,6,9,2984.791259765625,1723.22802734375,29946.646484375,-0.9230948686599731,-0.17635759711265564
s08,oracle,48,6,10,557.188232421875,524.2972412109375,9323.41796875,-0.9874829053878784,-0.03951221704483032
s08,oracle,49,7,4,688.23681640625,1332.3221435546875,4404.36279296875,-0.9874034523963928,-0.055157504975795746
s08,oracle,50,7,5,0.23361892998218536,1328.1483154296875,3018.99755859375,-0.9907557964324951,-0.036736439913511276
s08,oracle,51,7,6,0.0,831.1447143554688,74908.4375,-0.9915310144424438,-0.08051468431949615
s08,oracle,52,7,7,0.0,2450.1953125,72639.5625,-0.9722003936767578,-0.27640432119369507
s08,oracle,53,7,8,2997.876220703125,3000.0,69126.609375,-0.8694120645523071,-0.2509196400642395
s08,oracle,54,7,9,2982.6826171875,1723.1787109375,29929.025390625,-0.9229376912117004,-0.17724856734275818
s08,oracle,55,7,10,565.5386962890625,529.3753051757812,9273.505859375,-0.987575888633728,-0.03955458849668503
s08,oracle,56,8,4,682.8209228515625,1329.927978515625,4405.19482421875,-0.9873788356781006,-0.05490962415933609
s08,oracle,57,8,5,0.10652180761098862,1327.394775390625,3030.77978515625,-0.9907172918319702,-0.036695003509521484
s08,oracle,58,8,6,0.0,830.3396606445312,72170.703125,-0.9915486574172974,-0.07743494212627411
s08,oracle,59,8,7,0.0,2447.598388671875,69816.1015625,-0.9732309579849243,-0.27655473351478577
s08,oracle,60,8,8,2999.34765625,3000.0,66444.359375,-0.8746212124824524,-0.2487626075744629
s08,oracle,61,8,9,2984.412841796875,1707.5167236328125,28807.853515625,-0.9257544279098511,-0.17395201325416565
s08,oracle,62,8,10,532.1990966796875,495.6182861328125,9032.7470703125,-0.9883450269699097,-0.03779177367687225
s08,oracle,63,9,4,669.02197265625,1315.5908203125,4398.54638671875,-0.9873720407485962,-0.05416722595691681
s08,oracle,64,9,5,0.3203280568122864,1320.466064453125,3041.638916015625,-0.9906569123268127,-0.03651018440723419
s08,oracle,65,9,6,0.0,825.751953125,72325.8515625,-0.9915497303009033,-0.0777495801448822
s08,oracle,66,9,7,0.0,2454.35546875,70151.8984375,-0.9734721779823303,-0.27765122056007385
s08,oracle,67,9,8,2998.701416015625,3000.0,66811.578125,-0.8743569850921631,-0.24935084581375122
s08,oracle,68,9,9,2984.063720703125,1712.5028076171875,29097.6796875,-0.9249828457832336,-0.17384004592895508
s08,oracle,69,9,10,530.1832275390625,495.66156005859375,9075.85546875,-0.9881833791732788,-0.037807345390319824
s08,oracle,70,10,4,676.8267211914062,1320.8306884765625,4403.17041015625,-0.9873749017715454,-0.054534073919057846
s08,oracle,71,10,5,0.3191404938697815,1320.54345703125,3036.376220703125,-0.9906818866729736,-0.03653528541326523
s08,oracle,72,10,6,0.0,826.5616455078125,69327.03125,-0.9915416240692139,-0.07368020713329315
s08,oracle,73,10,7,0.0,2453.6162109375,67301.03125,-0.9740237593650818,-0.2760195732116699
s08,oracle,74,10,8,2998.27734375,3000.0,64018.34765625,-0.8796433210372925,-0.2453983724117279
s08,oracle,75,10,9,2984.50634765625,1686.3944091796875,27892.26953125,-0.9277759194374084,-0.16968593001365662
s08,oracle,76,10,10,488.4439697265625,461.50616455078125,8753.4033203125,-0.9891339540481567,-0.03508446365594864
s08,oracle,77,11,4,662.0075073242188,1300.079345703125,4346.21630859375,-0.9874784350395203,-0.05357804149389267
s08,oracle,78,11,5,0.21280482411384583,1303.2542724609375,3019.1728515625,-0.9907244443893433,-0.03609459847211838
s08,oracle,79,11,6,0.0,814.7481079101562,73845.8125,-0.991513192653656,-0.07946030050516129
s08,oracle,80,11,7,0.0,2460.12451171875,71660.109375,-0.9726229906082153,-0.2778964638710022
s08,oracle,81,11,8,2999.546875,3000.0,68191.8828125,-0.8714202046394348,-0.2511543035507202
s08,oracle,82,11,9,2985.36669921875,1726.858154296875,29595.4921875,-0.9237934350967407,-0.17646555602550507
s08,oracle,83,11,10,554.7842407226562,519.68408203125,9186.7509765625,-0.9877978563308716,-0.03876662626862526
s08,oracle,84,12,4,680.6549682617188,1331.0635986328125,4400.61474609375,-0.9873894453048706,-0.05490608513355255
s08,oracle,85,12,5,0.2535719871520996,1330.723876953125,3029.32275390625,-0.9907198548316956,-0.036811672151088715
s08,oracle,86,12,6,0.0,832.986083984375,71604.6640625,-0.9915542602539062,-0.07668190449476242
s08,oracle,87,12,7,0.0,2451.085693359375,69505.1484375,-0.9728927612304688,-0.27590233087539673
s08,oracle,88,12,8,2999.063232421875,3000.0,66100.7109375,-0.8748961687088013,-0.2484450787305832
s08,oracle,89,12,9,2984.630859375,1704.2142333984375,28548.66015625,-0.9262492656707764,-0.1731487512588501
s08,oracle,90,12,10,523.2123413085938,486.9024963378906,8925.130859375,-0.9885849952697754,-0.036404773592948914
s08,oracle,91,13,4,665.270263671875,1311.335205078125,4368.9267578125,-0.9874307513237,-0.05395078659057617
s08,oracle,92,13,5,0.17578884959220886,1315.073486328125,3028.82177734375,-0.9907058477401733,-0.03641433268785477
s08,oracle,93,13,6,0.0,822.140625,71688.140625,-0.9915224313735962,-0.07636674493551254
s08,oracle,94,13,7,0.0,2454.73486328125,69494.296875,-0.973441481590271,-0.27486371994018555
s08,oracle,95,13,8,2999.34912109375,3000.0,66144.203125,-0.8758576512336731,-0.24735870957374573
s08,oracle,96,13,9,2984.467529296875,1699.64404296875,28878.98828125,-0.9256094694137573,-0.17309090495109558
s08,oracle,97,13,10,521.87890625,490.2044982910156,9057.056640625,-0.9882567524909973,-0.03761041909456253
s08,oracle,98,14,4,674.3099365234375,1314.737060546875,4382.19970703125,-0.9874331951141357,-0.054290689527988434
s08,oracle,99,14,5,0.274090975522995,1314.390380859375,3021.86376953125,-0.9907246232032776,-0.03635992109775543
s08,oracle,100,14,6,0.0,823.0515747070312,69224.1328125,-1.0,-0.07455810904502869
s08,specialist,0,0,4,3000.0,0.0,6204.7021484375,-0.9825829863548279,-0.08079966902732849
s08,specialist,1,0,5,0.0,1760.504638671875,3589.9365234375,-0.9899905920028687,-0.04767783731222153
s08,specialist,2,0,6,0.0,1923.7105712890625,2707.538818359375,-0.9919868111610413,-0.05186352878808975
s08,specialist,3,0,7,0.0,0.0,1936.0001220703125,-1.0,-0.000851337390486151
s08,specialist,4,0,8,0.0,0.0,1935.2568359375,-1.0,-0.001143870991654694
s08,specialist,5,0,9,0.0,0.0,1934.5755615234375,-1.0,-0.0013516152976080775
s08,specialist,6,0,10,0.0,0.0,1933.9473876953125,-1.0,-0.001445970730856061
s08,specialist,7,1,4,0.0,0.0,1697.10009765625,-1.0,-0.0011227789800614119
s08,specialist,8,1,5,0.0,932.69873046875,1696.559814453125,-0.9944624900817871,-0.02592763677239418
s08,specialist,9,1,6,0.0,909.9254150390625,79449.8828125,-0.9946410655975342,-0.07647553831338882
s08,specialist,10,1,7,0.7808177471160889,2945.1767578125,77142.015625,-0.9742743968963623,-0.2702594995498657
s08,specialist,11,1,8,2999.11865234375,3000.0,73236.234375,-0.8632738590240479,-0.24010613560676575
s08,specialist,12,1,9,3000.0,1268.6766357421875,32194.84765625,-0.8986326456069946,-0.16300971806049347
s08,specialist,13,1,10,31.161205291748047,435.66864013671875,12222.27734375,-0.9776538610458374,-0.06213489919900894
s08,specialist,14,2,4,786.7496337890625,689.7596435546875,6958.5830078125,-0.9820111989974976,-0.04834853485226631
s08,specialist,15,2,5,21.79436492919922,1943.9927978515625,4105.5693359375,-0.9882410764694214,-0.05551914870738983
s08,specialist,16,2,6,0.0,1822.881103515625,61554.20703125,-0.9910585284233093,-0.09245246648788452
s08,specialist,17,2,7,27.785797119140625,2523.69287109375,59114.3515625,-0.977181077003479,-0.23167234659194946
s08,specialist,18,2,8,2549.077392578125,2982.878173828125,55744.94921875,-0.895190954208374,-0.2158045768737793
s08,specialist,19,2,9,2518.173828125,886.4395751953125,24516.8125,-0.9206956624984741,-0.1315133273601532
s08,specialist,20,2,10,1.3668292760849,337.88201904296875,9879.82421875,-0.9832462072372437,-0.05042269080877304
s08,specialist,21,3,4,624.6357421875,605.3438720703125,6068.68798828125,-0.9854850769042969,-0.03975585848093033
s08,specialist,22,3,5,9.71947193145752,1878.7296142578125,3765.618408203125,-0.9893618822097778,-0.05303363502025604
s08,specialist,23,3,6,0.0,1665.9990234375,67279.3671875,-0.9922857284545898,-0.0928235650062561
s08,specialist,24,3,7,1.5278056859970093,2576.79541015625,64815.5234375,-0.9760552048683167,-0.23933547735214233
s08,specialist,25,3,8,2575.6474609375,2998.05419921875,61443.51171875,-0.8848896026611328,-0.22182798385620117
s08,specialist,26,3,9,2601.6826171875,831.0775146484375,27079.3515625,-0.9111185073852539,-0.13690868020057678
s08,specialist,27,3,10,9.665616989135742,385.043212890625,10938.388671875,-0.9805561900138855,-0.056601881980895996
s08,specialist,28,4,4,676.8870849609375,652.86328125,6521.84423828125,-0.9846630692481995,-0.044587090611457825
s08,specialist,29,4,5,16.50452423095703,1950.0546875,3925.021240234375,-0.9888476133346558,-0.05558053404092789
s08,specialist,30,4,6,0.0,1694.2886962890625,63490.8046875,-0.9918003678321838,-0.08952600508928299
s08,specialist,31,4,7,1.0936883687973022,2542.527099609375,61090.6875,-0.9765363335609436,-0.2346106469631195
s08,specialist,32,4,8,2535.18798828125,2994.57177734375,57796.6953125,-0.8908485174179077,-0.2175450325012207
s08,specialist,33,4,9,2562.162841796875,790.2702026367188,25275.32421875,-0.916364312171936,-0.13080906867980957
s08,specialist,34,4,10,5.359342575073242,336.849609375,10212.38671875,-0.9825395941734314,-0.05127575993537903
s08,specialist,35,5,4,611.0316162109375,582.6937255859375,6235.14501953125,-0.9857792854309082,-0.03944516181945801
s08,specialist,36,5,5,13.764425277709961,1871.9005126953125,3886.403076171875,-0.9888923168182373,-0.053034551441669464
s08,specialist,37,5,6,0.0,1614.6900634765625,63925.2265625,-0.9918755888938904,-0.08934356272220612
s08,specialist,38,5,7,0.9320501089096069,2554.58740234375,61483.6015625,-0.9768868088722229,-0.23969855904579163
s08,specialist,39,5,8,2574.46337890625,2994.5771484375,58202.4453125,-0.8907806277275085,-0.22021976113319397
s08,specialist,40,5,9,2584.86669921875,784.6749267578125,25600.8515625,-0.9151897430419922,-0.13254204392433167
s08,specialist,41,5,10,6.856393814086914,347.2620849609375,10383.552734375,-0.9820894598960876,-0.05285152047872543
s08,specialist,42,6,4,607.9239501953125,579.159423828125,6315.75927734375,-0.985722005367279,-0.03902112692594528
s08,specialist,43,6,5,11.869093894958496,1838.8238525390625,3950.943359375,-0.9887063503265381,-0.052028216421604156
s08,specialist,44,6,6,0.0,1600.4542236328125,65284.10546875,-0.991634726524353,-0.09036283940076828
s08,specialist,45,6,7,1.1640664339065552,2554.014404296875,62853.5,-0.9761521816253662,-0.24088771641254425
s08,specialist,46,6,8,2568.01318359375,2994.8984375,59455.6640625,-0.8884822130203247,-0.22163257002830505
s08,specialist,47,6,9,2585.77587890625,774.5,26184.810546875,-0.9131024479866028,-0.13368606567382812
s08,specialist,48,6,10,7.365545272827148,350.56884765625,10692.55859375,-0.9814261794090271,-0.054532214999198914
s08,specialist,49,7,4,613.1456909179688,586.0120849609375,6496.22412109375,-0.9857328534126282,-0.04097481817007065
s08,specialist,50,7,5,13.168155670166016,1826.9962158203125,4020.90771484375,-0.9885314106941223,-0.05243538320064545
s08,specialist,51,7,6,0.0,1589.89794921875,66539.7109375,-0.9914801716804504,-0.09184655547142029
s08,specialist,52,7,7,0.9627124071121216,2534.410888671875,64083.3203125,-0.9754388332366943,-0.24048563838005066
s08,specialist,53,7,8,2555.55322265625,2995.75341796875,60593.1484375,-0.8854482173919678,-0.22236517071723938
s08,specialist,54,7,9,2565.76318359375,766.078857421875,26395.7109375,-0.9120340347290039,-0.1341780126094818
s08,specialist,55,7,10,5.459081649780273,357.3563232421875,10728.478515625,-0.9808903336524963,-0.05578014254570007
s08,specialist,56,8,4,621.9970703125,593.718017578125,6537.04052734375,-0.9857563972473145,-0.041049130260944366
s08,specialist,57,8,5,11.962815284729004,1803.7608642578125,4022.69775390625,-0.9884846806526184,-0.051626816391944885
s08,specialist,58,8,6,0.0,1574.0806884765625,63036.8515625,-0.9915415048599243,-0.08805438876152039
s08,specialist,59,8,7,0.766238808631897,2510.896484375,60529.6171875,-0.9766674637794495,-0.23938919603824615
s08,specialist,60,8,8,2541.10205078125,2992.26904296875,57230.9375,-0.8921142816543579,-0.21951846778392792
s08,specialist,61,8,9,2539.83642578125,774.0170288085938,25044.14453125,-0.9176713824272156,-0.13006961345672607
s08,specialist,62,8,10,6.041289329528809,315.7431640625,10256.6923828125,-0.9823249578475952,-0.05121002718806267
s08,specialist,63,9,4,585.264404296875,556.9509887695312,6340.68212890625,-0.9860965013504028,-0.03931199014186859
s08,specialist,64,9,5,12.639861106872559,1776.561279296875,4003.64990234375,-0.9885702729225159,-0.05093693360686302
s08,specialist,65,9,6,0.0,1546.653076171875,63979.2109375,-0.9915519952774048,-0.0878242701292038
s08,specialist,66,9,7,0.8466076850891113,2547.5556640625,61596.65625,-0.9767009019851685,-0.24406851828098297
s08,specialist,67,9,8,2583.858154296875,2995.43505859375,58300.7421875,-0.890568196773529,-0.2223649024963379
s08,specialist,68,9,9,2586.10986328125,787.2093505859375,25645.138671875,-0.9151204228401184,-0.13201496005058289
s08,specialist,69,9,10,5.900984764099121,340.3735656738281,10384.8671875,-0.9825190305709839,-0.052199605852365494
s08,specialist,70,10,4,589.2954711914062,559.6734619140625,6347.53369140625,-0.9860584735870361,-0.03915856406092644
s08,specialist,71,10,5,12.659302711486816,1796.401123046875,4020.30078125,-0.9885021448135376,-0.051425252109766006
s08,specialist,72,10,6,0.0,1565.3740234375,61834.56640625,-0.9914835691452026,-0.08609192073345184
s08,specialist,73,10,7,0.9014397263526917,2545.91845703125,59572.1484375,-0.9769507050514221,-0.24265561997890472
s08,specialist,74,10,8,2584.79541015625,2994.23291015625,56298.875,-0.8941599130630493,-0.21980686485767365
s08,specialist,75,10,9,2594.92919921875,789.197509765625,24734.822265625,-0.9183646440505981,-0.1302715241909027
s08,specialist,76,10,10,5.115389823913574,317.7689208984375,10078.537109375,-0.9833188652992249,-0.049613162875175476
s08,specialist,77,11,4,559.9276733398438,533.42333984375,6224.193359375,-0.9865097999572754,-0.03754342347383499
s08,specialist,78,11,5,9.455970764160156,1787.406494140625,4003.029296875,-0.9885276556015015,-0.051152974367141724
s08,specialist,79,11,6,0.0,1552.27880859375,66772.96875,-0.9913932085037231,-0.09153889119625092
s08,specialist,80,11,7,0.8803748488426208,2566.45703125,64336.25390625,-0.9754341840744019,-0.2462872862815857
s08,specialist,81,11,8,2609.345458984375,2995.783447265625,60825.8359375,-0.8850831985473633,-0.22592861950397491
s08,specialist,82,11,9,2609.9111328125,786.3303833007812,26506.49609375,-0.9116731882095337,-0.13623422384262085
s08,specialist,83,11,10,5.6238555908203125,356.2210998535156,10740.3818359375,-0.9811868667602539,-0.05609322339296341
s08,specialist,84,12,4,625.4143676757812,597.8468017578125,6581.783203125,-0.9857534170150757,-0.04135386645793915
s08,specialist,85,12,5,10.003867149353027,1820.912109375,4079.5048828125,-0.9883581399917603,-0.052111007273197174
s08,specialist,86,12,6,0.0,1590.7904052734375,63379.44921875,-0.9913945198059082,-0.08853579312562943
s08,specialist,87,12,7,0.7854638695716858,2521.953857421875,61032.296875,-0.9761492013931274,-0.24059630930423737
s08,specialist,88,12,8,2551.206298828125,2992.92919921875,57672.125,-0.8910897970199585,-0.2211170345544815
s08,specialist,89,12,9,2561.52099609375,778.8442993164062,25202.20703125,-0.9167919754981995,-0.13081997632980347
s08,specialist,90,12,10,5.308903694152832,324.8954162597656,10287.16796875,-0.9824495315551758,-0.051458973437547684
s08,specialist,91,13,4,582.9677734375,555.8866577148438,6341.06787109375,-0.9862534999847412,-0.03882673382759094
s08,specialist,92,13,5,10.569281578063965,1779.63671875,4008.572265625,-0.988563060760498,-0.05095972120761871
s08,specialist,93,13,6,0.0,1546.09375,64037.03125,-0.9914815425872803,-0.08745940029621124
s08,specialist,94,13,7,0.8621185421943665,2541.109375,61608.4140625,-0.9764838218688965,-0.2417919635772705
s08,specialist,95,13,8,2588.041015625,2993.438232421875,58291.4921875,-0.8908110857009888,-0.22151648998260498
s08,specialist,96,13,9,2589.6884765625,791.188720703125,25708.84765625,-0.9153452515602112,-0.1322799026966095
s08,specialist,97,13,10,5.517029762268066,340.5467224121094,10507.220703125,-0.9818488359451294,-0.052290596067905426
s08,specialist,98,14,4,586.7537231445312,559.017578125,6417.80322265625,-0.9860299825668335,-0.03991612046957016
s08,specialist,99,14,5,11.608251571655273,1786.121826171875,4030.17041015625,-0.9885179996490479,-0.05131340026855469
s08,specialist,100,14,6,0.0,1559.18603515625,62541.359375,-1.0,-0.08740593492984772
s16,generalist,0,0,4,3000.0,1659.8856201171875,8504.38671875,-0.9804583191871643,-0.12518510222434998
s16,generalist,1,0,5,141.55853271484375,1913.4727783203125,3948.732421875,-0.9893189072608948,-0.05558795481920242
s16,generalist,2,0,6,0.0,903.6029052734375,2850.5634765625,-0.9908492565155029,-0.02507413737475872
s16,generalist,3,0,7,0.0,1639.7548828125,2436.109130859375,-0.992534875869751,-0.044454194605350494
s16,generalist,4,0,8,0.0,1240.3272705078125,1822.641357421875,-0.9942301511764526,-0.03363632410764694
s16,generalist,5,0,9,0.0,78.49000549316406,1462.827880859375,-0.9949373006820679,-0.0027110350783914328
s16,generalist,6,0,10,0.0,211.32467651367188,1441.7403564453125,-0.9950547218322754,-0.006231114733964205
s16,generalist,7,1,4,0.0,0.0,1215.85791015625,-1.0,-0.000494697829708457
s16,generalist,8,1,5,0.0,0.0,1215.46533203125,-1.0,-0.0007817444857209921
s16,generalist,9,1,6,0.0,0.0,101296.546875,-1.0,-0.06728935241699219
s16,generalist,10,1,7,0.0,728.152099609375,98649.109375,-0.9644856452941895,-0.2590031921863556
s16,generalist,11,1,8,2760.95947265625,1419.362548828125,97227.703125,-0.7927672266960144,-0.3069811463356018
s16,generalist,12,1,9,2809.80126953125,1687.7093505859375,47276.640625,-0.8780141472816467,-0.19861458241939545
s16,generalist,13,1,10,703.7603759765625,1772.478271484375,14783.8359375,-0.961943507194519,-0.10048314183950424
s16,generalist,14,2,4,499.93731689453125,912.0245971679688,5563.06982421875,-0.9840795397758484,-0.04244121164083481
s16,generalist,15,2,5,6.80081033706665,1267.35595703125,4141.6025390625,-0.9872877597808838,-0.038427531719207764
s16,generalist,16,2,6,0.0,730.0595703125,88500.078125,-0.9884617328643799,-0.10321593284606934
s16,generalist,17,2,7,0.0,1919.58935546875,85837.953125,-0.9649713039398193,-0.3037320077419281
s16,generalist,18,2,8,2874.491455078125,2719.572509765625,82423.09375,-0.8423380851745605,-0.3144412636756897
s16,generalist,19,2,9,2518.424072265625,2065.662841796875,36479.7578125,-0.9070632457733154,-0.19112664461135864
s16,generalist,20,2,10,649.9334716796875,1739.2415771484375,11838.1533203125,-0.9688929319381714,-0.0804910957813263
s16,generalist,21,3,4,234.73696899414062,798.2890014648438,4798.40087890625,-0.985560417175293,-0.030948104336857796
s16,generalist,22,3,5,0.0,1086.9632568359375,3913.5166015625,-0.9877761602401733,-0.03307581692934036
s16,generalist,23,3,6,0.0,647.9349365234375,93064.40625,-0.9885900616645813,-0.10234653204679489
s16,generalist,24,3,7,0.0,1912.1207275390625,90299.09375,-0.9644935131072998,-0.3045302629470825
s16,generalist,25,3,8,2949.598876953125,2762.55322265625,86830.4375,-0.8355309963226318,-0.31413644552230835
s16,generalist,26,3,9,2615.69140625,2065.835205078125,38451.73828125,-0.9029009938240051,-0.19354918599128723
s16,generalist,27,3,10,686.5597534179688,1732.06787109375,12306.498046875,-0.9680949449539185,-0.08431993424892426
s16,generalist,28,4,4,282.1437683105469,768.07080078125,4829.55615234375,-0.9855923652648926,-0.03151451051235199
s16,generalist,29,4,5,0.2703838646411896,1053.8486328125,3890.8330078125,-0.9878358840942383,-0.032138608396053314
s16,generalist,30,4,6,0.0,602.09033203125,91566.7421875,-0.9885293245315552,-0.10104426741600037
s16,generalist,31,4,7,0.0,1861.0908203125,88900.4453125,-0.9642949104309082,-0.3031347095966339
s16,generalist,32,4,8,2935.06201171875,2717.5703125,85508.0078125,-0.836783766746521,-0.317227303981781
s16,generalist,33,4,9,2595.54931640625,2042.3851318359375,37712.6953125,-0.904171347618103,-0.19277429580688477
s16,generalist,34,4,10,669.807373046875,1720.2545166015625,12087.08203125,-0.9683428406715393,-0.08203665912151337
s16,generalist,35,5,4,263.035888671875,765.727294921875,4829.0947265625,-0.9855242967605591,-0.030885804444551468
s16,generalist,36,5,5,0.1607251763343811,1056.626708984375,3923.809326171875,-0.9877281188964844,-0.032266780734062195
s16,generalist,37,5,6,0.0,608.0250244140625,93591.96875,-0.9884436130523682,-0.10496145486831665
s16,generalist,38,5,7,0.0,1869.8189697265625,90844.984375,-0.9639807939529419,-0.30407780408859253
s16,generalist,39,5,8,2935.0380859375,2729.553466796875,87402.921875,-0.8339037895202637,-0.3192799985408783
s16,generalist,40,5,9,2608.068603515625,2062.943115234375,38703.109375,-0.9019268751144409,-0.19625595211982727
s16,generalist,41,5,10,700.4776000976562,1739.1529541015625,12321.16015625,-0.9678449630737305,-0.08315832912921906
s16,generalist,42,6,4,279.83172607421875,778.28369140625,4838.6376953125,-0.9854960441589355,-0.03146962821483612
s16,generalist,43,6,5,0.019077342003583908,1066.726318359375,3909.4755859375,-0.9877816438674927,-0.03234227001667023
s16,generalist,44,6,6,0.0,614.470458984375,93834.21875,-0.988487720489502,-0.10376003384590149
s16,generalist,45,6,7,0.0,1871.1243896484375,91112.90625,-0.9639545679092407,-0.3041866719722748
s16,generalist,46,6,8,2936.50439453125,2728.222900390625,87664.234375,-0.833647608757019,-0.3182075023651123
s16,generalist,47,6,9,2603.2353515625,2057.65771484375,38888.4375,-0.9015277624130249,-0.195262610912323
s16,generalist,48,6,10,696.390380859375,1734.7783203125,12411.7568359375,-0.9676676988601685,-0.08364947140216827
s16,generalist,49,7,4,285.041015625,776.5534057617188,4868.0615234375,-0.9854693412780762,-0.03191915154457092
s16,generalist,50,7,5,0.0,1064.2625732421875,3923.65478515625,-0.9877347946166992,-0.032568465918302536
s16,generalist,51,7,6,0.0,613.1334228515625,96413.1953125,-0.9884005188941956,-0.10676831752061844
s16,generalist,52,7,7,0.0,1871.080810546875,93624.078125,-0.9623948335647583,-0.30425214767456055
s16,generalist,53,7,8,2935.0830078125,2735.11865234375,90054.8359375,-0.8275904655456543,-0.3213500380516052
s16,generalist,54,7,9,2601.93701171875,2070.6630859375,39437.9453125,-0.8999559283256531,-0.19848762452602386
s16,generalist,55,7,10,723.191650390625,1751.2939453125,12483.6064453125,-0.9674596786499023,-0.08496532589197159
s16,generalist,56,8,4,285.4029235839844,780.82958984375,4878.560546875,-0.9854056239128113,-0.03191269561648369
s16,generalist,57,8,5,0.0,1070.6357421875,3940.88818359375,-0.987680196762085,-0.03262025862932205
s16,generalist,58,8,6,0.0,617.4822387695312,93389.6953125,-0.9884422421455383,-0.10443712770938873
s16,generalist,59,8,7,0.0,1872.536865234375,90476.8828125,-0.9640073776245117,-0.30430853366851807
s16,generalist,60,8,8,2937.20166015625,2732.149169921875,87034.265625,-0.8339945077896118,-0.3190246820449829
s16,generalist,61,8,9,2601.13037109375,2059.44580078125,38353.2421875,-0.9029121398925781,-0.1949622929096222
s16,generalist,62,8,10,695.4464721679688,1735.0921630859375,12311.6357421875,-0.9679864645004272,-0.08455236256122589
s16,generalist,63,9,4,267.1958923339844,774.3615112304688,4881.140625,-0.9854166507720947,-0.03132721409201622
s16,generalist,64,9,5,0.20271500945091248,1065.064208984375,3953.273193359375,-0.9876204133033752,-0.03247213363647461
s16,generalist,65,9,6,0.0,615.2710571289062,93200.625,-0.9884028434753418,-0.10397607833147049
s16,generalist,66,9,7,0.0,1873.5115966796875,90493.6484375,-0.9640824794769287,-0.30463510751724243
s16,generalist,67,9,8,2935.037109375,2732.9013671875,87068.3828125,-0.834007740020752,-0.32028013467788696
s16,generalist,68,9,9,2602.37744140625,2058.25048828125,38395.59375,-0.9025735259056091,-0.19430474936962128
s16,generalist,69,9,10,684.9917602539062,1732.186767578125,12244.3916015625,-0.9680002927780151,-0.08275983482599258
s16,generalist,70,10,4,274.2162780761719,773.5068359375,4853.58935546875,-0.9854868054389954,-0.03145362064242363
s16,generalist,71,10,5,0.09754614531993866,1062.7615966796875,3930.751708984375,-0.9877002835273743,-0.03236507251858711
s16,generalist,72,10,6,0.0,612.5633544921875,88629.640625,-0.988468587398529,-0.09897676110267639
s16,generalist,73,10,7,0.0,1870.906494140625,86087.421875,-0.9651749134063721,-0.304666668176651
s16,generalist,74,10,8,2932.34423828125,2724.318359375,82769.9765625,-0.842325747013092,-0.31680893898010254
s16,generalist,75,10,9,2592.50146484375,2033.813720703125,36626.1015625,-0.9066785573959351,-0.1886247843503952
s16,generalist,76,10,10,626.18408203125,1703.037841796875,11788.470703125,-0.9689990282058716,-0.0797853022813797
s16,generalist,77,11,4,254.1974334716797,756.536376953125,4790.6201171875,-0.9856200218200684,-0.03042343258857727
s16,generalist,78,11,5,0.046642716974020004,1046.966064453125,3908.80859375,-0.9877558350563049,-0.03209094703197479
s16,generalist,79,11,6,0.0,601.8712768554688,96735.96875,-0.9884260892868042,-0.10732041299343109
s16,generalist,80,11,7,0.0,1867.8524169921875,93963.21875,-0.9628137350082397,-0.30450189113616943
s16,generalist,81,11,8,2939.230224609375,2735.05126953125,90425.6796875,-0.8275867700576782,-0.32169461250305176
s16,generalist,82,11,9,2618.02880859375,2080.087890625,39806.1171875,-0.8993548154830933,-0.19993464648723602
s16,generalist,83,11,10,735.2238159179688,1759.1529541015625,12600.91015625,-0.9672631025314331,-0.08601142466068268
s16,generalist,84,12,4,289.7107238769531,788.4818725585938,4893.12646484375,-0.9854125380516052,-0.03238751366734505
s16,generalist,85,12,5,0.11350122094154358,1076.761474609375,3936.20361328125,-0.9876959323883057,-0.03285389393568039
s16,generalist,86,12,6,0.0,620.788330078125,91069.890625,-0.9884718656539917,-0.10126717388629913
s16,generalist,87,12,7,0.0,1873.760009765625,88409.15625,-0.9640673398971558,-0.3043651580810547
s16,generalist,88,12,8,2932.39990234375,2727.361328125,84980.0625,-0.8372544050216675,-0.31898757815361023
s16,generalist,89,12,9,2590.95947265625,2045.6025390625,37298.078125,-0.9050845503807068,-0.19215023517608643
s16,generalist,90,12,10,660.25390625,1719.2998046875,11963.4990234375,-0.9686259627342224,-0.08084636926651001
s16,generalist,91,13,4,254.3175048828125,762.9498291015625,4814.77392578125,-0.9855448007583618,-0.030595902353525162
s16,generalist,92,13,5,0.050945814698934555,1054.404052734375,3928.864501953125,-0.9876968860626221,-0.03233605995774269
s16,generalist,93,13,6,0.0,607.5226440429688,91373.21875,-0.9884219169616699,-0.10144490003585815
s16,generalist,94,13,7,0.0,1870.91357421875,88708.296875,-0.9644923210144043,-0.30399131774902344
s16,generalist,95,13,8,2935.67236328125,2725.15234375,85300.734375,-0.8379597067832947,-0.3166379928588867
s16,generalist,96,13,9,2598.62890625,2046.23193359375,37828.3046875,-0.9040844440460205,-0.19235171377658844
s16,generalist,97,13,10,663.112060546875,1721.34375,12145.05859375,-0.9682667255401611,-0.08235456794500351
s16,generalist,98,14,4,271.4256896972656,767.673583984375,4830.40869140625,-0.9855399131774902,-0.031172562390565872
s16,generalist,99,14,5,0.09650242328643799,1056.234130859375,3909.95849609375,-0.9877457618713379,-0.03219474479556084
s16,generalist,100,14,6,0.0,607.5068359375,90571.078125,-1.0,-0.10106790065765381
s16,oracle,0,0,4,1677.936279296875,1978.31103515625,8504.38671875,-0.9790644645690918,-0.09886329621076584
s16,oracle,1,0,5,0.22007536888122559,1631.3404541015625,4674.138671875,-0.9869177937507629,-0.04494139552116394
s16,oracle,2,0,6,0.0,667.7747802734375,3605.329345703125,-0.9881371259689331,-0.020014934241771698
s16,oracle,3,0,7,0.0,1771.491943359375,3207.594970703125,-0.9902721047401428,-0.048660535365343094
s16,oracle,4,0,8,114.08543395996094,1826.84423828125,2344.4150390625,-0.9932916164398193,-0.0525355264544487
s16,oracle,5,0,9,0.0,0.0,1691.4365234375,-1.0,-0.0009049358195625246
s16,oracle,6,0,10,0.0,0.0,1690.88037109375,-1.0,-0.0009621268836781383
s16,oracle,7,1,4,0.0,0.0,1481.82177734375,-1.0,-0.0007704561576247215
s16,oracle,8,1,5,0.0,0.0,1481.344482421875,-1.0,-0.0012449594214558601
s16,oracle,9,1,6,0.0,0.0,101090.2109375,-1.0,-0.07060535252094269
s16,oracle,10,1,7,0.0,1986.862548828125,98455.75,-0.9657917618751526,-0.2877315282821655
s16,oracle,11,1,8,2999.66943359375,2999.686279296875,94922.84375,-0.8222150802612305,-0.2776449918746948
s16,oracle,12,1,9,2999.802978515625,1981.945556640625,41556.4140625,-0.8959268927574158,-0.1969737410545349
s16,oracle,13,1,10,719.3267822265625,701.8800048828125,12381.49609375,-0.9754092693328857,-0.06081490218639374
s16,oracle,14,2,4,806.6982421875,1195.549072265625,4966.5458984375,-0.9859788417816162,-0.05508415400981903
s16,oracle,15,2,5,0.30920645594596863,1074.4864501953125,3304.8115234375,-0.9897097945213318,-0.030645674094557762
s16,oracle,16,2,6,0.0,413.7305603027344,89666.984375,-0.9908572435379028,-0.08651679009199142
s16,oracle,17,2,7,0.0,2233.646484375,87167.578125,-0.9661155939102173,-0.30542367696762085
s16,oracle,18,2,8,2999.272705078125,3000.0,83285.671875,-0.843284010887146,-0.2924468219280243
s16,oracle,19,2,9,2997.61669921875,2231.39501953125,36241.734375,-0.9101900458335876,-0.20094256103038788
s16,oracle,20,2,10,709.8291015625,661.2109375,10817.126953125,-0.9746633172035217,-0.0516643151640892
s16,oracle,21,3,4,744.451904296875,1188.692626953125,4683.49267578125,-0.9866561889648438,-0.05320880934596062
s16,oracle,22,3,5,0.7131722569465637,1248.087890625,3255.289794921875,-0.9899653196334839,-0.035216741263866425
s16,oracle,23,3,6,0.0,569.0321655273438,92865.546875,-0.9905853867530823,-0.09006186574697495
s16,oracle,24,3,7,0.0,2381.51171875,90198.859375,-0.9666565656661987,-0.30700135231018066
s16,oracle,25,3,8,3000.0,3000.0,86124.921875,-0.8388260006904602,-0.2893338203430176
s16,oracle,26,3,9,2999.947021484375,2269.2060546875,37741.90234375,-0.9068382382392883,-0.20306463539600372
s16,oracle,27,3,10,725.723388671875,685.6842651367188,11242.5439453125,-0.9739700555801392,-0.05536361038684845
s16,oracle,28,4,4,769.3878173828125,1198.4759521484375,4739.92041015625,-0.9865736961364746,-0.05408477783203125
s16,oracle,29,4,5,0.5799566507339478,1260.24951171875,3245.9853515625,-0.9900267124176025,-0.0354304239153862
s16,oracle,30,4,6,0.0,577.74755859375,91137.078125,-0.9905905723571777,-0.08906269073486328
s16,oracle,31,4,7,0.0,2372.052978515625,88539.90625,-0.9667035341262817,-0.3055335283279419
s16,oracle,32,4,8,2999.9833984375,3000.0,84493.046875,-0.8409532308578491,-0.2896551489830017
s16,oracle,33,4,9,2999.93017578125,2249.420654296875,36749.87109375,-0.908807635307312,-0.20174860954284668
s16,oracle,34,4,10,715.1337890625,669.2271728515625,10885.7421875,-0.9745692014694214,-0.0520627424120903
s16,oracle,35,5,4,751.91357421875,1178.540283203125,4669.31103515625,-0.986659049987793,-0.053034961223602295
s16,oracle,36,5,5,1.0484507083892822,1252.513916015625,3234.64990234375,-0.9900459051132202,-0.0352216400206089
s16,oracle,37,5,6,0.0,571.1903076171875,93336.78125,-0.9906214475631714,-0.09179845452308655
s16,oracle,38,5,7,0.0,2375.4931640625,90663.890625,-0.9664059281349182,-0.30659419298171997
s16,oracle,39,5,8,3000.0,3000.0,86565.40625,-0.8376885652542114,-0.2913658618927002
s16,oracle,40,5,9,2999.94921875,2253.03369140625,37841.203125,-0.906169593334198,-0.20450705289840698
s16,oracle,41,5,10,742.06884765625,701.2642211914062,11180.255859375,-0.9741351008415222,-0.05359240621328354
s16,oracle,42,6,4,775.498046875,1192.705078125,4701.96826171875,-0.9866094589233398,-0.05401550233364105
s16,oracle,43,6,5,0.6830434799194336,1254.908935546875,3236.649169921875,-0.9900545477867126,-0.035276271402835846
s16,oracle,44,6,6,0.0,572.0877685546875,93510.234375,-0.9905890822410583,-0.09118083864450455
s16,oracle,45,6,7,0.0,2367.093994140625,90871.2109375,-0.9663293361663818,-0.30670252442359924
s16,oracle,46,6,8,3000.0,3000.0,86777.625,-0.8375325798988342,-0.29080235958099365
s16,oracle,47,6,9,3000.0,2244.697021484375,38006.765625,-0.905834972858429,-0.20354008674621582
s16,oracle,48,6,10,735.5843505859375,693.875244140625,11264.98046875,-0.9741618633270264,-0.05419875681400299
s16,oracle,49,7,4,776.0198974609375,1184.8238525390625,4735.64599609375,-0.986538290977478,-0.05397472530603409
s16,oracle,50,7,5,0.5708146691322327,1247.517578125,3256.0771484375,-0.9899899959564209,-0.03517043590545654
s16,oracle,51,7,6,0.0,565.7723999023438,96135.015625,-0.9905140995979309,-0.0942089781165123
s16,oracle,52,7,7,0.0,2365.021484375,93426.0,-0.9647945761680603,-0.30717185139656067
s16,oracle,53,7,8,2999.90380859375,3000.0,89147.578125,-0.8315227031707764,-0.294389009475708
s16,oracle,54,7,9,2999.9521484375,2252.54296875,38573.4375,-0.9042105674743652,-0.2064637839794159
s16,oracle,55,7,10,765.8062744140625,722.6943969726562,11338.21484375,-0.9737496376037598,-0.055617719888687134
s16,oracle,56,8,4,775.9092407226562,1193.151123046875,4742.8837890625,-0.9864924550056458,-0.05413569509983063
s16,oracle,57,8,5,0.4845118224620819,1256.17822265625,3269.4873046875,-0.989940345287323,-0.03538207709789276
s16,oracle,58,8,6,0.0,572.23046875,93058.40625,-0.9905152320861816,-0.0916069746017456
s16,oracle,59,8,7,0.0,2360.52880859375,90220.875,-0.9663676619529724,-0.3068634867668152
s16,oracle,60,8,8,2999.971435546875,3000.0,86139.7734375,-0.837862491607666,-0.2917676568031311
s16,oracle,61,8,9,2999.97265625,2242.19580078125,37466.8671875,-0.907245397567749,-0.20340491831302643
s16,oracle,62,8,10,738.870361328125,694.3037109375,11164.2080078125,-0.9737160205841064,-0.05499407649040222
s16,oracle,63,9,4,752.94384765625,1174.0035400390625,4750.0029296875,-0.986461877822876,-0.05303237587213516
s16,oracle,64,9,5,0.7052553296089172,1255.520263671875,3289.8623046875,-0.9898744821548462,-0.0353686548769474
s16,oracle,65,9,6,0.0,572.2897338867188,92924.484375,-0.9905236959457397,-0.09127284586429596
s16,oracle,66,9,7,0.0,2372.540283203125,90296.5078125,-0.9664511680603027,-0.3076474666595459
s16,oracle,67,9,8,2999.971923828125,3000.0,86206.265625,-0.8378424644470215,-0.2926555871963501
s16,oracle,68,9,9,2999.76025390625,2242.96435546875,37529.44921875,-0.9068410396575928,-0.20252352952957153
s16,oracle,69,9,10,729.2174072265625,684.0352783203125,11102.267578125,-0.9739772081375122,-0.05328945070505142
s16,oracle,70,10,4,761.330810546875,1175.5361328125,4729.97119140625,-0.9865109920501709,-0.05329662933945656
s16,oracle,71,10,5,0.6441998481750488,1246.939208984375,3276.0654296875,-0.9899033308029175,-0.03511881083250046
s16,oracle,72,10,6,0.0,566.2056274414062,88284.984375,-0.9905189275741577,-0.08616039156913757
s16,oracle,73,10,7,0.0,2367.38037109375,85823.046875,-0.9675121307373047,-0.3075249493122101
s16,oracle,74,10,8,3000.0,3000.0,81868.71875,-0.8462764620780945,-0.28877007961273193
s16,oracle,75,10,9,2999.8876953125,2223.74658203125,35722.8984375,-0.9111019372940063,-0.19699136912822723
s16,oracle,76,10,10,669.0516357421875,625.3297729492188,10611.59765625,-0.9755083322525024,-0.049406155943870544
s16,oracle,77,11,4,743.9189453125,1149.478515625,4666.29638671875,-0.9866225719451904,-0.052116647362709045
s16,oracle,78,11,5,0.7296974658966064,1225.85595703125,3260.11572265625,-0.989944338798523,-0.03463364765048027
s16,oracle,79,11,6,0.0,550.9140625,96511.375,-0.9904342889785767,-0.09509779512882233
s16,oracle,80,11,7,0.0,2374.959228515625,93817.53125,-0.9651732444763184,-0.3080107569694519
s16,oracle,81,11,8,3000.0,3000.0,89563.6171875,-0.8314485549926758,-0.2954598367214203
s16,oracle,82,11,9,3000.0,2262.1552734375,38967.1328125,-0.9034941792488098,-0.2079010009765625
s16,oracle,83,11,10,780.188232421875,733.858642578125,11495.123046875,-0.9731864333152771,-0.057050541043281555
s16,oracle,84,12,4,783.218994140625,1203.958251953125,4775.55615234375,-0.9864634275436401,-0.05465387925505638
s16,oracle,85,12,5,0.6593527793884277,1266.9114990234375,3274.8251953125,-0.9899334907531738,-0.035668641328811646
s16,oracle,86,12,6,0.0,580.1036376953125,90755.6171875,-0.9905394315719604,-0.08870193362236023
s16,oracle,87,12,7,0.0,2361.6826171875,88171.34375,-0.9663816690444946,-0.306968092918396
s16,oracle,88,12,8,3000.0,3000.0,84114.9609375,-0.8410680294036865,-0.2911744713783264
s16,oracle,89,12,9,2999.967041015625,2233.488037109375,36406.4296875,-0.9094752669334412,-0.2004193216562271
s16,oracle,90,12,10,705.095703125,660.7943115234375,10788.564453125,-0.9748806953430176,-0.05087346211075783
s16,oracle,91,13,4,741.3037109375,1157.37744140625,4677.7958984375,-0.9865890741348267,-0.05225047096610069
s16,oracle,92,13,5,0.5314269661903381,1238.04541015625,3268.1962890625,-0.9899321794509888,-0.034948207437992096
s16,oracle,93,13,6,0.0,559.1110229492188,91112.8671875,-0.9904818534851074,-0.08860810101032257
s16,oracle,94,13,7,0.0,2372.40771484375,88527.140625,-0.9667841792106628,-0.30650511384010315
s16,oracle,95,13,8,2999.990234375,3000.0,84491.78125,-0.8416867256164551,-0.2893770635128021
s16,oracle,96,13,9,3000.0,2232.2412109375,36967.59375,-0.9083552956581116,-0.20083537697792053
s16,oracle,97,13,10,704.93359375,662.1069946289062,11002.701171875,-0.9744908809661865,-0.05256953090429306
s16,oracle,98,14,4,757.7213745117188,1165.68359375,4709.291015625,-0.98656165599823,-0.05291902273893356
s16,oracle,99,14,5,0.6707057952880859,1238.0693359375,3260.193115234375,-0.9899493455886841,-0.0348970890045166
s16,oracle,100,14,6,0.0,560.401611328125,90255.34375,-1.0,-0.08838345855474472
s16,specialist,0,0,4,3000.0,0.0,8504.38671875,-0.9761136770248413,-0.08208739757537842
s16,specialist,1,0,5,280.45416259765625,2240.214111328125,4918.4052734375,-0.9869601726531982,-0.06848105043172836
s16,specialist,2,0,6,0.0,2738.90380859375,3273.38134765625,-0.9909498691558838,-0.07367978990077972
s16,specialist,3,0,7,0.0,0.0,2033.30712890625,-1.0,-0.0009919572621583939
s16,specialist,4,0,8,0.0,0.0,2032.522705078125,-1.0,-0.0013567946152761579
s16,specialist,5,0,9,0.0,0.0,2031.8037109375,-1.0,-0.0016196129145100713
s16,specialist,6,0,10,0.0,1357.6649169921875,2031.14111328125,-0.9936213493347168,-0.0370575450360775
s16,specialist,7,1,4,0.0,0.0,1402.13232421875,-1.0,-0.0006891745724715292
s16,specialist,8,1,5,0.0,0.0,1401.6826171875,-1.0,-0.0010988442227244377
s16,specialist,9,1,6,0.0,0.0,101167.828125,-1.0,-0.06957544386386871
s16,specialist,10,1,7,0.0,0.0,98529.09375,-1.0,-0.25163158774375916
s16,specialist,11,1,8,3000.0,3000.0,98393.0234375,-0.8140767812728882,-0.29797524213790894
s16,specialist,12,1,9,3000.0,2933.239501953125,42583.20703125,-0.8957273960113525,-0.22175021469593048
s16,specialist,13,1,10,479.51702880859375,2307.4609375,12407.794921875,-0.9700593948364258,-0.1367117017507553
s16,specialist,14,2,4,698.4816284179688,694.1298828125,7210.44189453125,-0.9873425960540771,-0.055593669414520264
s16,specialist,15,2,5,112.34984588623047,702.8812255859375,3439.85986328125,-0.9949780106544495,-0.026436861604452133
s16,specialist,16,2,6,0.0,703.033203125,76831.703125,-0.9969706535339355,-0.07169300317764282
s16,specialist,17,2,7,0.0,350.1328125,74396.609375,-0.9972603917121887,-0.21056482195854187
s16,specialist,18,2,8,2448.83447265625,2949.557373046875,74087.8046875,-0.8589359521865845,-0.25725409388542175
s16,specialist,19,2,9,2488.63671875,2346.6962890625,32015.9609375,-0.9211925864219666,-0.17566560208797455
s16,specialist,20,2,10,394.4251403808594,1682.0390625,9780.76953125,-0.9780171513557434,-0.10084067285060883
s16,specialist,21,3,4,506.495361328125,506.79852294921875,5940.85009765625,-0.9905917644500732,-0.042701464146375656
s16,specialist,22,3,5,87.08509826660156,514.3116455078125,3124.6376953125,-0.9961355924606323,-0.020591244101524353
s16,specialist,23,3,6,0.0,515.2135009765625,85722.6875,-0.9976438283920288,-0.07561632245779037
s16,specialist,24,3,7,0.0,264.47821044921875,83153.0078125,-0.9981832504272461,-0.22139756381511688
s16,specialist,25,3,8,2568.474609375,2971.1494140625,82891.640625,-0.8434612154960632,-0.27266594767570496
s16,specialist,26,3,9,2589.90673828125,2407.270751953125,36093.49609375,-0.9092900156974792,-0.187626451253891
s16,specialist,27,3,10,346.50091552734375,1654.521240234375,11298.97265625,-0.9738413095474243,-0.10644634068012238
s16,specialist,28,4,4,593.26171875,593.3575439453125,6840.49853515625,-0.9886985421180725,-0.0521913543343544
s16,specialist,29,4,5,130.03955078125,598.14404296875,3455.32470703125,-0.9954855442047119,-0.025523841381072998
s16,specialist,30,4,6,0.0,601.0308837890625,79227.3515625,-0.9969295263290405,-0.07381986081600189
s16,specialist,31,4,7,0.0,305.4792785644531,76810.828125,-0.9978258013725281,-0.2164277583360672
s16,specialist,32,4,8,2474.70458984375,2963.3583984375,76538.3203125,-0.8540382385253906,-0.2678098678588867
s16,specialist,33,4,9,2498.45849609375,2319.61669921875,32960.96875,-0.916309118270874,-0.17745983600616455
s16,specialist,34,4,10,297.0375061035156,1542.9013671875,10345.068359375,-0.9759128093719482,-0.09658057242631912
s16,specialist,35,5,4,528.80859375,529.6328735351562,6302.0380859375,-0.9899767637252808,-0.04568406194448471
s16,specialist,36,5,5,104.79681396484375,535.7261352539062,3306.455078125,-0.9960089921951294,-0.02212308906018734
s16,specialist,37,5,6,0.0,558.5829467773438,83143.3046875,-0.9959026575088501,-0.0775996595621109
s16,specialist,38,5,7,0.0,267.81097412109375,80614.359375,-0.9980705380439758,-0.22050094604492188
s16,specialist,39,5,8,2546.65966796875,2968.6513671875,80352.421875,-0.8480361104011536,-0.27601689100265503
s16,specialist,40,5,9,2572.668701171875,2361.937255859375,34942.40625,-0.9107934236526489,-0.18460074067115784
s16,specialist,41,5,10,269.5221862792969,1534.5440673828125,11051.158203125,-0.9742587804794312,-0.09960468113422394
s16,specialist,42,6,4,573.8793334960938,574.4947509765625,6723.77490234375,-0.9891461133956909,-0.04955248534679413
s16,specialist,43,6,5,113.38529968261719,580.575927734375,3472.08447265625,-0.9956093430519104,-0.02352328598499298
s16,specialist,44,6,6,0.0,631.5736694335938,81216.609375,-0.9945192337036133,-0.07746817171573639
s16,specialist,45,6,7,0.0,290.20751953125,78773.234375,-0.9978581666946411,-0.21891354024410248
s16,specialist,46,6,8,2504.078369140625,2970.13720703125,78501.7421875,-0.8514882326126099,-0.27356210350990295
s16,specialist,47,6,9,2529.34521484375,2316.645263671875,34140.9609375,-0.9127154350280762,-0.17995287477970123
s16,specialist,48,6,10,245.65245056152344,1491.488525390625,10892.9609375,-0.9747830033302307,-0.09549844264984131
s16,specialist,49,7,4,547.8515625,548.4564819335938,6625.97998046875,-0.9894521236419678,-0.04886043444275856
s16,specialist,50,7,5,115.91236877441406,558.59619140625,3470.2001953125,-0.9955886006355286,-0.02372758835554123
s16,specialist,51,7,6,0.0,641.4999389648438,86598.25,-0.9938570261001587,-0.0834009200334549
s16,specialist,52,7,7,0.0,272.6485595703125,83986.625,-0.9978640079498291,-0.21971338987350464
s16,specialist,53,7,8,2510.11474609375,2969.07373046875,83720.1875,-0.8398493528366089,-0.2777237594127655
s16,specialist,54,7,9,2536.25927734375,2296.593505859375,35864.2265625,-0.9071877002716064,-0.18500152230262756
s16,specialist,55,7,10,232.26356506347656,1448.1181640625,11396.66015625,-0.9743355512619019,-0.09937378019094467
s16,specialist,56,8,4,607.91015625,607.5479736328125,7045.8515625,-0.9884549379348755,-0.053455039858818054
s16,specialist,57,8,5,116.77976989746094,612.4132080078125,3585.105224609375,-0.9952403903007507,-0.025383679196238518
s16,specialist,58,8,6,0.0,719.6668090820312,80633.125,-0.9930925369262695,-0.08061124384403229
s16,specialist,59,8,7,0.0,298.5660705566406,77958.25,-0.9977984428405762,-0.2157982587814331
s16,specialist,60,8,8,2466.82666015625,2963.52099609375,77680.3359375,-0.852583646774292,-0.2731055021286011
s16,specialist,61,8,9,2491.92822265625,2262.4794921875,33658.8203125,-0.914031445980072,-0.1780201941728592
s16,specialist,62,8,10,221.558349609375,1412.8785400390625,10872.0947265625,-0.97575843334198,-0.09330742061138153
s16,specialist,63,9,4,553.632080078125,553.986572265625,6704.669921875,-0.9894065856933594,-0.05057520419359207
s16,specialist,64,9,5,116.3314208984375,562.2120361328125,3527.3759765625,-0.9953929781913757,-0.024187009781599045
s16,specialist,65,9,6,0.0,696.9569091796875,82693.671875,-0.9929103255271912,-0.08084547519683838
s16,specialist,66,9,7,0.0,275.908935546875,80159.9609375,-0.9978435635566711,-0.22000230848789215
s16,specialist,67,9,8,2515.57177734375,2974.0146484375,79899.09375,-0.8483166694641113,-0.27741947770118713
s16,specialist,68,9,9,2535.200439453125,2296.8017578125,34573.78125,-0.9105541706085205,-0.18093422055244446
s16,specialist,69,9,10,216.51702880859375,1449.330078125,11038.55859375,-0.9735684394836426,-0.09505897015333176
s16,specialist,70,10,4,564.8775024414062,564.568603515625,6720.64501953125,-0.989315390586853,-0.04942282289266586
s16,specialist,71,10,5,124.0361328125,574.518310546875,3522.08056640625,-0.9953058958053589,-0.024332299828529358
s16,specialist,72,10,6,0.0,724.9641723632812,78495.6328125,-0.9926237463951111,-0.07832064479589462
s16,specialist,73,10,7,0.0,275.94854736328125,76077.078125,-0.9978183507919312,-0.21931105852127075
s16,specialist,74,10,8,2503.500732421875,2969.4150390625,75818.859375,-0.8561240434646606,-0.2743581235408783
s16,specialist,75,10,9,2531.503662109375,2300.453125,32852.16796875,-0.915325403213501,-0.17720386385917664
s16,specialist,76,10,10,212.97805786132812,1440.8790283203125,10544.5498046875,-0.9750744104385376,-0.09092927724123001
s16,specialist,77,11,4,521.0282592773438,521.3553466796875,6433.4580078125,-0.9900526404380798,-0.04649956151843071
s16,specialist,78,11,5,118.04658508300781,533.9254150390625,3454.489013671875,-0.9954825639724731,-0.022915121167898178
s16,specialist,79,11,6,0.0,702.025146484375,86835.484375,-0.9924085140228271,-0.0852375328540802
s16,specialist,80,11,7,0.0,253.81436157226562,84257.796875,-0.9980483055114746,-0.22192472219467163
s16,specialist,81,11,8,2539.56591796875,2974.28076171875,84006.796875,-0.8399893045425415,-0.2818450331687927
s16,specialist,82,11,9,2564.224609375,2298.37353515625,36181.5546875,-0.905954122543335,-0.18609681725502014
s16,specialist,83,11,10,202.46084594726562,1421.1845703125,11633.0791015625,-0.9728168249130249,-0.09821375459432602
s16,specialist,84,12,4,612.3046875,611.881591796875,7176.32421875,-0.9883080720901489,-0.05428607016801834
s16,specialist,85,12,5,137.92782592773438,626.2479248046875,3675.89306640625,-0.9947822690010071,-0.0264953151345253
s16,specialist,86,12,6,0.0,804.864990234375,79021.7265625,-0.9920915365219116,-0.08088286966085434
s16,specialist,87,12,7,0.0,297.2156066894531,76530.953125,-0.9974873065948486,-0.21706724166870117
s16,specialist,88,12,8,2477.35791015625,2968.20458984375,76259.75,-0.854583203792572,-0.2744099497795105
s16,specialist,89,12,9,2505.416015625,2252.8623046875,32838.875,-0.9149594306945801,-0.17594081163406372
s16,specialist,90,12,10,195.14556884765625,1378.7208251953125,10604.546875,-0.9754010438919067,-0.08946730196475983
s16,specialist,91,13,4,526.98486328125,528.2741088867188,6553.67919921875,-0.9897974729537964,-0.04764808714389801
s16,specialist,92,13,5,115.99125671386719,549.4208984375,3506.29150390625,-0.9950794577598572,-0.023754846304655075
s16,specialist,93,13,6,0.0,740.7646484375,80591.375,-0.9922530651092529,-0.07992768287658691
s16,specialist,94,13,7,0.0,254.78390502929688,78081.9375,-0.9977573752403259,-0.22128090262413025
s16,specialist,95,13,8,2532.334716796875,2970.07763671875,77827.296875,-0.8528507351875305,-0.27607017755508423
s16,specialist,96,13,9,2552.03515625,2304.47802734375,33855.375,-0.9125503301620483,-0.17932860553264618
s16,specialist,97,13,10,198.35140991210938,1432.1884765625,10972.70703125,-0.9739084243774414,-0.09174679219722748
s16,specialist,98,14,4,536.1328125,536.06982421875,6705.59423828125,-0.989504337310791,-0.04870424419641495
s16,specialist,99,14,5,131.43118286132812,555.9075927734375,3557.180419921875,-0.9950064420700073,-0.023987550288438797
s16,specialist,100,14,6,0.0,749.73681640625,81541.640625,-1.0,-0.08187621831893921
s20,generalist,0,0,4,3000.0,1659.8856201171875,19143.78515625,-0.9559810161590576,-0.15015843510627747
s20,generalist,1,0,5,524.400390625,2173.729248046875,8881.857421875,-0.9768993854522705,-0.08395873755216599
s20,generalist,2,0,6,0.0,1281.3204345703125,5768.43994140625,-0.982059121131897,-0.04755333065986633
s20,generalist,3,0,7,0.0,2036.521728515625,4618.71630859375,-0.9863049983978271,-0.06000009924173355
s20,generalist,4,0,8,0.07738107442855835,1783.489013671875,3221.3046875,-0.9902622103691101,-0.050004977732896805
s20,generalist,5,0,9,0.0,470.0068359375,2348.586181640625,-0.9920774698257446,-0.014740711078047752
s20,generalist,6,0,10,0.0,541.2439575195312,2159.9609375,-0.9927625060081482,-0.016128143295645714
s20,generalist,7,1,4,0.0,0.9550691843032837,1721.0,-0.9996998906135559,-0.0013120778603479266
s20,generalist,8,1,5,0.0,10.536224365234375,1720.0390625,-0.9997191429138184,-0.0023624710738658905
s20,generalist,9,1,6,0.0,9.17623519897461,111710.34375,-0.9997153878211975,-0.11765693128108978
s20,generalist,10,1,7,0.0,1199.9102783203125,108801.9765625,-0.960584282875061,-0.24629592895507812
s20,generalist,11,1,8,2648.18505859375,1980.313720703125,106305.09375,-0.7844434976577759,-0.29624176025390625
s20,generalist,12,1,9,2634.8828125,2069.796142578125,49676.73046875,-0.8756908178329468,-0.24286077916622162
s20,generalist,13,1,10,1268.029541015625,1984.0076904296875,15114.0986328125,-0.9623105525970459,-0.10915890336036682
s20,generalist,14,2,4,482.365234375,936.9295654296875,5001.279296875,-0.9854696989059448,-0.04110249876976013
s20,generalist,15,2,5,0.6535675525665283,1245.1148681640625,3774.3994140625,-0.9884076118469238,-0.036202650517225266
s20,generalist,16,2,6,0.0,692.7189331054688,70071.03125,-0.9894644618034363,-0.11038170754909515
s20,generalist,17,2,7,0.0,1852.6229248046875,67989.640625,-0.9702028036117554,-0.21259364485740662
s20,generalist,18,2,8,2614.3994140625,2640.986328125,65264.859375,-0.8718447685241699,-0.2546699643135071
s20,generalist,19,2,9,2021.54345703125,1924.822998046875,28471.6953125,-0.9266345500946045,-0.17506688833236694
s20,generalist,20,2,10,703.6481323242188,1582.621337890625,9374.4716796875,-0.9740696549415588,-0.06780523806810379
s20,generalist,21,3,4,70.31385040283203,667.8045654296875,4071.14794921875,-0.9874032139778137,-0.021901117637753487
s20,generalist,22,3,5,0.0,953.5367431640625,3524.343994140625,-0.9888998866081238,-0.028111565858125687
s20,generalist,23,3,6,0.0,546.3283081054688,80582.3203125,-0.9895835518836975,-0.11908241361379623
s20,generalist,24,3,7,0.0,1816.71728515625,78302.0234375,-0.9682055711746216,-0.23004043102264404
s20,generalist,25,3,8,2797.66748046875,2659.6904296875,75381.1171875,-0.8550358414649963,-0.2709197998046875
s20,generalist,26,3,9,2281.42626953125,2044.37158203125,33560.890625,-0.9154952764511108,-0.19864422082901
s20,generalist,27,3,10,879.394775390625,1696.485595703125,10840.71484375,-0.9710977077484131,-0.07951665669679642
s20,generalist,28,4,4,143.72564697265625,742.121337890625,4318.68017578125,-0.9868532419204712,-0.026046793907880783
s20,generalist,29,4,5,0.42912471294403076,1030.891357421875,3611.95556640625,-0.9886664748191833,-0.030215967446565628
s20,generalist,30,4,6,0.0,577.8450927734375,79863.140625,-0.9893630743026733,-0.12154977023601532
s20,generalist,31,4,7,0.0,1826.9482421875,77487.65625,-0.9683101177215576,-0.23031172156333923
s20,generalist,32,4,8,2764.234375,2667.89697265625,74569.8046875,-0.8560858964920044,-0.271668016910553
s20,generalist,33,4,9,2246.56005859375,2036.38623046875,32938.6796875,-0.9165440797805786,-0.19736160337924957
s20,generalist,34,4,10,862.774169921875,1687.11181640625,10507.0107421875,-0.9716876149177551,-0.07677435874938965
s20,generalist,35,5,4,125.08610534667969,734.3289184570312,4233.3701171875,-0.9870448708534241,-0.025249406695365906
s20,generalist,36,5,5,0.06626937538385391,1022.04541015625,3578.01953125,-0.9887781143188477,-0.02990167774260044
s20,generalist,37,5,6,0.0,577.956787109375,80289.609375,-0.9895282983779907,-0.12148302048444748
s20,generalist,38,5,7,0.0,1826.512939453125,78073.84375,-0.9678294062614441,-0.23128610849380493
s20,generalist,39,5,8,2778.89111328125,2669.54931640625,75124.46875,-0.8547939658164978,-0.27365773916244507
s20,generalist,40,5,9,2263.0166015625,2050.18798828125,33172.2734375,-0.916029155254364,-0.1972675323486328
s20,generalist,41,5,10,866.351806640625,1692.4349365234375,10625.572265625,-0.9713671207427979,-0.07716001570224762
s20,generalist,42,6,4,125.92120361328125,740.0406494140625,4288.62744140625,-0.9868608713150024,-0.02546059899032116
s20,generalist,43,6,5,0.5792961120605469,1030.3812255859375,3616.92041015625,-0.9886519908905029,-0.03017858788371086
s20,generalist,44,6,6,0.0,581.9539794921875,77179.859375,-0.9893690943717957,-0.11601562798023224
s20,generalist,45,6,7,0.0,1833.021728515625,74920.6875,-0.9689313173294067,-0.22795704007148743
s20,generalist,46,6,8,2768.23583984375,2668.825439453125,72055.6484375,-0.8605701923370361,-0.2677531838417053
s20,generalist,47,6,9,2227.017333984375,2012.15185546875,31753.2265625,-0.9192425012588501,-0.1918318271636963
s20,generalist,48,6,10,823.142333984375,1660.865234375,10256.609375,-0.9722456932067871,-0.07474678754806519
s20,generalist,49,7,4,113.23235321044922,715.3939208984375,4216.4228515625,-0.987075686454773,-0.02444649487733841
s20,generalist,50,7,5,0.26079103350639343,1004.2902221679688,3585.642578125,-0.9887233972549438,-0.029494386166334152
s20,generalist,51,7,6,0.0,563.941162109375,83922.4375,-0.9893618822097778,-0.12719106674194336
s20,generalist,52,7,7,0.0,1822.5341796875,81452.328125,-0.966633677482605,-0.235770583152771
s20,generalist,53,7,8,2791.99755859375,2681.542724609375,78403.3828125,-0.847990870475769,-0.2802688777446747
s20,generalist,54,7,9,2301.488525390625,2086.76708984375,34345.5390625,-0.9132049083709717,-0.20474642515182495
s20,generalist,55,7,10,920.65185546875,1726.5975341796875,10858.798828125,-0.9708290100097656,-0.07969123125076294
s20,generalist,56,8,4,124.60526275634766,761.2611083984375,4329.8505859375,-0.9867701530456543,-0.026059143245220184
s20,generalist,57,8,5,0.17414343357086182,1052.277099609375,3650.912109375,-0.9885650277137756,-0.03082345798611641
s20,generalist,58,8,6,0.0,597.4299926757812,77217.015625,-0.9893124103546143,-0.11762000620365143
s20,generalist,59,8,7,0.0,1841.900146484375,74924.2265625,-0.9687620401382446,-0.2284601479768753
s20,generalist,60,8,8,2779.90966796875,2679.141845703125,72037.234375,-0.8609551191329956,-0.2693459987640381
s20,generalist,61,8,9,2235.24560546875,2024.21533203125,31811.908203125,-0.9193439483642578,-0.1926940530538559
s20,generalist,62,8,10,810.0552978515625,1662.4755859375,10341.279296875,-0.9720417261123657,-0.07543125003576279
s20,generalist,63,9,4,111.28416442871094,721.25048828125,4279.30224609375,-0.9868911504745483,-0.024691196158528328
s20,generalist,64,9,5,0.0468861386179924,1011.97314453125,3632.615234375,-0.9885684251785278,-0.029788680374622345
s20,generalist,65,9,6,0.0,571.58984375,80512.859375,-0.9893235564231873,-0.12105193734169006
s20,generalist,66,9,7,0.0,1829.0736083984375,78248.015625,-0.9677793979644775,-0.23068192601203918
s20,generalist,67,9,8,2785.776123046875,2676.68017578125,75301.4296875,-0.8543292284011841,-0.2726020812988281
s20,generalist,68,9,9,2252.194091796875,2044.4912109375,33154.51171875,-0.9160925149917603,-0.19799019396305084
s20,generalist,69,9,10,877.2412109375,1692.802734375,10613.2705078125,-0.9714844226837158,-0.07735596597194672
s20,generalist,70,10,4,130.38746643066406,735.2974853515625,4257.9345703125,-0.9869413375854492,-0.025432994589209557
s20,generalist,71,10,5,0.07323159277439117,1024.1661376953125,3593.8779296875,-0.9886978268623352,-0.029963474720716476
s20,generalist,72,10,6,0.0,576.8858032226562,77098.65625,-0.9894502758979797,-0.11403225362300873
s20,generalist,73,10,7,0.0,1827.181640625,74887.234375,-0.9687498807907104,-0.22812362015247345
s20,generalist,74,10,8,2772.989501953125,2664.4013671875,72030.296875,-0.8607630133628845,-0.2662256360054016
s20,generalist,75,10,9,2225.59130859375,2006.845947265625,31837.79296875,-0.919080376625061,-0.19055765867233276
s20,generalist,76,10,10,817.8381958007812,1657.7216796875,10321.27734375,-0.9721450209617615,-0.07508701086044312
s20,generalist,77,11,4,122.7325439453125,713.24267578125,4237.130859375,-0.9870330095291138,-0.024655243381857872
s20,generalist,78,11,5,0.3596871495246887,1002.406494140625,3589.896728515625,-0.9886986613273621,-0.02943221479654312
s20,generalist,79,11,6,0.0,562.24609375,79643.875,-0.9893917441368103,-0.11933206766843796
s20,generalist,80,11,7,0.0,1821.451904296875,77294.25,-0.9679297208786011,-0.23100274801254272
s20,generalist,81,11,8,2782.31591796875,2669.8564453125,74363.9375,-0.8557775020599365,-0.27166318893432617
s20,generalist,82,11,9,2259.06201171875,2037.76953125,32647.125,-0.9172422885894775,-0.1964424103498459
s20,generalist,83,11,10,855.5145263671875,1685.02587890625,10493.9228515625,-0.9717477560043335,-0.07671809196472168
s20,generalist,84,12,4,120.44697570800781,731.5929565429688,4265.10302734375,-0.9868842959403992,-0.02512316033244133
s20,generalist,85,12,5,0.10954762995243073,1022.582763671875,3613.89990234375,-0.9886525273323059,-0.030012892559170723
s20,generalist,86,12,6,0.0,576.431396484375,78363.53125,-0.9893707036972046,-0.11824768781661987
s20,generalist,87,12,7,0.0,1829.7528076171875,76058.171875,-0.9681602716445923,-0.23038798570632935
s20,generalist,88,12,8,2770.91943359375,2671.82080078125,73133.09375,-0.8580983877182007,-0.2712375521659851
s20,generalist,89,12,9,2249.260498046875,2029.9801025390625,32120.369140625,-0.9183390140533447,-0.19351378083229065
s20,generalist,90,12,10,829.7068481445312,1673.520263671875,10360.111328125,-0.9719639420509338,-0.0750662237405777
s20,generalist,91,13,4,116.7445068359375,725.851806640625,4261.2646484375,-0.9869109392166138,-0.02483997493982315
s20,generalist,92,13,5,0.1731564998626709,1017.234375,3619.749267578125,-0.9886226654052734,-0.029912665486335754
s20,generalist,93,13,6,0.0,573.5152587890625,80702.4140625,-0.9893012046813965,-0.12207867950201035
s20,generalist,94,13,7,0.0,1830.650390625,78317.3359375,-0.9678425788879395,-0.23077581822872162
s20,generalist,95,13,8,2780.80810546875,2678.023193359375,75349.625,-0.8545745611190796,-0.27293550968170166
s20,generalist,96,13,9,2254.94970703125,2047.4903564453125,33219.7265625,-0.9159231185913086,-0.1989951729774475
s20,generalist,97,13,10,877.0411376953125,1695.181640625,10641.9296875,-0.9714144468307495,-0.07796905189752579
s20,generalist,98,14,4,124.40302276611328,738.04052734375,4289.41650390625,-0.9868732690811157,-0.02545217052102089
s20,generalist,99,14,5,0.1609046459197998,1027.9853515625,3624.883544921875,-0.9886164665222168,-0.03017173707485199
s20,generalist,100,14,6,0.0,580.5868530273438,79536.90625,-1.0,-0.119484081864357
s20,oracle,0,0,4,3000.0,3000.0,19143.78515625,-0.9611970782279968,-0.16884854435920715
s20,oracle,1,0,5,271.19677734375,3000.0,7497.8525390625,-0.9817771315574646,-0.09046334028244019
s20,oracle,2,0,6,0.0,1299.2412109375,4515.8642578125,-0.9860552549362183,-0.03837528079748154
s20,oracle,3,0,7,0.0,1403.1090087890625,3606.1796875,-0.9887484312057495,-0.04037254676222801
s20,oracle,4,0,8,5.988436698913574,1743.8155517578125,2813.09814453125,-0.9914991855621338,-0.048123084008693695
s20,oracle,5,0,9,0.0,0.0,2064.28759765625,-1.0,-0.0017832998419180512
s20,oracle,6,0,10,0.0,0.0,2063.594970703125,-1.0,-0.0019221182446926832
s20,oracle,7,1,4,0.0,624.6996459960938,1806.91455078125,-0.9939687848091125,-0.01769489049911499
s20,oracle,8,1,5,0.0,0.0,1618.984130859375,-1.0,-0.001694992184638977
s20,oracle,9,1,6,0.0,0.24197982251644135,110771.921875,-0.9998849630355835,-0.11628758907318115
s20,oracle,10,1,7,0.0,1489.39111328125,107898.640625,-0.9616588950157166,-0.24355708062648773
s20,oracle,11,1,8,2820.633056640625,2810.964111328125,104889.5859375,-0.8012034296989441,-0.289651483297348
s20,oracle,12,1,9,2160.2392578125,1582.791015625,46068.1796875,-0.8799874186515808,-0.21855752170085907
s20,oracle,13,1,10,757.940673828125,820.1600952148438,15124.236328125,-0.96973717212677,-0.105488121509552
s20,oracle,14,2,4,977.5737915039062,2510.68896484375,7136.91748046875,-0.9818878173828125,-0.09604328870773315
s20,oracle,15,2,5,0.0,1837.4820556640625,3829.44140625,-0.9888371825218201,-0.050972674041986465
s20,oracle,16,2,6,0.0,494.70782470703125,45841.94921875,-0.9903092384338379,-0.0728321447968483
s20,oracle,17,2,7,0.0,1398.9276123046875,44595.73828125,-0.9774279594421387,-0.15336625277996063
s20,oracle,18,2,8,2257.2509765625,2715.783447265625,42944.12109375,-0.9151530265808105,-0.2203286588191986
s20,oracle,19,2,9,1467.924560546875,1036.641845703125,18499.345703125,-0.948581337928772,-0.10428102314472198
s20,oracle,20,2,10,40.551727294921875,110.43887329101562,7214.21533203125,-0.9905996322631836,-0.042234621942043304
s20,oracle,21,3,4,526.9098510742188,1985.78662109375,5332.06298828125,-0.9854766130447388,-0.06942460685968399
s20,oracle,22,3,5,0.0,1272.8675537109375,3291.87158203125,-0.9899073839187622,-0.03583536297082901
s20,oracle,23,3,6,0.0,261.1160888671875,66328.46875,-0.9921133518218994,-0.08875760436058044
s20,oracle,24,3,7,0.0,1525.81494140625,64493.7109375,-0.9732875227928162,-0.1871592253446579
s20,oracle,25,3,8,2551.173828125,2836.4951171875,62337.2265625,-0.8827767968177795,-0.24248258769512177
s20,oracle,26,3,9,1711.32373046875,1229.41259765625,27762.345703125,-0.9273821711540222,-0.14556139707565308
s20,oracle,27,3,10,255.73062133789062,347.2481689453125,10070.0146484375,-0.9817761778831482,-0.0674835741519928
s20,oracle,28,4,4,709.9619140625,2164.737060546875,6058.2021484375,-0.9841777682304382,-0.07942415773868561
s20,oracle,29,4,5,0.0,1463.6300048828125,3495.67041015625,-0.9895491600036621,-0.040941670536994934
s20,oracle,30,4,6,0.0,343.28399658203125,59188.15625,-0.9915502071380615,-0.08359670639038086
s20,oracle,31,4,7,0.0,1480.4029541015625,57458.34375,-0.974653959274292,-0.1754826307296753
s20,oracle,32,4,8,2418.3642578125,2775.74169921875,55465.87890625,-0.8938776254653931,-0.2314213514328003
s20,oracle,33,4,9,1603.2286376953125,1139.797607421875,24322.34375,-0.9351414442062378,-0.13198506832122803
s20,oracle,34,4,10,182.95364379882812,265.35498046875,8811.240234375,-0.9845678210258484,-0.056856222450733185
s20,oracle,35,5,4,643.3251342773438,2085.4853515625,5661.87939453125,-0.9849869012832642,-0.0754484087228775
s20,oracle,36,5,5,0.0,1356.9791259765625,3340.185546875,-0.9898955225944519,-0.03804905712604523
s20,oracle,37,5,6,0.0,307.04180908203125,62569.90234375,-0.9922347068786621,-0.08533035218715668
s20,oracle,38,5,7,0.0,1504.8994140625,60978.34765625,-0.9738621711730957,-0.18157121539115906
s20,oracle,39,5,8,2479.6728515625,2793.557861328125,58905.2109375,-0.8876780271530151,-0.23614691197872162
s20,oracle,40,5,9,1659.3125,1175.2210693359375,25904.87109375,-0.9311752319335938,-0.13616319000720978
s20,oracle,41,5,10,210.02523803710938,295.6015625,9404.8212890625,-0.9833301901817322,-0.059934332966804504
s20,oracle,42,6,4,669.6282348632812,2117.614990234375,5891.291015625,-0.984454870223999,-0.07697002589702606
s20,oracle,43,6,5,0.0,1408.1605224609375,3450.5341796875,-0.9896103143692017,-0.039424020797014236
s20,oracle,44,6,6,0.0,321.5694580078125,58541.25,-0.9919224977493286,-0.08112585544586182
s20,oracle,45,6,7,0.0,1487.78076171875,56849.55859375,-0.97495436668396,-0.17565593123435974
s20,oracle,46,6,8,2444.486083984375,2775.84521484375,54880.19140625,-0.8948980569839478,-0.2300911396741867
s20,oracle,47,6,9,1600.130615234375,1115.6256103515625,24097.0,-0.9352583885192871,-0.12938763201236725
s20,oracle,48,6,10,176.51072692871094,256.48468017578125,8920.587890625,-0.984967827796936,-0.05696767568588257
s20,oracle,49,7,4,641.1400146484375,2080.61181640625,5761.7705078125,-0.9846988916397095,-0.07535795122385025
s20,oracle,50,7,5,0.03390911966562271,1365.9422607421875,3412.55078125,-0.9896823763847351,-0.038390375673770905
s20,oracle,51,7,6,0.0,304.311767578125,64984.43359375,-0.9919619560241699,-0.0904342457652092
s20,oracle,52,7,7,0.0,1496.01220703125,63129.3046875,-0.9729233980178833,-0.1854577660560608
s20,oracle,53,7,8,2478.90771484375,2791.01513671875,60988.8515625,-0.8833353519439697,-0.2421034276485443
s20,oracle,54,7,9,1688.912109375,1225.418701171875,26693.0078125,-0.9293966293334961,-0.14278241991996765
s20,oracle,55,7,10,206.38192749023438,300.86541748046875,9534.6689453125,-0.9824434518814087,-0.06420904397964478
s20,oracle,56,8,4,669.7376708984375,2132.5205078125,6022.61767578125,-0.9841316938400269,-0.0775999128818512
s20,oracle,57,8,5,0.0,1424.2864990234375,3518.18115234375,-0.9894269704818726,-0.0399673655629158
s20,oracle,58,8,6,0.0,331.93218994140625,58735.7890625,-0.9917740821838379,-0.08306585252285004
s20,oracle,59,8,7,0.0,1488.12060546875,57051.28125,-0.9746580123901367,-0.17508476972579956
s20,oracle,60,8,8,2418.750732421875,2766.70849609375,55054.53515625,-0.8949448466300964,-0.22917942702770233
s20,oracle,61,8,9,1585.45947265625,1112.962646484375,24312.51171875,-0.9350878000259399,-0.1303575038909912
s20,oracle,62,8,10,180.97718811035156,259.5455322265625,9020.2333984375,-0.984637975692749,-0.059176765382289886
s20,oracle,63,9,4,642.681884765625,2071.46484375,5774.0458984375,-0.9847003817558289,-0.07524608075618744
s20,oracle,64,9,5,0.0,1351.6484375,3422.4072265625,-0.9896268844604492,-0.03805513679981232
s20,oracle,65,9,6,0.0,301.4449768066406,64476.38671875,-0.9920645952224731,-0.08986043184995651
s20,oracle,66,9,7,0.0,1500.173095703125,62694.390625,-0.9734424352645874,-0.1827794462442398
s20,oracle,67,9,8,2465.24951171875,2783.3505859375,60584.203125,-0.885000467300415,-0.23784653842449188
s20,oracle,68,9,9,1655.24365234375,1195.985595703125,26782.078125,-0.9293719530105591,-0.14051181077957153
s20,oracle,69,9,10,233.93353271484375,317.4328918457031,9591.080078125,-0.9823298454284668,-0.06233146786689758
s20,oracle,70,10,4,682.5831298828125,2118.439453125,5899.92333984375,-0.984472393989563,-0.07742759585380554
s20,oracle,71,10,5,0.004749919753521681,1399.534912109375,3440.79638671875,-0.9896388053894043,-0.039227426052093506
s20,oracle,72,10,6,0.0,323.63787841796875,58856.9140625,-0.9919565916061401,-0.08066435903310776
s20,oracle,73,10,7,0.0,1487.7796630859375,57196.5234375,-0.9746901988983154,-0.1758236289024353
s20,oracle,74,10,8,2427.72607421875,2768.35595703125,55203.1640625,-0.894483745098114,-0.22922533750534058
s20,oracle,75,10,9,1592.707763671875,1110.30419921875,24316.99609375,-0.9349029064178467,-0.12915939092636108
s20,oracle,76,10,10,183.862548828125,264.11322021484375,9006.48828125,-0.9847967028617859,-0.05785679444670677
s20,oracle,77,11,4,643.8226928710938,2075.349609375,5762.033203125,-0.9847211241722107,-0.07523397356271744
s20,oracle,78,11,5,0.0,1359.82421875,3410.315673828125,-0.9896920919418335,-0.03820120170712471
s20,oracle,79,11,6,0.0,303.7572021484375,62762.2890625,-0.99202561378479,-0.08692369610071182
s20,oracle,80,11,7,0.0,1498.035400390625,60967.69140625,-0.9737377166748047,-0.18182499706745148
s20,oracle,81,11,8,2475.35400390625,2785.91748046875,58888.3671875,-0.8874763250350952,-0.23597025871276855
s20,oracle,82,11,9,1653.8226318359375,1173.5377197265625,25843.927734375,-0.9313265681266785,-0.13760313391685486
s20,oracle,83,11,10,206.8527069091797,291.8775329589844,9392.77734375,-0.9834127426147461,-0.061921630054712296
s20,oracle,84,12,4,663.574951171875,2109.966064453125,5915.93359375,-0.9843714237213135,-0.0767957866191864
s20,oracle,85,12,5,0.0,1398.4671630859375,3475.7080078125,-0.9895393252372742,-0.03928222507238388
s20,oracle,86,12,6,0.0,319.35595703125,59729.24609375,-0.9918811321258545,-0.08341190963983536
s20,oracle,87,12,7,0.0,1490.16796875,58078.13671875,-0.9743233919143677,-0.17582689225673676
s20,oracle,88,12,8,2427.50244140625,2768.8447265625,56058.234375,-0.8927373290061951,-0.23069877922534943
s20,oracle,89,12,9,1593.4501953125,1126.1527099609375,24629.02734375,-0.9343753457069397,-0.13038226962089539
s20,oracle,90,12,10,188.67666625976562,271.845947265625,9054.3076171875,-0.984342634677887,-0.057618290185928345
s20,oracle,91,13,4,650.6730346679688,2080.4228515625,5767.95751953125,-0.9847077131271362,-0.07549414038658142
s20,oracle,92,13,5,0.0,1359.8843994140625,3408.875,-0.989678144454956,-0.03819385915994644
s20,oracle,93,13,6,0.0,305.7052001953125,62850.0625,-0.99200838804245,-0.08682882785797119
s20,oracle,94,13,7,0.0,1497.439697265625,61027.453125,-0.9738562703132629,-0.18165980279445648
s20,oracle,95,13,8,2460.328857421875,2780.35205078125,58947.4453125,-0.8875201940536499,-0.2370244562625885
s20,oracle,96,13,9,1650.1895751953125,1176.5784912109375,25931.283203125,-0.9310920834541321,-0.1387120932340622
s20,oracle,97,13,10,206.79074096679688,294.8638916015625,9389.82421875,-0.9830866456031799,-0.06326105445623398
s20,oracle,98,14,4,668.5761108398438,2116.37451171875,5924.0029296875,-0.984372615814209,-0.07704795897006989
s20,oracle,99,14,5,0.0007904309313744307,1400.577880859375,3465.7216796875,-0.9895555973052979,-0.039293453097343445
s20,oracle,100,14,6,0.0,322.5169982910156,60017.3046875,-1.0,-0.08328790217638016
s20,specialist,0,0,4,3000.0,3000.0,19143.78515625,-0.9611970782279968,-0.16884854435920715
s20,specialist,1,0,5,0.0,2999.98876953125,7497.8525390625,-0.9816145896911621,-0.08375613391399384
s20,specialist,2,0,6,0.0,1995.93310546875,4737.30419921875,-0.9862051606178284,-0.055893391370773315
s20,specialist,3,0,7,0.0,1478.162841796875,3351.0283203125,-0.9896203279495239,-0.04146333411335945
s20,specialist,4,0,8,0.0,4.574334621429443,2578.885986328125,-0.9995177984237671,-0.003295453730970621
s20,specialist,5,0,9,0.0,0.0,2575.16845703125,-1.0,-0.004060620907694101
s20,specialist,6,0,10,0.0,0.0,2574.30712890625,-1.0,-0.004451645538210869
s20,specialist,7,1,4,0.0,716.9417724609375,2254.64453125,-0.99293053150177,-0.021135050803422928
s20,specialist,8,1,5,0.0,0.0,1988.8525390625,-1.0,-0.0034180968068540096
s20,specialist,9,1,6,0.0,1525.469482421875,106850.109375,-0.9929830431938171,-0.1552892029285431
s20,specialist,10,1,7,0.0,2689.45068359375,103555.46875,-0.9651738405227661,-0.24814634025096893
s20,specialist,11,1,8,2992.718017578125,3000.0,98886.140625,-0.8144358396530151,-0.282367467880249
s20,specialist,12,1,9,1275.8272705078125,1273.881103515625,43194.5625,-0.9107277393341064,-0.20558226108551025
s20,specialist,13,1,10,137.22958374023438,904.312744140625,16435.0546875,-0.9714592695236206,-0.1529131531715393
s20,specialist,14,2,4,1415.357666015625,2437.74169921875,9662.2734375,-0.9751833081245422,-0.10818564891815186
s20,specialist,15,2,5,0.0,2198.796142578125,4785.32177734375,-0.9863789081573486,-0.061483003199100494
s20,specialist,16,2,6,0.0,1535.8759765625,20288.626953125,-0.989816427230835,-0.06027771160006523
s20,specialist,17,2,7,0.0,1426.98388671875,19051.68359375,-0.9859983921051025,-0.09430034458637238
s20,specialist,18,2,8,1092.99462890625,1459.099365234375,18010.57421875,-0.9639708399772644,-0.11369997262954712
s20,specialist,19,2,9,406.01947021484375,327.25,8423.587890625,-0.9843896627426147,-0.03989731892943382
s20,specialist,20,2,10,0.0,0.0,5360.533203125,-1.0,-0.026960477232933044
s20,specialist,21,3,4,247.11544799804688,1185.373291015625,4284.66650390625,-0.9880036115646362,-0.04216807335615158
s20,specialist,22,3,5,0.0,723.8853759765625,3078.142822265625,-0.9933275580406189,-0.023697704076766968
s20,specialist,23,3,6,0.0,1632.703369140625,78948.734375,-0.9913914203643799,-0.13395315408706665
s20,specialist,24,3,7,0.0,2268.529541015625,76326.7890625,-0.9721956253051758,-0.20628011226654053
s20,specialist,25,3,8,2727.4033203125,2853.9951171875,73072.4453125,-0.8640336394309998,-0.2546209692955017
s20,specialist,26,3,9,1082.633056640625,1058.3695068359375,32558.173828125,-0.9336825013160706,-0.1538887321949005
s20,specialist,27,3,10,107.29841613769531,516.238525390625,13419.388671875,-0.9826368689537048,-0.1158512681722641
s20,specialist,28,4,4,1147.10498046875,2183.966796875,8432.005859375,-0.9783837795257568,-0.09347717463970184
s20,specialist,29,4,5,0.0,1883.608642578125,4425.6435546875,-0.9875279068946838,-0.05318134278059006
s20,specialist,30,4,6,0.0,1526.7333984375,33641.17578125,-0.9900267124176025,-0.07787327468395233
s20,specialist,31,4,7,0.0,1574.6856689453125,31902.853515625,-0.9827413558959961,-0.1250009834766388
s20,specialist,32,4,8,1582.8331298828125,1867.964111328125,30409.7734375,-0.9406986236572266,-0.156711608171463
s20,specialist,33,4,9,615.2124633789062,537.2286987304688,13602.775390625,-0.9732670187950134,-0.0650940015912056
s20,specialist,34,4,10,11.569475173950195,68.89942932128906,7044.04248046875,-0.9975801706314087,-0.04469038546085358
s20,specialist,35,5,4,449.84210205078125,1456.2978515625,5310.18310546875,-0.9857838749885559,-0.05479025840759277
s20,specialist,36,5,5,0.0,1031.7960205078125,3434.360107421875,-0.9917306900024414,-0.03158159554004669
s20,specialist,37,5,6,0.0,1587.528076171875,66489.140625,-0.9910035133361816,-0.12037287652492523
s20,specialist,38,5,7,0.0,2068.61181640625,64290.05078125,-0.9749817848205566,-0.1893390417098999
s20,specialist,39,5,8,2476.09765625,2645.32275390625,61558.609375,-0.8848050832748413,-0.2353525161743164
s20,specialist,40,5,9,992.5830078125,945.7442626953125,27543.232421875,-0.9436686038970947,-0.13259360194206238
s20,specialist,41,5,10,81.21576690673828,367.80731201171875,11859.5087890625,-0.9873244762420654,-0.09912614524364471
s20,specialist,42,6,4,977.6709594726562,2008.3114013671875,7776.78173828125,-0.9799207448959351,-0.08416641503572464
s20,specialist,43,6,5,0.0,1680.9189453125,4271.8017578125,-0.9882152080535889,-0.04826818406581879
s20,specialist,44,6,6,0.0,1546.3975830078125,38928.32421875,-0.9900364875793457,-0.08669767528772354
s20,specialist,45,6,7,0.0,1687.360107421875,37115.3671875,-0.981275200843811,-0.1367751806974411
s20,specialist,46,6,8,1762.79736328125,2044.163818359375,35368.2421875,-0.9311479330062866,-0.17000418901443481
s20,specialist,47,6,9,654.8026733398438,588.548583984375,15719.8828125,-0.968757152557373,-0.0760313868522644
s20,specialist,48,6,10,17.70637321472168,108.28528594970703,7901.162109375,-0.9961849451065063,-0.0554293617606163
s20,specialist,49,7,4,539.60498046875,1541.019775390625,5821.1982421875,-0.9846267700195312,-0.059587664902210236
s20,specialist,50,7,5,0.0,1152.82373046875,3649.649169921875,-0.9907687902450562,-0.03471294790506363
s20,specialist,51,7,6,0.0,1588.423583984375,63347.9765625,-0.9906328320503235,-0.11769415438175201
s20,specialist,52,7,7,0.0,1984.53955078125,61101.21875,-0.9754725694656372,-0.1845744252204895
s20,specialist,53,7,8,2346.63720703125,2542.33203125,58496.4296875,-0.890094518661499,-0.23000392317771912
s20,specialist,54,7,9,993.1466064453125,933.9085693359375,26180.8671875,-0.9455378651618958,-0.12689515948295593
s20,specialist,55,7,10,78.6930923461914,322.8572082519531,11287.54296875,-0.9891022443771362,-0.09296628087759018
s20,specialist,56,8,4,909.5818481445312,1942.7646484375,7489.58154296875,-0.9805980324745178,-0.08063867688179016
s20,specialist,57,8,5,0.0,1587.237548828125,4188.482421875,-0.9885647296905518,-0.04594527930021286
s20,specialist,58,8,6,0.0,1539.134033203125,43819.984375,-0.9900417327880859,-0.092781662940979
s20,specialist,59,8,7,0.0,1729.974853515625,41824.7890625,-0.9799867868423462,-0.14309847354888916
s20,specialist,60,8,8,1815.39306640625,2090.63427734375,39884.984375,-0.9230258464813232,-0.1772364377975464
s20,specialist,61,8,9,715.4518432617188,656.7337646484375,17772.255859375,-0.9643622040748596,-0.08499607443809509
s20,specialist,62,8,10,31.292240142822266,158.7754669189453,8440.7216796875,-0.9944009780883789,-0.06129634007811546
s20,specialist,63,9,4,580.5029296875,1572.0634765625,6028.15185546875,-0.984167754650116,-0.06154303252696991
s20,specialist,64,9,5,0.0,1184.705078125,3720.65380859375,-0.9904630184173584,-0.03553115576505661
s20,specialist,65,9,6,0.0,1575.62939453125,60525.0546875,-0.9905304908752441,-0.11419008672237396
s20,specialist,66,9,7,0.0,1953.132568359375,58327.734375,-0.9765405654907227,-0.1766977161169052
s20,specialist,67,9,8,2261.739013671875,2459.59375,55854.5390625,-0.8958078622817993,-0.21868276596069336
s20,specialist,68,9,9,934.39892578125,877.1511840820312,25252.2265625,-0.947311520576477,-0.12016996741294861
s20,specialist,69,9,10,85.40509796142578,331.5132751464844,11012.7353515625,-0.98893141746521,-0.0886729508638382
s20,specialist,70,10,4,867.293212890625,1886.19140625,7231.2919921875,-0.981269896030426,-0.07759752869606018
s20,specialist,71,10,5,0.0,1528.796142578125,4082.052734375,-0.988967776298523,-0.04416642338037491
s20,specialist,72,10,6,0.0,1539.594970703125,45015.46875,-0.9902173280715942,-0.09418150037527084
s20,specialist,73,10,7,0.0,1764.216552734375,43134.359375,-0.9795616865158081,-0.1477436125278473
s20,specialist,74,10,8,1886.677734375,2143.546875,41128.59765625,-0.9206451177597046,-0.1820971667766571
s20,specialist,75,10,9,725.2081298828125,663.8377685546875,18233.6953125,-0.9631334543228149,-0.08745712041854858
s20,specialist,76,10,10,33.46784973144531,165.62608337402344,8672.650390625,-0.9942060112953186,-0.06391702592372894
s20,specialist,77,11,4,616.9830322265625,1623.002685546875,6180.07275390625,-0.9837695360183716,-0.06399844586849213
s20,specialist,78,11,5,0.0,1238.961669921875,3765.75634765625,-0.990203857421875,-0.036950722336769104
s20,specialist,79,11,6,0.0,1570.995849609375,58968.625,-0.9905133247375488,-0.1116265282034874
s20,specialist,80,11,7,0.0,1920.33349609375,56752.9296875,-0.9767570495605469,-0.17173856496810913
s20,specialist,81,11,8,2223.07421875,2441.948974609375,54337.609375,-0.8980879783630371,-0.21513237059116364
s20,specialist,82,11,9,913.1173095703125,855.3693237304688,24517.14453125,-0.9494491815567017,-0.11524524539709091
s20,specialist,83,11,10,84.9648208618164,308.80401611328125,10802.333984375,-0.9899670481681824,-0.08488040417432785
s20,specialist,84,12,4,830.22021484375,1850.971923828125,7127.02685546875,-0.9814705848693848,-0.07579229027032852
s20,specialist,85,12,5,0.0,1491.211669921875,4085.7431640625,-0.9889008402824402,-0.04332958906888962
s20,specialist,86,12,6,0.0,1549.7901611328125,47597.48828125,-0.9901190996170044,-0.09760040044784546
s20,specialist,87,12,7,0.0,1787.061767578125,45567.8515625,-0.9790838360786438,-0.1525101512670517
s20,specialist,88,12,8,1948.078369140625,2197.71337890625,43490.1796875,-0.9164968729019165,-0.18934190273284912
s20,specialist,89,12,9,784.3978271484375,718.6322631835938,19289.96484375,-0.9604589343070984,-0.09148624539375305
s20,specialist,90,12,10,40.81694793701172,183.0822296142578,8930.2578125,-0.9938230514526367,-0.06541420519351959
s20,specialist,91,13,4,653.0496826171875,1669.05126953125,6292.7138671875,-0.9834330677986145,-0.06579392403364182
s20,specialist,92,13,5,0.0,1270.160888671875,3790.783203125,-0.9900752305984497,-0.03748910129070282
s20,specialist,93,13,6,0.0,1559.195556640625,57365.6640625,-0.9904537200927734,-0.1088910698890686
s20,specialist,94,13,7,0.0,1901.6453857421875,55183.69921875,-0.977044939994812,-0.17062416672706604
s20,specialist,95,13,8,2190.629638671875,2407.232177734375,52788.62109375,-0.9008956551551819,-0.2125096172094345
s20,specialist,96,13,9,896.3118896484375,832.5020751953125,23840.0078125,-0.9505082368850708,-0.11365918815135956
s20,specialist,97,13,10,75.86677551269531,284.38580322265625,10613.91796875,-0.9902039766311646,-0.08469413220882416
s20,specialist,98,14,4,807.2688598632812,1833.355712890625,7089.0888671875,-0.9815218448638916,-0.07471318542957306
s20,specialist,99,14,5,0.0,1469.43603515625,4083.414794921875,-0.9889809489250183,-0.04288196936249733
s20,specialist,100,14,6,0.0,1559.562744140625,48269.390625,-1.0,-0.09867290407419205
s21,generalist,0,0,4,3000.0,1659.8856201171875,9599.5498046875,-0.9779365062713623,-0.12557190656661987
s21,generalist,1,0,5,179.8238525390625,1940.6923828125,4456.0048828125,-0.9879868030548096,-0.05761402100324631
s21,generalist,2,0,6,0.0,943.8795166015625,3181.726318359375,-0.9898132085800171,-0.026503385975956917
s21,generalist,3,0,7,0.0,1683.99853515625,2699.9384765625,-0.9917581081390381,-0.045846935361623764
s21,generalist,4,0,8,0.0,1304.126708984375,2004.3896484375,-0.9936774969100952,-0.035462621599435806
s21,generalist,5,0,9,0.0,123.9556884765625,1589.9017333984375,-0.9944801330566406,-0.004052736796438694
s21,generalist,6,0,10,0.0,252.2950439453125,1554.489501953125,-0.9946334362030029,-0.007433004677295685
s21,generalist,7,1,4,0.0,0.0,1301.77880859375,-1.0,-0.0005774972960352898
s21,generalist,8,1,5,0.0,0.0,1301.35791015625,-1.0,-0.0007934458553791046
s21,generalist,9,1,6,0.0,0.0,61673.77734375,-1.0,-0.03879604488611221
s21,generalist,10,1,7,0.0,786.0545654296875,60074.80859375,-0.9770064353942871,-0.2279801070690155
s21,generalist,11,1,8,2608.89990234375,1330.7147216796875,59091.42578125,-0.8713508248329163,-0.25848299264907837
s21,generalist,12,1,9,2616.453125,1435.30224609375,29954.7734375,-0.9189074039459229,-0.1581072211265564
s21,generalist,13,1,10,385.1998291015625,1541.4661865234375,10429.904296875,-0.9716553688049316,-0.0699978619813919
s21,generalist,14,2,4,232.20233154296875,765.1529541015625,4760.931640625,-0.9856624603271484,-0.030273357406258583
s21,generalist,15,2,5,1.4823977947235107,1144.138427734375,3891.315185546875,-0.9878793358802795,-0.033941350877285004
s21,generalist,16,2,6,0.0,648.3363037109375,46460.05859375,-0.9891413450241089,-0.06104566901922226
s21,generalist,17,2,7,0.0,1881.759765625,44986.71484375,-0.9777788519859314,-0.2266417145729065
s21,generalist,18,2,8,2622.33740234375,2601.4658203125,42888.05078125,-0.916262149810791,-0.2106454223394394
s21,generalist,19,2,9,1999.52880859375,1722.4853515625,19462.185546875,-0.9475470781326294,-0.13354845345020294
s21,generalist,20,2,10,309.5037536621094,1419.3349609375,7447.85595703125,-0.9788869619369507,-0.0514090433716774
s21,generalist,21,3,4,53.909278869628906,560.2178344726562,3772.73681640625,-0.9881304502487183,-0.018356455489993095
s21,generalist,22,3,5,0.0,841.83642578125,3353.20068359375,-0.9893038272857666,-0.024868398904800415
s21,generalist,23,3,6,0.0,462.27020263671875,54448.72265625,-0.9899524450302124,-0.06105984374880791
s21,generalist,24,3,7,0.0,1786.0867919921875,52869.609375,-0.9763107299804688,-0.24224042892456055
s21,generalist,25,3,8,2808.42236328125,2581.028564453125,50721.1953125,-0.9022208452224731,-0.22848907113075256
s21,generalist,26,3,9,2257.7421875,1762.684326171875,23045.90234375,-0.9392081499099731,-0.14795732498168945
s21,generalist,27,3,10,400.8861083984375,1471.1363525390625,8351.7421875,-0.9769964218139648,-0.05771374702453613
s21,generalist,28,4,4,105.20144653320312,588.97021484375,3944.40576171875,-0.9877364039421082,-0.020638275891542435
s21,generalist,29,4,5,0.19727319478988647,882.0987548828125,3431.91015625,-0.9890525937080383,-0.02597965858876705
s21,generalist,30,4,6,0.0,468.14239501953125,51908.5390625,-0.9897469282150269,-0.05887608230113983
s21,generalist,31,4,7,0.0,1775.150390625,50367.20703125,-0.9767462611198425,-0.23952631652355194
s21,generalist,32,4,8,2769.743408203125,2559.44677734375,48278.2890625,-0.9059958457946777,-0.22573241591453552
s21,generalist,33,4,9,2192.066162109375,1726.420654296875,21782.267578125,-0.9418202638626099,-0.14278829097747803
s21,generalist,34,4,10,359.5507507324219,1441.0947265625,8010.71337890625,-0.9775657653808594,-0.054206810891628265
s21,generalist,35,5,4,84.46006774902344,570.5781860351562,3915.5625,-0.9877337217330933,-0.019535016268491745
s21,generalist,36,5,5,0.0,866.47021484375,3448.500244140625,-0.9889929294586182,-0.02558496594429016
s21,generalist,37,5,6,0.0,463.51409912109375,52393.7109375,-0.989665150642395,-0.05990021303296089
s21,generalist,38,5,7,0.0,1777.7408447265625,50853.7578125,-0.9766286015510559,-0.24295011162757874
s21,generalist,39,5,8,2781.33984375,2565.380859375,48748.04296875,-0.9054471254348755,-0.22753477096557617
s21,generalist,40,5,9,2212.941650390625,1739.273193359375,22083.626953125,-0.9411628246307373,-0.14439885318279266
s21,generalist,41,5,10,371.7694091796875,1452.93359375,8094.92333984375,-0.9774080514907837,-0.054910335689783096
s21,generalist,42,6,4,88.89734649658203,578.6558227539062,3922.65673828125,-0.9876809120178223,-0.01987512968480587
s21,generalist,43,6,5,0.27977806329727173,874.137939453125,3445.516357421875,-0.9889965057373047,-0.025794994086027145
s21,generalist,44,6,6,0.0,467.46466064453125,52599.2421875,-0.98961341381073,-0.06020162254571915
s21,generalist,45,6,7,0.0,1780.159912109375,51058.1171875,-0.9764909744262695,-0.24278387427330017
s21,generalist,46,6,8,2774.81591796875,2569.16748046875,48935.5390625,-0.9052737951278687,-0.22725553810596466
s21,generalist,47,6,9,2209.8115234375,1742.5736083984375,22185.2578125,-0.940946638584137,-0.14456695318222046
s21,generalist,48,6,10,378.87744140625,1454.8634033203125,8114.72265625,-0.9773886203765869,-0.05532623082399368
s21,generalist,49,7,4,89.11427307128906,579.9617309570312,3921.4833984375,-0.9877170324325562,-0.019986851140856743
s21,generalist,50,7,5,0.20151256024837494,874.4771118164062,3443.428955078125,-0.9890022277832031,-0.025865091010928154
s21,generalist,51,7,6,0.0,467.9134521484375,54568.9453125,-0.989617645740509,-0.06298196315765381
s21,generalist,52,7,7,0.0,1780.33544921875,53034.51171875,-0.9753869771957397,-0.24314159154891968
s21,generalist,53,7,8,2780.231201171875,2575.6337890625,50824.6015625,-0.9009390473365784,-0.2305200695991516
s21,generalist,54,7,9,2218.5771484375,1758.882080078125,22748.390625,-0.9395813941955566,-0.1477014124393463
s21,generalist,55,7,10,401.79681396484375,1468.1064453125,8247.640625,-0.977027416229248,-0.05629442632198334
s21,generalist,56,8,4,90.66275024414062,587.3204956054688,3948.4931640625,-0.9876126646995544,-0.020206429064273834
s21,generalist,57,8,5,0.0,883.6578369140625,3464.4921875,-0.9889494180679321,-0.02609284408390522
s21,generalist,58,8,6,0.0,474.37054443359375,52985.3828125,-0.989633321762085,-0.06111344322562218
s21,generalist,59,8,7,0.0,1784.099853515625,51283.5390625,-0.9762418270111084,-0.2432222217321396
s21,generalist,60,8,8,2780.41650390625,2575.077392578125,49136.34375,-0.9043737053871155,-0.2287186086177826
s21,generalist,61,8,9,2212.365478515625,1749.60546875,22097.369140625,-0.9412057399749756,-0.14559972286224365
s21,generalist,62,8,10,377.18756103515625,1456.1776123046875,8118.7236328125,-0.9773877859115601,-0.05557743087410927
s21,generalist,63,9,4,80.24559020996094,581.1927490234375,3953.80712890625,-0.987612783908844,-0.01977548375725746
s21,generalist,64,9,5,0.0,877.8165893554688,3478.958740234375,-0.9888668656349182,-0.025921719148755074
s21,generalist,65,9,6,0.0,471.9088134765625,52414.1015625,-0.9896132349967957,-0.060571491718292236
s21,generalist,66,9,7,0.0,1784.264404296875,50885.44140625,-0.9766877293586731,-0.24427497386932373
s21,generalist,67,9,8,2784.34912109375,2573.51708984375,48775.6796875,-0.9053805470466614,-0.2282475084066391
s21,generalist,68,9,9,2216.30078125,1747.013427734375,22052.642578125,-0.9412992596626282,-0.14441326260566711
s21,generalist,69,9,10,368.2943115234375,1454.7330322265625,8085.9873046875,-0.9774088859558105,-0.05533210188150406
s21,generalist,70,10,4,84.79275512695312,581.0313720703125,3936.5908203125,-0.9876644611358643,-0.019889969378709793
s21,generalist,71,10,5,0.0,876.316650390625,3459.8564453125,-0.988930344581604,-0.02589648962020874
s21,generalist,72,10,6,0.0,469.8822326660156,52185.05859375,-0.9896572828292847,-0.059294626116752625
s21,generalist,73,10,7,0.0,1782.0771484375,50663.6953125,-0.97642582654953,-0.24279499053955078
s21,generalist,74,10,8,2778.0009765625,2570.648681640625,48539.16015625,-0.9057616591453552,-0.2267635613679886
s21,generalist,75,10,9,2207.42333984375,1738.1888427734375,21935.16796875,-0.941484808921814,-0.14343222975730896
s21,generalist,76,10,10,366.96099853515625,1449.590576171875,8052.88427734375,-0.9775324463844299,-0.05473704636096954
s21,generalist,77,11,4,87.9187240600586,575.2445068359375,3919.91650390625,-0.9876993894577026,-0.01978428289294243
s21,generalist,78,11,5,0.0,870.7029418945312,3448.639404296875,-0.9889753460884094,-0.025761444121599197
s21,generalist,79,11,6,0.0,465.36865234375,53021.8046875,-0.9896408319473267,-0.06106073036789894
s21,generalist,80,11,7,0.0,1779.533935546875,51529.8828125,-0.9761564135551453,-0.24325814843177795
s21,generalist,81,11,8,2776.69677734375,2571.029541015625,49384.71484375,-0.9041147232055664,-0.22858795523643494
s21,generalist,82,11,9,2216.297119140625,1749.385009765625,22296.30078125,-0.9406895041465759,-0.14543496072292328
s21,generalist,83,11,10,380.706787109375,1459.8477783203125,8150.15869140625,-0.9772778749465942,-0.055551983416080475
s21,generalist,84,12,4,88.41244506835938,583.3840942382812,3939.001953125,-0.9876816868782043,-0.02006041258573532
s21,generalist,85,12,5,0.0,878.7882690429688,3459.263427734375,-0.9889437556266785,-0.025969505310058594
s21,generalist,86,12,6,0.0,471.2500305175781,51768.2421875,-0.9896401166915894,-0.05939076095819473
s21,generalist,87,12,7,0.0,1782.889892578125,50347.66796875,-0.9763063788414001,-0.24210062623023987
s21,generalist,88,12,8,2772.767578125,2571.05810546875,48211.4296875,-0.9059436321258545,-0.22724071145057678
s21,generalist,89,12,9,2204.44287109375,1738.7166748046875,21659.634765625,-0.9421238899230957,-0.1433926820755005
s21,generalist,90,12,10,361.3642578125,1447.41650390625,7980.392578125,-0.9776569604873657,-0.054231345653533936
s21,generalist,91,13,4,79.92532348632812,573.677734375,3916.84619140625,-0.9877124428749084,-0.019535262137651443
s21,generalist,92,13,5,0.0,869.9320068359375,3456.0625,-0.9889411926269531,-0.025777067989110947
s21,generalist,93,13,6,0.0,465.2538146972656,52964.3046875,-0.9896098375320435,-0.060656510293483734
s21,generalist,94,13,7,0.0,1780.50634765625,51375.09375,-0.9763544797897339,-0.2418980598449707
s21,generalist,95,13,8,2777.73388671875,2569.5927734375,49230.90625,-0.9048742055892944,-0.22744718194007874
s21,generalist,96,13,9,2208.56591796875,1744.85302734375,22363.12109375,-0.9406250715255737,-0.14540952444076538
s21,generalist,97,13,10,381.95062255859375,1458.0584716796875,8200.40234375,-0.9772059917449951,-0.0560106597840786
s21,generalist,98,14,4,92.12891387939453,582.466064453125,3947.0107421875,-0.9876464605331421,-0.020174700766801834
s21,generalist,99,14,5,0.0,877.5791015625,3459.50439453125,-0.9889441728591919,-0.025930628180503845
s21,generalist,100,14,6,0.0,470.39971923828125,49799.296875,-1.0,-0.05713346600532532
s21,oracle,0,0,4,1403.2886962890625,2178.082763671875,9599.5498046875,-0.9764999151229858,-0.09762216359376907
s21,oracle,1,0,5,0.0,1956.184326171875,5387.99951171875,-0.9852826595306396,-0.05404870957136154
s21,oracle,2,0,6,0.0,982.3867797851562,3946.675537109375,-0.9873871803283691,-0.028681956231594086
s21,oracle,3,0,7,0.0,1827.9580078125,3325.357177734375,-0.9899647235870361,-0.05028481036424637
s21,oracle,4,0,8,0.0,1757.685791015625,2406.6884765625,-0.992699146270752,-0.047736018896102905
s21,oracle,5,0,9,0.0,0.0,1763.8170166015625,-1.0,-0.0010146631393581629
s21,oracle,6,0,10,0.0,0.0,1763.235595703125,-1.0,-0.0010821967152878642
s21,oracle,7,1,4,0.0,0.0,1544.68310546875,-1.0,-0.0008582572336308658
s21,oracle,8,1,5,0.0,128.67642211914062,1544.1844482421875,-0.9946138858795166,-0.004567155614495277
s21,oracle,9,1,6,0.0,0.0,61073.15234375,-1.0,-0.040949322283267975
s21,oracle,10,1,7,0.0,2141.82177734375,59497.1796875,-0.9780667424201965,-0.24619442224502563
s21,oracle,11,1,8,2968.894775390625,2999.30517578125,57068.73828125,-0.8935572504997253,-0.22622838616371155
s21,oracle,12,1,9,2245.693115234375,882.7548828125,25183.7265625,-0.9270052909851074,-0.12393253296613693
s21,oracle,13,1,10,350.2559814453125,345.8661804199219,9645.36328125,-0.9903475642204285,-0.038237832486629486
s21,oracle,14,2,4,710.6027221679688,2251.38232421875,5374.1396484375,-0.9856542348861694,-0.08038946986198425
s21,oracle,15,2,5,0.0,1997.0072021484375,3170.4033203125,-0.9908194541931152,-0.054200537502765656
s21,oracle,16,2,6,0.0,1318.2178955078125,42305.66015625,-0.9926654696464539,-0.06645140051841736
s21,oracle,17,2,7,0.0,2576.6044921875,40767.25,-0.982684314250946,-0.16617849469184875
s21,oracle,18,2,8,2891.89990234375,2988.612548828125,38474.9375,-0.9268692135810852,-0.19710882008075714
s21,oracle,19,2,9,1882.6651611328125,732.3612670898438,16651.62890625,-0.948271632194519,-0.09884890913963318
s21,oracle,20,2,10,146.4139404296875,152.34085083007812,7130.65771484375,-0.9929251670837402,-0.022730324417352676
s21,oracle,21,3,4,343.6663513183594,1731.88134765625,4811.4609375,-0.9862537384033203,-0.05699209123849869
s21,oracle,22,3,5,0.0014668330550193787,1547.3946533203125,3288.26953125,-0.9900721907615662,-0.04256170243024826
s21,oracle,23,3,6,0.0,1035.770751953125,48410.2265625,-0.9915931224822998,-0.06629423797130585
s21,oracle,24,3,7,0.0,2481.84228515625,46766.2421875,-0.9805478453636169,-0.19242632389068604
s21,oracle,25,3,8,2908.98828125,2997.580078125,44278.9296875,-0.9168689846992493,-0.20723119378089905
s21,oracle,26,3,9,1891.057373046875,698.7384033203125,19417.828125,-0.9410088062286377,-0.10486424714326859
s21,oracle,27,3,10,226.944091796875,219.60169982910156,8180.6484375,-0.9916344881057739,-0.030750826001167297
s21,oracle,28,4,4,403.4534606933594,1749.489990234375,5183.7177734375,-0.9853087663650513,-0.05934087187051773
s21,oracle,29,4,5,0.0,1573.5126953125,3497.00390625,-0.9894659519195557,-0.04347936064004898
s21,oracle,30,4,6,0.0,1061.10400390625,44861.140625,-0.9911757111549377,-0.06423379480838776
s21,oracle,31,4,7,0.0,2462.89599609375,43258.80078125,-0.9810501337051392,-0.18765707314014435
s21,oracle,32,4,8,2857.087890625,2987.51123046875,40860.4765625,-0.922432005405426,-0.20238567888736725
s21,oracle,33,4,9,1822.909423828125,644.40869140625,17758.296875,-0.9444800615310669,-0.09804964065551758
s21,oracle,34,4,10,172.54849243164062,170.73287963867188,7761.20361328125,-0.9926252365112305,-0.02732309326529503
s21,oracle,35,5,4,365.39410400390625,1684.0400390625,5178.1923828125,-0.9851682186126709,-0.05677466839551926
s21,oracle,36,5,5,0.04007929190993309,1523.8515625,3561.954833984375,-0.9892100095748901,-0.04231223464012146
s21,oracle,37,5,6,0.0,1037.121826171875,45511.046875,-0.9909176826477051,-0.06529214978218079
s21,oracle,38,5,7,0.0,2469.199462890625,43895.55859375,-0.980803906917572,-0.19254207611083984
s21,oracle,39,5,8,2862.864501953125,2988.127685546875,41458.86328125,-0.9217237830162048,-0.2035141885280609
s21,oracle,40,5,9,1827.00146484375,655.1028442382812,18150.162109375,-0.9436772465705872,-0.09954939782619476
s21,oracle,41,5,10,184.03915405273438,182.02313232421875,7898.57421875,-0.9923155307769775,-0.028470590710639954
s21,oracle,42,6,4,374.6658935546875,1689.7294921875,5210.154296875,-0.9851064682006836,-0.05709381401538849
s21,oracle,43,6,5,0.0,1526.4132080078125,3574.916015625,-0.9891835451126099,-0.042380042374134064
s21,oracle,44,6,6,0.0,1040.8155517578125,45401.359375,-0.9908794164657593,-0.06559772789478302
s21,oracle,45,6,7,0.0,2467.370849609375,43818.109375,-0.9807088375091553,-0.19265532493591309
s21,oracle,46,6,8,2858.34814453125,2987.6650390625,41375.515625,-0.9219537377357483,-0.20412130653858185
s21,oracle,47,6,9,1826.8525390625,659.4976196289062,18140.291015625,-0.9437196254730225,-0.09975479543209076
s21,oracle,48,6,10,181.62974548339844,178.84512329101562,7886.748046875,-0.9922083020210266,-0.02843758836388588
s21,oracle,49,7,4,372.3114318847656,1687.4544677734375,5222.234375,-0.9850701093673706,-0.05713614821434021
s21,oracle,50,7,5,0.017072975635528564,1526.9267578125,3584.5654296875,-0.9891398549079895,-0.04248381406068802
s21,oracle,51,7,6,0.0,1040.6334228515625,47062.79296875,-0.9908313155174255,-0.06840981543064117
s21,oracle,52,7,7,0.0,2467.547607421875,45470.75,-0.9798074960708618,-0.19395719468593597
s21,oracle,53,7,8,2857.1455078125,2988.012451171875,42910.34765625,-0.9183576107025146,-0.2066178321838379
s21,oracle,54,7,9,1836.6239013671875,682.6075439453125,18599.287109375,-0.9426333904266357,-0.10278814285993576
s21,oracle,55,7,10,189.6536865234375,188.06051635742188,7994.306640625,-0.9918659329414368,-0.030040089040994644
s21,oracle,56,8,4,372.9700012207031,1691.46044921875,5275.5283203125,-0.9849165678024292,-0.057327285408973694
s21,oracle,57,8,5,0.0,1532.2275390625,3621.499267578125,-0.9890435934066772,-0.04265604168176651
s21,oracle,58,8,6,0.0,1041.998291015625,45434.0,-0.9907729625701904,-0.06607609242200851
s21,oracle,59,8,7,0.0,2461.33544921875,43698.7265625,-0.9804843664169312,-0.1926860213279724
s21,oracle,60,8,8,2851.450439453125,2986.28955078125,41226.90234375,-0.9216674566268921,-0.20451900362968445
s21,oracle,61,8,9,1820.423583984375,657.0955200195312,17917.7421875,-0.9441819787025452,-0.0998685210943222
s21,oracle,62,8,10,168.92593383789062,169.3570556640625,7865.7099609375,-0.9925093054771423,-0.0295887254178524
s21,oracle,63,9,4,368.18182373046875,1681.4517822265625,5277.892578125,-0.984907865524292,-0.05694279074668884
s21,oracle,64,9,5,0.01748587191104889,1523.3529052734375,3633.054931640625,-0.9889845848083496,-0.042418818920850754
s21,oracle,65,9,6,0.0,1040.414794921875,45120.515625,-0.9907639026641846,-0.06552717089653015
s21,oracle,66,9,7,0.0,2468.07958984375,43534.90234375,-0.9809240102767944,-0.19317343831062317
s21,oracle,67,9,8,2852.93896484375,2988.0927734375,41123.234375,-0.9223078489303589,-0.20367184281349182
s21,oracle,68,9,9,1818.37353515625,654.9507446289062,17995.93359375,-0.9441167712211609,-0.09911385178565979
s21,oracle,69,9,10,176.8348846435547,174.98977661132812,7870.5361328125,-0.9924376606941223,-0.02908772975206375
s21,oracle,70,10,4,370.20001220703125,1682.753173828125,5236.1748046875,-0.9850296378135681,-0.056997884064912796
s21,oracle,71,10,5,0.0,1521.826416015625,3602.14404296875,-0.9890809655189514,-0.04237128794193268
s21,oracle,72,10,6,0.0,1040.0496826171875,45098.25390625,-0.9908080101013184,-0.06459388881921768
s21,oracle,73,10,7,0.0,2469.165283203125,43516.71875,-0.9806005954742432,-0.1919775903224945
s21,oracle,74,10,8,2849.7333984375,2987.213134765625,41051.609375,-0.9222870469093323,-0.20239704847335815
s21,oracle,75,10,9,1814.103271484375,645.642333984375,17930.0234375,-0.9441535472869873,-0.09850980341434479
s21,oracle,76,10,10,181.40142822265625,178.7034912109375,7851.69580078125,-0.9925171136856079,-0.028113417327404022
s21,oracle,77,11,4,366.4447326660156,1678.48388671875,5211.0048828125,-0.9850829839706421,-0.05668976157903671
s21,oracle,78,11,5,0.0,1519.25634765625,3592.8798828125,-0.9891011714935303,-0.042287677526474
s21,oracle,79,11,6,0.0,1037.9541015625,45882.6484375,-0.9908026456832886,-0.06635431200265884
s21,oracle,80,11,7,0.0,2469.1484375,44296.796875,-0.9803907871246338,-0.19392168521881104
s21,oracle,81,11,8,2856.16015625,2986.781494140625,41808.93359375,-0.9208227396011353,-0.2045162469148636
s21,oracle,82,11,9,1828.6961669921875,665.0183715820312,18240.193359375,-0.9435037970542908,-0.1004076823592186
s21,oracle,83,11,10,182.29965209960938,180.88223266601562,7930.07958984375,-0.9921935200691223,-0.02928629331290722
s21,oracle,84,12,4,372.6850280761719,1688.512939453125,5254.23095703125,-0.9849717617034912,-0.057195886969566345
s21,oracle,85,12,5,0.005606882274150848,1528.419921875,3607.526611328125,-0.9890782237052917,-0.04253191128373146
s21,oracle,86,12,6,0.0,1042.468994140625,44572.5625,-0.9908139705657959,-0.06516045331954956
s21,oracle,87,12,7,0.0,2466.53173828125,43067.453125,-0.9806260466575623,-0.19087809324264526
s21,oracle,88,12,8,2846.912353515625,2986.581298828125,40617.203125,-0.9227557182312012,-0.20213893055915833
s21,oracle,89,12,9,1809.8502197265625,644.2360229492188,17639.15625,-0.944875180721283,-0.09776754677295685
s21,oracle,90,12,10,169.58285522460938,167.79061889648438,7774.79296875,-0.9926809668540955,-0.027646135538816452
s21,oracle,91,13,4,361.83941650390625,1673.8411865234375,5208.94580078125,-0.985063910484314,-0.05649302527308464
s21,oracle,92,13,5,0.0,1515.4066162109375,3598.482666015625,-0.9890888333320618,-0.042224183678627014
s21,oracle,93,13,6,0.0,1036.304931640625,45637.97265625,-0.9907947778701782,-0.06640614569187164
s21,oracle,94,13,7,0.0,2470.095458984375,43985.09375,-0.980624794960022,-0.1918640434741974
s21,oracle,95,13,8,2859.1025390625,2987.3759765625,41521.890625,-0.9218444228172302,-0.20438456535339355
s21,oracle,96,13,9,1827.1414794921875,661.334228515625,18255.0078125,-0.9435513019561768,-0.10089219361543655
s21,oracle,97,13,10,182.94711303710938,181.6077880859375,7956.212890625,-0.9919744729995728,-0.029834026470780373
s21,oracle,98,14,4,374.7705078125,1689.889404296875,5263.6796875,-0.9849693775177002,-0.05735226720571518
s21,oracle,99,14,5,0.08236677944660187,1530.1727294921875,3605.582763671875,-0.98907870054245,-0.04258384555578232
s21,oracle,100,14,6,0.0,1044.13330078125,43224.46875,-1.0,-0.06285843998193741
s21,specialist,0,0,4,2464.498291015625,1774.066650390625,9599.5498046875,-0.9771982431411743,-0.11457432806491852
s21,specialist,1,0,5,0.0,1756.143310546875,4764.158203125,-0.9868787527084351,-0.04832688719034195
s21,specialist,2,0,6,0.0,991.7411499023438,3610.5107421875,-0.9884837865829468,-0.028322938829660416
s21,specialist,3,0,7,0.0,0.0,3036.154296875,-1.0,-0.0036804531700909138
s21,specialist,4,0,8,0.0,1990.239990234375,3034.97412109375,-0.9909492135047913,-0.0545940101146698
s21,specialist,5,0,9,0.0,0.0,2131.2724609375,-1.0,-0.0018402977148070931
s21,specialist,6,0,10,0.0,0.0,2130.5732421875,-1.0,-0.0019857343286275864
s21,specialist,7,1,4,0.0,0.0,1868.26904296875,-1.0,-0.0015030144713819027
s21,specialist,8,1,5,0.0,1225.394287109375,1867.66845703125,-0.9940708875656128,-0.03379352390766144
s21,specialist,9,1,6,0.0,497.6331787109375,59968.67578125,-0.9944182634353638,-0.052419766783714294
s21,specialist,10,1,7,0.0,3000.0,58282.796875,-0.9796282649040222,-0.2419314682483673
s21,specialist,11,1,8,3000.0,3000.0,55149.1640625,-0.8974734544754028,-0.2176153063774109
s21,specialist,12,1,9,1965.7271728515625,388.7283020019531,24372.16015625,-0.9215860366821289,-0.10620731115341187
s21,specialist,13,1,10,219.0727996826172,377.2025146484375,10282.3662109375,-0.9903374314308167,-0.04353664070367813
s21,specialist,14,2,4,728.558349609375,2020.303466796875,6100.23388671875,-0.9832738637924194,-0.07539281249046326
s21,specialist,15,2,5,0.0,2207.33642578125,3716.14306640625,-0.9893933534622192,-0.060108426958322525
s21,specialist,16,2,6,0.0,1431.8297119140625,38412.10546875,-0.9918389916419983,-0.06761470437049866
s21,specialist,17,2,7,0.0,2839.50732421875,36864.68359375,-0.9836795330047607,-0.15681502223014832
s21,specialist,18,2,8,2799.50390625,2996.787353515625,34469.4140625,-0.9344397783279419,-0.19248747825622559
s21,specialist,19,2,9,529.4644165039062,357.5442199707031,14985.828125,-0.9562333822250366,-0.06053106486797333
s21,specialist,20,2,10,7.500222206115723,225.85302734375,9265.2421875,-0.9942010045051575,-0.04123804345726967
s21,specialist,21,3,4,520.2471313476562,2211.287353515625,6711.087890625,-0.9814304113388062,-0.07547134160995483
s21,specialist,22,3,5,0.0,2228.38720703125,4084.056396484375,-0.9883873462677002,-0.06093735247850418
s21,specialist,23,3,6,0.0,1485.7154541015625,38142.20703125,-0.9911564588546753,-0.0719403475522995
s21,specialist,24,3,7,0.0,2910.931884765625,36539.1171875,-0.9838669896125793,-0.15313363075256348
s21,specialist,25,3,8,2830.0126953125,2999.840576171875,34126.71484375,-0.9361563920974731,-0.19809770584106445
s21,specialist,26,3,9,517.1937866210938,403.4450378417969,15120.9580078125,-0.9695279598236084,-0.05838344246149063
s21,specialist,27,3,10,23.71485137939453,219.4010009765625,9150.8251953125,-0.9936047792434692,-0.04040122032165527
s21,specialist,28,4,4,392.52655029296875,2084.81689453125,6545.38720703125,-0.9817370772361755,-0.06893227994441986
s21,specialist,29,4,5,0.0,2163.800048828125,4187.1953125,-0.9879919290542603,-0.05936175212264061
s21,specialist,30,4,6,0.0,1472.847412109375,37584.078125,-0.9908187389373779,-0.07080160081386566
s21,specialist,31,4,7,0.0,2901.64111328125,35978.359375,-0.983578085899353,-0.15720875561237335
s21,specialist,32,4,8,2801.3056640625,2999.07861328125,33533.12890625,-0.9364551305770874,-0.19474035501480103
s21,specialist,33,4,9,469.4259033203125,362.0479431152344,14632.89453125,-0.9705219268798828,-0.05774928629398346
s21,specialist,34,4,10,10.135481834411621,197.88673400878906,9182.12109375,-0.9941163063049316,-0.04235464707016945
s21,specialist,35,5,4,345.17816162109375,2009.503662109375,6685.8330078125,-0.9811365604400635,-0.06619606912136078
s21,specialist,36,5,5,0.0,2123.35595703125,4363.037109375,-0.9874541759490967,-0.05853228643536568
s21,specialist,37,5,6,0.0,1470.6441650390625,37318.0625,-0.9904203414916992,-0.07171035557985306
s21,specialist,38,5,7,0.0,2901.2939453125,35688.953125,-0.9836185574531555,-0.1574411690235138
s21,specialist,39,5,8,2790.99658203125,2999.67236328125,33251.359375,-0.9375879764556885,-0.19550874829292297
s21,specialist,40,5,9,500.32525634765625,382.99285888671875,14732.076171875,-0.9719499945640564,-0.05728942155838013
s21,specialist,41,5,10,17.483856201171875,191.73675537109375,9123.2001953125,-0.993977427482605,-0.041001446545124054
s21,specialist,42,6,4,308.824951171875,1958.267822265625,6610.46875,-0.981308102607727,-0.06386653333902359
s21,specialist,43,6,5,0.0,2105.1103515625,4403.0234375,-0.9872826933860779,-0.058105528354644775
s21,specialist,44,6,6,0.0,1480.548828125,37725.234375,-0.9902552366256714,-0.07242713868618011
s21,specialist,45,6,7,0.0,2898.2880859375,36089.6328125,-0.9833049774169922,-0.1611698865890503
s21,specialist,46,6,8,2799.045654296875,2999.48583984375,33611.921875,-0.9368579983711243,-0.19654929637908936
s21,specialist,47,6,9,485.9421691894531,384.72503662109375,14867.1826171875,-0.9716883897781372,-0.05884178727865219
s21,specialist,48,6,10,14.883779525756836,194.29244995117188,9251.115234375,-0.9938288927078247,-0.04348040372133255
s21,specialist,49,7,4,298.76318359375,1941.0728759765625,6722.76025390625,-0.9809277057647705,-0.06353801488876343
s21,specialist,50,7,5,0.0,2094.947998046875,4501.103515625,-0.98697829246521,-0.05805040895938873
s21,specialist,51,7,6,0.0,1476.579833984375,38568.578125,-0.9900307655334473,-0.07583842426538467
s21,specialist,52,7,7,0.0,2894.25927734375,36929.0859375,-0.9826254844665527,-0.1615922749042511
s21,specialist,53,7,8,2776.06201171875,2999.341796875,34347.375,-0.9349923133850098,-0.19834467768669128
s21,specialist,54,7,9,520.2728881835938,414.17730712890625,15066.791015625,-0.9721642732620239,-0.060843273997306824
s21,specialist,55,7,10,13.725359916687012,192.04690551757812,9188.041015625,-0.9936751127243042,-0.04386621713638306
s21,specialist,56,8,4,280.6465759277344,1915.984130859375,6692.66357421875,-0.9810014963150024,-0.06249578297138214
s21,specialist,57,8,5,0.0,2082.1728515625,4516.0625,-0.9869610667228699,-0.05774505436420441
s21,specialist,58,8,6,0.0,1484.3905029296875,37620.76953125,-0.9899953603744507,-0.07298681139945984
s21,specialist,59,8,7,0.0,2889.43701171875,35841.0234375,-0.983062744140625,-0.16120252013206482
s21,specialist,60,8,8,2777.935546875,2999.41455078125,33326.609375,-0.9368807673454285,-0.1959456205368042
s21,specialist,61,8,9,485.0291442871094,378.01068115234375,14621.544921875,-0.972618579864502,-0.0598476380109787
s21,specialist,62,8,10,11.051433563232422,180.55064392089844,9205.416015625,-0.9939801096916199,-0.044821858406066895
s21,specialist,63,9,4,279.4743347167969,1910.08154296875,6741.0185546875,-0.980844259262085,-0.06240205466747284
s21,specialist,64,9,5,0.0,2089.22021484375,4555.681640625,-0.9868083000183105,-0.057982590049505234
s21,specialist,65,9,6,0.0,1479.5916748046875,37364.5390625,-0.9899260997772217,-0.07274502515792847
s21,specialist,66,9,7,0.0,2897.683349609375,35725.6171875,-0.9833652973175049,-0.1609218716621399
s21,specialist,67,9,8,2773.59765625,2999.56103515625,33260.5078125,-0.9374986290931702,-0.19533832371234894
s21,specialist,68,9,9,480.1815185546875,377.4081726074219,14739.3515625,-0.9731153249740601,-0.05905693769454956
s21,specialist,69,9,10,17.9814453125,186.74806213378906,9217.392578125,-0.9941052198410034,-0.04442010074853897
s21,specialist,70,10,4,276.51873779296875,1896.773681640625,6701.32421875,-0.9809367060661316,-0.06198961287736893
s21,specialist,71,10,5,0.0,2072.639892578125,4538.82373046875,-0.9868624806404114,-0.057566359639167786
s21,specialist,72,10,6,0.0,1484.0166015625,37019.328125,-0.9899392127990723,-0.07181963324546814
s21,specialist,73,10,7,0.0,2896.590087890625,35388.2109375,-0.9831712245941162,-0.1606447994709015
s21,specialist,74,10,8,2771.625732421875,2999.134765625,32888.00390625,-0.9379771947860718,-0.19420260190963745
s21,specialist,75,10,9,467.2686767578125,364.3304443359375,14510.3447265625,-0.9728711247444153,-0.05794594809412956
s21,specialist,76,10,10,13.511716842651367,179.5867462158203,9171.7685546875,-0.9941351413726807,-0.043964043259620667
s21,specialist,77,11,4,270.6279602050781,1893.45361328125,6702.61083984375,-0.9809107184410095,-0.06166738271713257
s21,specialist,78,11,5,0.0,2079.658203125,4549.48828125,-0.9868213534355164,-0.05774543061852455
s21,specialist,79,11,6,0.0,1487.7744140625,37628.76171875,-0.9899051189422607,-0.07359237968921661
s21,specialist,80,11,7,0.0,2899.68994140625,35996.63671875,-0.9830358624458313,-0.16177377104759216
s21,specialist,81,11,8,2778.373046875,2999.48046875,33473.8984375,-0.9369150400161743,-0.195806622505188
s21,specialist,82,11,9,485.8069763183594,382.18634033203125,14768.791015625,-0.9725314378738403,-0.05939718335866928
s21,specialist,83,11,10,15.59377384185791,187.47882080078125,9199.005859375,-0.9939802885055542,-0.04437876120209694
s21,specialist,84,12,4,277.8294677734375,1900.107421875,6700.8955078125,-0.9809411764144897,-0.06205308437347412
s21,specialist,85,12,5,0.0,2074.115966796875,4534.19140625,-0.9868773221969604,-0.05759270489215851
s21,specialist,86,12,6,0.0,1480.966796875,36980.640625,-0.9899396896362305,-0.07353799045085907
s21,specialist,87,12,7,0.0,2894.8134765625,35385.9765625,-0.9831032752990723,-0.16024690866470337
s21,specialist,88,12,8,2770.51904296875,2999.31396484375,32882.5703125,-0.9377322196960449,-0.19419251382350922
s21,specialist,89,12,9,477.7486572265625,365.5528564453125,14431.6796875,-0.9730918407440186,-0.0580197274684906
s21,specialist,90,12,10,10.359683990478516,175.91390991210938,9118.330078125,-0.9943453669548035,-0.04350520670413971
s21,specialist,91,13,4,273.6609802246094,1897.0238037109375,6687.87060546875,-0.9809656739234924,-0.062002308666706085
s21,specialist,92,13,5,0.0,2079.4765625,4536.6162109375,-0.9868580102920532,-0.05782591551542282
s21,specialist,93,13,6,0.0,1490.714599609375,37612.3515625,-0.9899409413337708,-0.07388782501220703
s21,specialist,94,13,7,0.0,2898.96240234375,35900.5,-0.9831492900848389,-0.16094572842121124
s21,specialist,95,13,8,2783.141845703125,2999.385009765625,33396.51953125,-0.9373456239700317,-0.19629257917404175
s21,specialist,96,13,9,488.4131774902344,384.3844299316406,14812.9404296875,-0.9723529815673828,-0.06003028526902199
s21,specialist,97,13,10,15.837215423583984,188.51153564453125,9222.2734375,-0.9938631057739258,-0.04468712955713272
s21,specialist,98,14,4,281.6337890625,1903.02734375,6713.7099609375,-0.98091059923172,-0.06221964955329895
s21,specialist,99,14,5,0.0,2076.5751953125,4534.53076171875,-0.9868783950805664,-0.05763036012649536
s21,specialist,100,14,6,0.0,1484.92529296875,35916.921875,-1.0,-0.07080104202032089
