action_1,action_2
1407.2034503295329,420.2571290520589
